root,kind,artifacts
critical,classification,240
critical,report,240
critical,context,1
critical,push_manifest,1
critical,validation,1
deferred,report,233
deferred,push_manifest,113
finalization,finalization_report,234
finalization,push_manifest,1
finalization,report,1
fresh_pr_split,context,2
pr_progress,classification,132
pr_progress,report,132
pr_progress,push_manifest,32
pr_progress,context,1
pr_progress,owner_matrix,1
pr_progress,validation,1
pr_split,context,3006
pr_split,report,365
pr_split,push_manifest,114
pr_split,classification,79
pr_split,branch_audit,73
pr_split,owner_matrix,20
pr_split,finalization_report,14
pr_split,validation,5
