timestamp,message,artifacts,branches
2026-05-29T02:18:19Z,indexed artifacts=4879 branches=26995,4879,26995
2026-05-29T02:21:30Z,indexed artifacts=4881 branches=26999,4881,26999
2026-05-29T02:24:40Z,indexed artifacts=4881 branches=26999,4881,26999
2026-05-29T02:27:50Z,indexed artifacts=4884 branches=26999,4884,26999
2026-05-29T02:31:00Z,indexed artifacts=4888 branches=26999,4888,26999
2026-05-29T02:34:09Z,indexed artifacts=4890 branches=26999,4890,26999
2026-05-29T02:37:18Z,indexed artifacts=4892 branches=26999,4892,26999
2026-05-29T02:40:27Z,indexed artifacts=4894 branches=26999,4894,26999
2026-05-29T02:43:37Z,indexed artifacts=4894 branches=26999,4894,26999
2026-05-29T02:46:47Z,indexed artifacts=4898 branches=26999,4898,26999
2026-05-29T02:49:57Z,indexed artifacts=4902 branches=26999,4902,26999
2026-05-29T02:53:08Z,indexed artifacts=4902 branches=26999,4902,26999
2026-05-29T02:56:18Z,indexed artifacts=4903 branches=27000,4903,27000
2026-05-29T02:59:28Z,indexed artifacts=4907 branches=27000,4907,27000
2026-05-29T03:02:39Z,indexed artifacts=4907 branches=27004,4907,27004
2026-05-29T03:05:48Z,indexed artifacts=4912 branches=27004,4912,27004
2026-05-29T03:08:58Z,indexed artifacts=4914 branches=27004,4914,27004
2026-05-29T03:12:09Z,indexed artifacts=4912 branches=27004,4912,27004
2026-05-29T03:15:19Z,indexed artifacts=4916 branches=27004,4916,27004
2026-05-29T03:18:30Z,indexed artifacts=4918 branches=27004,4918,27004
2026-05-29T03:21:41Z,indexed artifacts=4922 branches=27004,4922,27004
2026-05-29T03:24:51Z,indexed artifacts=4922 branches=27004,4922,27004
2026-05-29T03:28:01Z,indexed artifacts=4924 branches=27004,4924,27004
2026-05-29T03:31:11Z,indexed artifacts=4926 branches=27004,4926,27004
2026-05-29T03:34:21Z,indexed artifacts=4926 branches=27005,4926,27005
2026-05-29T03:37:31Z,indexed artifacts=4929 branches=27006,4929,27006
2026-05-29T03:40:41Z,indexed artifacts=4933 branches=27007,4933,27007
2026-05-29T03:43:51Z,indexed artifacts=4931 branches=27012,4931,27012
2026-05-29T03:47:01Z,indexed artifacts=4933 branches=27014,4933,27014
2026-05-29T03:50:11Z,indexed artifacts=4936 branches=27014,4936,27014
2026-05-29T03:53:21Z,indexed artifacts=4940 branches=27014,4940,27014
2026-05-29T03:56:30Z,indexed artifacts=4942 branches=27014,4942,27014
2026-05-29T03:59:40Z,indexed artifacts=4944 branches=27014,4944,27014
2026-05-29T04:02:49Z,indexed artifacts=4946 branches=27014,4946,27014
2026-05-29T04:05:59Z,indexed artifacts=4948 branches=27014,4948,27014
2026-05-29T04:09:08Z,indexed artifacts=4952 branches=27014,4952,27014
2026-05-29T04:12:18Z,indexed artifacts=4950 branches=27014,4950,27014
2026-05-29T04:15:27Z,indexed artifacts=4954 branches=27014,4954,27014
2026-05-29T04:18:35Z,indexed artifacts=4955 branches=27015,4955,27015
2026-05-29T04:21:44Z,indexed artifacts=4957 branches=27021,4957,27021
2026-05-29T04:24:53Z,indexed artifacts=4959 branches=27021,4959,27021
2026-05-29T04:28:02Z,indexed artifacts=4963 branches=27021,4963,27021
2026-05-29T04:31:11Z,indexed artifacts=4962 branches=27021,4962,27021
2026-05-29T04:34:21Z,indexed artifacts=4964 branches=27021,4964,27021
2026-05-29T04:37:30Z,indexed artifacts=4970 branches=27021,4970,27021
2026-05-29T04:40:41Z,indexed artifacts=4970 branches=27021,4970,27021
2026-05-29T04:43:51Z,indexed artifacts=4972 branches=27021,4972,27021
2026-05-29T04:47:00Z,indexed artifacts=4974 branches=27021,4974,27021
2026-05-29T04:50:09Z,indexed artifacts=4978 branches=27021,4978,27021
2026-05-29T04:53:19Z,indexed artifacts=4978 branches=27021,4978,27021
2026-05-29T04:56:30Z,indexed artifacts=4981 branches=27022,4981,27022
2026-05-29T04:59:39Z,indexed artifacts=4983 branches=27027,4983,27027
2026-05-29T05:02:49Z,indexed artifacts=4983 branches=27028,4983,27028
2026-05-29T05:05:58Z,indexed artifacts=4988 branches=27028,4988,27028
2026-05-29T05:09:08Z,indexed artifacts=4990 branches=27028,4990,27028
2026-05-29T05:12:17Z,indexed artifacts=4990 branches=27028,4990,27028
2026-05-29T05:15:27Z,indexed artifacts=4992 branches=27028,4992,27028
2026-05-29T05:18:37Z,indexed artifacts=4996 branches=27028,4996,27028
2026-05-29T05:21:47Z,indexed artifacts=4996 branches=27028,4996,27028
2026-05-29T05:24:57Z,indexed artifacts=5000 branches=27028,5000,27028
2026-05-29T05:28:07Z,indexed artifacts=5002 branches=27028,5002,27028
2026-05-29T05:31:17Z,indexed artifacts=5004 branches=27028,5004,27028
2026-05-29T05:34:28Z,indexed artifacts=5004 branches=27028,5004,27028
2026-05-29T05:37:38Z,indexed artifacts=5007 branches=27029,5007,27029
2026-05-29T05:40:49Z,indexed artifacts=5009 branches=27029,5009,27029
2026-05-29T05:43:59Z,indexed artifacts=5009 branches=27035,5009,27035
2026-05-29T05:47:09Z,indexed artifacts=5013 branches=27035,5013,27035
2026-05-29T05:50:20Z,indexed artifacts=5015 branches=27035,5015,27035
2026-05-29T05:53:29Z,indexed artifacts=5016 branches=27035,5016,27035
2026-05-29T05:56:40Z,indexed artifacts=5020 branches=27035,5020,27035
2026-05-29T05:59:49Z,indexed artifacts=5022 branches=27035,5022,27035
2026-05-29T06:02:59Z,indexed artifacts=5022 branches=27035,5022,27035
2026-05-29T06:06:10Z,indexed artifacts=5024 branches=27035,5024,27035
2026-05-29T06:09:19Z,indexed artifacts=5028 branches=27035,5028,27035
2026-05-29T06:12:28Z,indexed artifacts=5030 branches=27035,5030,27035
2026-05-29T06:15:37Z,indexed artifacts=5032 branches=27035,5032,27035
2026-05-29T06:18:46Z,indexed artifacts=5033 branches=27036,5033,27036
2026-05-29T06:21:55Z,indexed artifacts=5035 branches=27042,5035,27042
2026-05-29T06:25:04Z,indexed artifacts=5035 branches=27042,5035,27042
2026-05-29T06:28:13Z,indexed artifacts=5039 branches=27042,5039,27042
