id,label,count,target,met,groups,rationale,harnessAfter,countSource,source,sourceGoalId,progress,goal_family
block:core/template-part,async/server block core/template-part,0,20,FALSE,novelty-ws-async-server-blocks,async REST-backed and server-rendered blocks need dedicated coverage,80,,NA,NA,0,block coverage
success-profile:collaboration-ui-signals,successful collaboration-ui-signals records,0,25,FALSE,novelty-ws-collaboration-ui-signals,"presence, cursor, and selection coverage needs completed browser records",100,,NA,NA,0,successful profiles
history:remote-selection-cursor:ok,remote selection and cursor visible,2,25,FALSE,"novelty-ws-collaboration-ui-signals,novelty-ws-many-user-lifecycle-completion,novelty-ws-many-user-lifecycle",selection and cursor state can fail while content convergence still passes,100,,NA,NA,0.08,other
auto-ratchet:action:ui-undo-redo-paragraph:target-1000,action ui-undo-redo-paragraph next coverage tier,527,1000,FALSE,"novelty-ws-real-user-save-reload,novelty-ws-real-user-editing,novelty-ws-real-user-rich-text",auto-expanded after the previous goal was met; every fuzz action should be exercised by a live lane,4000,,ratchet,action:ui-undo-redo-paragraph,0.527,other
auto-ratchet:success-users:2:target-2000,successful two-user documents next coverage tier,1158,2000,FALSE,"novelty-ws-structure,novelty-ws-real-user-editing,novelty-ws-same-user-lifecycle","auto-expanded after the previous goal was met; two-user coverage must be successful completed documents, not only attempted sessions",8000,,ratchet,success-users:2,0.579,other
auto-ratchet:action:ui-type-title:target-2000,action ui-type-title next coverage tier,1203,2000,FALSE,"novelty-ws-real-user-save-reload,novelty-ws-real-user-editing,novelty-ws-real-user-rich-text",auto-expanded after the previous goal was met; every fuzz action should be exercised by a live lane,8000,,ratchet,action:ui-type-title,0.6015,other
auto-ratchet:action:ui-heading-shortcut:target-500,action ui-heading-shortcut next coverage tier,334,500,FALSE,"novelty-ws-real-user-save-reload,novelty-ws-real-user-editing,novelty-ws-real-user-rich-text",auto-expanded after the previous goal was met; every fuzz action should be exercised by a live lane,2000,,ratchet,action:ui-heading-shortcut,0.668,other
auto-ratchet:cdp-coverage-records:target-5000,CDP coverage records next coverage tier,3483,5000,FALSE,"novelty-ws-common-blocks,novelty-ws-block-gauntlet,novelty-ws-parser-transform,novelty-ws-real-user-save-reload,novelty-ws-real-user-editing,novelty-ws-real-user-rich-text,novelty-ws-async-server-blocks,novelty-ws-media-cross-entity,novelty-ws-long-session-large-doc,novelty-http-large-post-readiness,novelty-http-large-post-lifecycle,novelty-http-large-post-lifecycle-completion",auto-expanded after the previous goal was met; code coverage should confirm browser paths are changing,20000,,ratchet,cdp-coverage-records,0.6966,code coverage
auto-ratchet:action:ui-format-paragraph:target-500,action ui-format-paragraph next coverage tier,362,500,FALSE,"novelty-ws-real-user-save-reload,novelty-ws-real-user-editing,novelty-ws-real-user-rich-text",auto-expanded after the previous goal was met; every fuzz action should be exercised by a live lane,2000,,ratchet,action:ui-format-paragraph,0.724,other
auto-ratchet:action:ui-type-paragraph:target-2000,action ui-type-paragraph next coverage tier,1567,2000,FALSE,"novelty-ws-real-user-save-reload,novelty-ws-real-user-editing",auto-expanded after the previous goal was met; every fuzz action should be exercised by a live lane,8000,,ratchet,action:ui-type-paragraph,0.7835,other
auto-ratchet:action:reload-post-action:target-500,action reload-post-action next coverage tier,410,500,FALSE,"novelty-ws-real-user-save-reload,novelty-ws-real-user-editing,novelty-ws-real-user-rich-text",auto-expanded after the previous goal was met; every fuzz action should be exercised by a live lane,2000,,ratchet,action:reload-post-action,0.82,lifecycle/scale
auto-ratchet:success-action-users:2:target-2000,successful documents edited by two users next coverage tier,1646,2000,FALSE,"novelty-ws-structure,novelty-ws-real-user-editing,novelty-ws-real-user-rich-text","auto-expanded after the previous goal was met; multi-user documents should include edits by multiple users, not a passive observer",8000,,ratchet,success-action-users:2,0.823,other
auto-ratchet:success-profile:real-user-editing:target-1000,successful real-user-editing records next coverage tier,836,1000,FALSE,"novelty-ws-real-user-save-reload,novelty-ws-real-user-editing,novelty-ws-real-user-rich-text","auto-expanded after the previous goal was met; real UI editing needs completed records, not just startup attempts",4000,,ratchet,success-profile:real-user-editing,0.836,other
auto-ratchet:real-user-template:title-save-reload:target-1000,real-user title save/reload next coverage tier,892,1000,FALSE,"novelty-ws-real-user-save-reload,novelty-ws-real-user-editing,novelty-ws-real-user-rich-text,novelty-http-large-post-readiness,novelty-http-large-post-lifecycle,novelty-http-large-post-lifecycle-completion",auto-expanded after the previous goal was met; title typing can diverge from block body sync,4000,,ratchet,real-user-template:title-save-reload,0.892,lifecycle/scale
auto-ratchet:real-user-template:body-save-reload:target-1000,real-user body save/reload next coverage tier,896,1000,FALSE,"novelty-ws-real-user-save-reload,novelty-ws-real-user-editing,novelty-ws-real-user-rich-text,novelty-http-large-post-readiness,novelty-http-large-post-lifecycle,novelty-http-large-post-lifecycle-completion",auto-expanded after the previous goal was met; UI typing coverage must include save/reload flow,4000,,ratchet,real-user-template:body-save-reload,0.896,lifecycle/scale
success-profile-users:three-user-late-join:3,successful three-user late-join records,25,25,TRUE,novelty-ws-three-user-late-join,late-join should reach and complete a real three-user document,100,,NA,NA,1,lifecycle/scale
success-users:30,successful thirty-user documents,4,3,TRUE,novelty-ws-thirty-user-lifecycle,"thirty-user RTC coverage must reach a completed document with all users, not just launch many browsers",12,,NA,NA,1.3333333333333333,other
success-lifecycle:late-join:users-30,successful thirty-user late join documents,4,3,TRUE,novelty-ws-thirty-user-lifecycle,thirty-user RTC needs successful late joins after editing has started,12,,NA,NA,1.3333333333333333,lifecycle/scale
success-profile-users:many-user-lifecycle:30,successful many-user lifecycle records with thirty users,4,3,TRUE,novelty-ws-thirty-user-lifecycle,"the thirty-user target should count successful thirty-user records, not generic many-user attempts",12,,NA,NA,1.3333333333333333,lifecycle/scale
success-profile:parser-serialization,successful parser-serialization records,88,50,TRUE,novelty-ws-parser-serialization,parser serialization needs completed records to prove load/save stability,200,,NA,NA,1.76,successful profiles
success-users:12,successful twelve-user documents,19,10,TRUE,"novelty-ws-many-user-lifecycle-completion,novelty-ws-many-user-lifecycle","many-user coverage must reach a completed document with all users, not just launch many browsers",40,,NA,NA,1.9,other
success-lifecycle:late-join:users-12,successful twelve-user late join documents,19,10,TRUE,"novelty-ws-many-user-lifecycle-completion,novelty-ws-many-user-lifecycle",many-user RTC needs successful late joins after editing has started,40,,NA,NA,1.9,lifecycle/scale
success-profile-users:many-user-lifecycle:12,successful many-user lifecycle records with twelve users,19,10,TRUE,"novelty-ws-many-user-lifecycle-completion,novelty-ws-many-user-lifecycle","the many-user target should count successful twelve-user records, not generic users:12 attempts",40,,NA,NA,1.9,lifecycle/scale
autosave-count:4,remote and local autosave checkpoints,84,25,TRUE,novelty-ws-revision-recovery,autosave and post-recovery state need explicit save/reload/revision coverage,100,,NA,NA,3.36,persistence/revision
history:publish-ui-readiness:ok,publish UI readiness oracle,37,10,TRUE,"novelty-http-large-post-readiness,novelty-http-large-post-lifecycle,novelty-http-large-post-lifecycle-completion",the large-post HTTP lane must observe the publish control becoming available instead of only checking persisted REST state,40,,NA,NA,3.7,other
success-profile:multi-reload-lifecycle,successful multi-reload-lifecycle records,197,50,TRUE,novelty-ws-multi-reload-lifecycle,multi-reload lifecycle coverage is only useful when the seed completes,200,,NA,NA,3.94,successful profiles
block:core/html,gauntlet block core/html,83,20,TRUE,novelty-ws-block-gauntlet,less common block types need dedicated coverage,80,,NA,NA,4.15,block coverage
block:core/social-link,gauntlet block core/social-link,94,20,TRUE,novelty-ws-block-gauntlet,less common block types need dedicated coverage,80,,NA,NA,4.7,block coverage
success-profile:media-cross-entity,successful media-cross-entity records,121,25,TRUE,novelty-ws-media-cross-entity,media and cross-entity coverage needs successful end-to-end runs,100,,NA,NA,4.84,successful profiles
block:core/shortcode,gauntlet block core/shortcode,98,20,TRUE,novelty-ws-block-gauntlet,less common block types need dedicated coverage,80,,NA,NA,4.9,block coverage
block:core/social-links,gauntlet block core/social-links,99,20,TRUE,novelty-ws-block-gauntlet,less common block types need dedicated coverage,80,,NA,NA,4.95,block coverage
success-profile-users:large-post-three-user-http-lifecycle:3,successful large-post HTTP records with three users,50,10,TRUE,"novelty-http-large-post-readiness,novelty-http-large-post-lifecycle,novelty-http-large-post-lifecycle-completion","the large-post HTTP target needs HTTP, three users, lifecycle, persistence, and successful completion in the same record",40,,NA,NA,5,lifecycle/scale
block:core/more,gauntlet block core/more,109,20,TRUE,novelty-ws-block-gauntlet,less common block types need dedicated coverage,80,,NA,NA,5.45,block coverage
collaborator-mode:same-user,same-user two-tab mode,945,150,TRUE,"novelty-ws-same-user-lifecycle,novelty-ws-same-user-stale-tabs,novelty-http-same-user-stale-draft",same-user tabs have different identity semantics,600,,NA,NA,6.3,lifecycle/scale
success-profile:many-user-lifecycle,successful many-user-lifecycle records,71,10,TRUE,"novelty-ws-many-user-lifecycle-completion,novelty-ws-many-user-lifecycle","many-user RTC coverage needs completed seeds, not only startup or discovery failures",40,,NA,NA,7.1,successful profiles
users:30,thirty-user browser session,22,3,TRUE,novelty-ws-thirty-user-lifecycle,"RTC can support much larger rooms than three or twelve users, so the fuzzer needs explicit thirty-user document coverage",12,,NA,NA,7.333333333333333,other
lifecycle:late-join:users-30,thirty-user late join,22,3,TRUE,novelty-ws-thirty-user-lifecycle,"large RTC rooms need a real late join after editing has started, not only all users present at startup",12,,NA,NA,7.333333333333333,lifecycle/scale
revision-eligible:true,revision restore eligible,3713,500,TRUE,"novelty-ws-revision-persistence,novelty-ws-revision-recovery",revision restore must remain in the fuzz envelope,2000,,NA,NA,7.426,persistence/revision
block:core/details,gauntlet block core/details,151,20,TRUE,novelty-ws-block-gauntlet,less common block types need dedicated coverage,80,,NA,NA,7.55,block coverage
success-profile:table-stale-snapshot-http,successful table-stale-snapshot-http records,80,10,TRUE,novelty-http-table-stale-snapshot,"table stale-snapshot coverage needs completed HTTP seeds, not only parser/table attribute mutations",40,,NA,NA,8,successful profiles
action:edit-rich-text-pair-block,action edit-rich-text-pair-block,81,10,TRUE,novelty-ws-parser-serialization,every fuzz action should be exercised by a live lane,50,,NA,NA,8.1,action coverage
action:edit-formatted-paragraph-at-cursor,action edit-formatted-paragraph-at-cursor,103,10,TRUE,novelty-ws-parser-serialization,every fuzz action should be exercised by a live lane,50,,NA,NA,10.3,action coverage
local-autosave:true,local post recovery autosave,259,25,TRUE,novelty-ws-revision-recovery,local autosave recovery can diverge from remote save and revision state,100,,NA,NA,10.36,persistence/revision
success-profile:real-user-editing,successful real-user-editing records,836,80,TRUE,"novelty-ws-real-user-save-reload,novelty-ws-real-user-editing,novelty-ws-real-user-rich-text","real UI editing needs completed records, not just startup attempts",320,,NA,NA,10.45,successful profiles
action:move-list-item,action move-list-item,105,10,TRUE,novelty-http-list-move-refresh,every fuzz action should be exercised by a live lane,50,,NA,NA,10.5,action coverage
block:core/column,common block core/column,266,25,TRUE,novelty-ws-common-blocks,common block coverage should not depend on chance,100,,NA,NA,10.64,block coverage
block:core/columns,common block core/columns,266,25,TRUE,novelty-ws-common-blocks,common block coverage should not depend on chance,100,,NA,NA,10.64,block coverage
success-user-blocks:3:50,successful three-user large documents,55,5,TRUE,"novelty-http-large-post-readiness,novelty-http-large-post-lifecycle,novelty-http-large-post-lifecycle-completion,novelty-ws-long-session-large-doc",large documents and multi-user sessions need to be combined in the same successful document,20,,NA,NA,11,other
fault:fail:403,permission denied sync failure,112,10,TRUE,novelty-ws-permissions-auth-locks,post locking and auth changes should not silently corrupt state,40,,NA,NA,11.2,fault coverage
users:12,many-user browser session,113,10,TRUE,"novelty-ws-many-user-lifecycle-completion,novelty-ws-many-user-lifecycle",three users is not enough to cover high-participant awareness and save/reload behavior,40,,NA,NA,11.3,other
lifecycle:late-join:users-12,many-user late join,113,10,TRUE,"novelty-ws-many-user-lifecycle-completion,novelty-ws-many-user-lifecycle",many-user RTC sessions need a real late join after editing has started,40,,NA,NA,11.3,lifecycle/scale
success-users:2,successful two-user documents,1158,100,TRUE,"novelty-ws-structure,novelty-ws-real-user-editing,novelty-ws-same-user-lifecycle","two-user coverage must be successful completed documents, not only attempted sessions",400,,NA,NA,11.58,other
success-profile:large-post-three-user-http-lifecycle,successful large-post-three-user-http-lifecycle records,118,10,TRUE,"novelty-http-large-post-readiness,novelty-http-large-post-lifecycle,novelty-http-large-post-lifecycle-completion",the combined large-post HTTP lifecycle gate needs completed records,40,,NA,NA,11.8,successful profiles
lifecycle:late-join:users-3,three-user late join,3716,300,TRUE,novelty-ws-three-user-late-join,late-join bugs need explicit multi-user coverage,1200,,NA,NA,12.386666666666667,lifecycle/scale
block:core/gallery,gauntlet block core/gallery,255,20,TRUE,novelty-ws-block-gauntlet,less common block types need dedicated coverage,80,,NA,NA,12.75,block coverage
block:core/file,gauntlet block core/file,287,20,TRUE,novelty-ws-block-gauntlet,less common block types need dedicated coverage,80,,NA,NA,14.35,block coverage
reload-count:2,multi reload,1468,100,TRUE,novelty-ws-multi-reload-lifecycle,multiple reloads exercise repeated teardown/rejoin,400,,NA,NA,14.68,lifecycle/scale
action:ui-cut-copy-paragraph,action ui-cut-copy-paragraph,148,10,TRUE,novelty-ws-real-user-rich-text,every fuzz action should be exercised by a live lane,50,,NA,NA,14.8,action coverage
block:core/query,async/server block core/query,309,20,TRUE,novelty-ws-async-server-blocks,async REST-backed and server-rendered blocks need dedicated coverage,80,,NA,NA,15.45,block coverage
fault:fail:401,auth expired sync failure,156,10,TRUE,novelty-ws-permissions-auth-locks,session expiry and nonce failures should be covered explicitly,40,,NA,NA,15.6,fault coverage
block:core/calendar,async/server block core/calendar,315,20,TRUE,novelty-ws-async-server-blocks,async REST-backed and server-rendered blocks need dedicated coverage,80,,NA,NA,15.75,block coverage
history:table-stale-snapshot:ok,table stale snapshot oracle,158,10,TRUE,novelty-http-table-stale-snapshot,the fuzz lane must prove both the stale local cell edit and remote inserted row converge,40,,NA,NA,15.8,other
block:core/categories,async/server block core/categories,323,20,TRUE,novelty-ws-async-server-blocks,async REST-backed and server-rendered blocks need dedicated coverage,80,,NA,NA,16.15,block coverage
action:table-stale-snapshot-html,action table-stale-snapshot-html,166,10,TRUE,novelty-http-table-stale-snapshot,every fuzz action should be exercised by a live lane,50,,NA,NA,16.6,action coverage
block:core/latest-posts,async/server block core/latest-posts,333,20,TRUE,novelty-ws-async-server-blocks,async REST-backed and server-rendered blocks need dedicated coverage,80,,NA,NA,16.65,block coverage
block:core/media-text,gauntlet block core/media-text,343,20,TRUE,novelty-ws-block-gauntlet,less common block types need dedicated coverage,80,,NA,NA,17.15,block coverage
block:core/embed,async/server block core/embed,349,20,TRUE,novelty-ws-async-server-blocks,async REST-backed and server-rendered blocks need dedicated coverage,80,,NA,NA,17.45,block coverage
success-collaborator-mode:same-user,successful same-user tab documents,458,25,TRUE,"novelty-ws-same-user-lifecycle,novelty-ws-same-user-stale-tabs,novelty-http-same-user-stale-draft","same-user tabs need successful completion because storage, locks, awareness, and save authority can diverge",100,,NA,NA,18.32,lifecycle/scale
action:append-parser-stress-content,action append-parser-stress-content,195,10,TRUE,novelty-ws-parser-transform,every fuzz action should be exercised by a live lane,50,,NA,NA,19.5,action coverage
history:final-ui-witness-sweep:ok,final UI witness sweep,196,10,TRUE,"novelty-http-large-post-readiness,novelty-http-large-post-lifecycle,novelty-http-large-post-lifecycle-completion",every participant needs a marker-producing UI operation immediately before final persistence,40,,NA,NA,19.6,other
history:presence-list:ok,presence list visible,497,25,TRUE,"novelty-ws-collaboration-ui-signals,novelty-ws-many-user-lifecycle-completion,novelty-ws-many-user-lifecycle","presence UI is user-visible RTC correctness, not just transport convergence",100,,NA,NA,19.88,other
success-users:3,successful three-user documents,541,25,TRUE,"novelty-ws-three-user-late-join,novelty-http-large-post-readiness,novelty-http-large-post-lifecycle,novelty-http-large-post-lifecycle-completion",three-user RTC coverage needs completed same-document records because identity and awareness bugs hide behind startup attempts,100,,NA,NA,21.64,other
transport-profile:http:table-stale-snapshot-http,table stale snapshot over HTTP,223,10,TRUE,novelty-http-table-stale-snapshot,"table stale-snapshot misses require stale serialized HTML, a remote row insert, HTTP transport, and convergence in one gate",40,,NA,NA,22.3,other
step-count:48,long session,585,25,TRUE,novelty-ws-long-session-large-doc,long operation sequences catch stale snapshots and delayed persistence bugs,100,,NA,NA,23.4,lifecycle/scale
history:final-persistence-publish:ok,publish persistence oracle,262,10,TRUE,"novelty-http-large-post-readiness,novelty-http-large-post-lifecycle,novelty-http-large-post-lifecycle-completion",publish coverage must include REST status/content and fresh reload witnesses,40,,NA,NA,26.2,other
media-cross-entity:media-upload,real media upload,270,10,TRUE,novelty-ws-media-cross-entity,"media coverage should exercise attachment creation, not only synthetic URLs",40,,NA,NA,27,media/cross-entity
action:insert-media-cross-entity-block,action insert-media-cross-entity-block,272,10,TRUE,novelty-ws-media-cross-entity,every fuzz action should be exercised by a live lane,50,,NA,NA,27.2,action coverage
action:ui-table-cell-edit,action ui-table-cell-edit,274,10,TRUE,novelty-ws-real-user-rich-text,every fuzz action should be exercised by a live lane,50,,NA,NA,27.4,action coverage
block:core/block,async/server block core/block,550,20,TRUE,novelty-ws-async-server-blocks,async REST-backed and server-rendered blocks need dedicated coverage,80,,NA,NA,27.5,block coverage
success-action-users:2,successful documents edited by two users,1646,50,TRUE,"novelty-ws-structure,novelty-ws-real-user-editing,novelty-ws-real-user-rich-text","multi-user documents should include edits by multiple users, not a passive observer",200,,NA,NA,32.92,other
block:core/button,common block core/button,827,25,TRUE,novelty-ws-common-blocks,common block coverage should not depend on chance,100,,NA,NA,33.08,block coverage
block:core/buttons,common block core/buttons,827,25,TRUE,novelty-ws-common-blocks,common block coverage should not depend on chance,100,,NA,NA,33.08,block coverage
action:ui-heading-shortcut,action ui-heading-shortcut,334,10,TRUE,"novelty-ws-real-user-save-reload,novelty-ws-real-user-editing,novelty-ws-real-user-rich-text",every fuzz action should be exercised by a live lane,50,,NA,NA,33.4,action coverage
media-cross-entity-block:core/block,uploaded/cross-entity block core/block,167,5,TRUE,novelty-ws-media-cross-entity,media and reusable-block coverage must include real REST-created entities,50,,NA,NA,33.4,media/cross-entity
media-cross-entity-block:core/file,uploaded/cross-entity block core/file,170,5,TRUE,novelty-ws-media-cross-entity,media and reusable-block coverage must include real REST-created entities,50,,NA,NA,34,media/cross-entity
auth-session-expiry-probe:true,auth/session expiry probe,852,25,TRUE,novelty-ws-permissions-auth-locks,auth changes and nonce expiry must stay in the fuzz envelope,100,,NA,NA,34.08,auth/locks
collaborator-role:contributor,limited permission collaborator,852,25,TRUE,novelty-ws-permissions-auth-locks,permissions and lock behavior differ for non-admin collaborators,100,,NA,NA,34.08,auth/locks
media-cross-entity-block:core/media-text,uploaded/cross-entity block core/media-text,173,5,TRUE,novelty-ws-media-cross-entity,media and reusable-block coverage must include real REST-created entities,50,,NA,NA,34.6,media/cross-entity
initial:deprecated-block-content,initial content deprecated-block-content,894,25,TRUE,novelty-ws-parser-transform,parser transform seeds need all parser-stress initial shapes,100,,NA,NA,35.76,parser seeds
action:ui-format-paragraph,action ui-format-paragraph,362,10,TRUE,"novelty-ws-real-user-save-reload,novelty-ws-real-user-editing,novelty-ws-real-user-rich-text",every fuzz action should be exercised by a live lane,50,,NA,NA,36.2,action coverage
media-cross-entity-block:core/gallery,uploaded/cross-entity block core/gallery,182,5,TRUE,novelty-ws-media-cross-entity,media and reusable-block coverage must include real REST-created entities,50,,NA,NA,36.4,media/cross-entity
initial:equivalent-html-content,initial content equivalent-html-content,921,25,TRUE,novelty-ws-parser-transform,parser transform seeds need all parser-stress initial shapes,100,,NA,NA,36.84,parser seeds
action:reparse-edited-content,action reparse-edited-content,377,10,TRUE,novelty-ws-parser-transform,every fuzz action should be exercised by a live lane,50,,NA,NA,37.7,action coverage
block:core/spacer,gauntlet block core/spacer,756,20,TRUE,novelty-ws-block-gauntlet,less common block types need dedicated coverage,80,,NA,NA,37.8,block coverage
action:edit-common-block-attributes,action edit-common-block-attributes,390,10,TRUE,novelty-ws-common-blocks,every fuzz action should be exercised by a live lane,50,,NA,NA,39,action coverage
initial:freeform-parser-content,initial content freeform-parser-content,978,25,TRUE,novelty-ws-parser-transform,parser transform seeds need all parser-stress initial shapes,100,,NA,NA,39.12,parser seeds
initial:html-entity-reference,initial content html-entity-reference,985,25,TRUE,novelty-ws-parser-transform,parser transform seeds need all parser-stress initial shapes,100,,NA,NA,39.4,parser seeds
initial:validation-fix-content,initial content validation-fix-content,1014,25,TRUE,novelty-ws-parser-transform,parser transform seeds need all parser-stress initial shapes,100,,NA,NA,40.56,parser seeds
action:reload-post-action,action reload-post-action,410,10,TRUE,"novelty-ws-real-user-save-reload,novelty-ws-real-user-editing,novelty-ws-real-user-rich-text",every fuzz action should be exercised by a live lane,50,,NA,NA,41,action coverage
success-action-users:3,successful documents edited by three users,449,10,TRUE,"novelty-ws-three-user-late-join,novelty-ws-many-user-lifecycle-completion,novelty-ws-many-user-lifecycle",three-user coverage should prove edits from at least three participants converge,40,,NA,NA,44.9,other
action:assert-presence-list,action assert-presence-list,497,10,TRUE,"novelty-ws-collaboration-ui-signals,novelty-ws-many-user-lifecycle,novelty-ws-many-user-lifecycle-completion",every fuzz action should be exercised by a live lane,50,,NA,NA,49.7,action coverage
media-cross-entity-block:core/image,uploaded/cross-entity block core/image,249,5,TRUE,novelty-ws-media-cross-entity,media and reusable-block coverage must include real REST-created entities,50,,NA,NA,49.8,media/cross-entity
large-document:blocks-50,large document,1249,25,TRUE,"novelty-ws-long-session-large-doc,novelty-http-large-post-readiness,novelty-http-large-post-lifecycle,novelty-http-large-post-lifecycle-completion","large documents exercise Yjs growth, undo stacks, and block identity drift",100,,NA,NA,49.96,lifecycle/scale
reload-count:3,same-user stale/reloaded tabs,2530,50,TRUE,"novelty-ws-same-user-stale-tabs,novelty-http-same-user-stale-draft",stale tabs and repeated reloads exercise awareness and save authority,200,,NA,NA,50.6,lifecycle/scale
action:ui-undo-redo-paragraph,action ui-undo-redo-paragraph,527,10,TRUE,"novelty-ws-real-user-save-reload,novelty-ws-real-user-editing,novelty-ws-real-user-rich-text",every fuzz action should be exercised by a live lane,50,,NA,NA,52.7,action coverage
media-cross-entity:reusable-block,real reusable block entity,270,5,TRUE,novelty-ws-media-cross-entity,reusable/synced block coverage should exercise a real cross-entity reference,20,,NA,NA,54,media/cross-entity
action:insert-common-block,action insert-common-block,548,10,TRUE,novelty-ws-common-blocks,every fuzz action should be exercised by a live lane,50,,NA,NA,54.8,action coverage
action:insert-block-gauntlet-block,action insert-block-gauntlet-block,673,10,TRUE,novelty-ws-block-gauntlet,every fuzz action should be exercised by a live lane,50,,NA,NA,67.3,action coverage
action:assert-selection-cursor,action assert-selection-cursor,706,10,TRUE,"novelty-ws-collaboration-ui-signals,novelty-ws-many-user-lifecycle,novelty-ws-many-user-lifecycle-completion",every fuzz action should be exercised by a live lane,50,,NA,NA,70.6,action coverage
block:core/separator,gauntlet block core/separator,1468,20,TRUE,novelty-ws-block-gauntlet,less common block types need dedicated coverage,80,,NA,NA,73.4,block coverage
revision-restored:true,revision restored through browser UI,2053,25,TRUE,novelty-ws-revision-recovery,"revision restore has to actually execute, not just be eligible",100,,NA,NA,82.12,persistence/revision
reload-count:1,single reload,4362,50,TRUE,novelty-ws-lifecycle,reload coverage catches lifecycle rejoin regressions,200,,NA,NA,87.24,lifecycle/scale
action:ui-composition-paragraph,action ui-composition-paragraph,881,10,TRUE,novelty-ws-real-user-rich-text,every fuzz action should be exercised by a live lane,50,,NA,NA,88.1,action coverage
save-count:1,save checkpoint,4406,50,TRUE,"novelty-ws-persistence-no-title,novelty-ws-revision-persistence",save checkpoint coverage catches persistence gaps,200,,NA,NA,88.12,persistence/revision
block:core/image,common block core/image,2267,25,TRUE,novelty-ws-common-blocks,common block coverage should not depend on chance,100,,NA,NA,90.68,block coverage
action:delete-nested-block,action delete-nested-block,988,10,TRUE,novelty-ws-structure,every fuzz action should be exercised by a live lane,50,,NA,NA,98.8,action coverage
action:move-block-into-group,action move-block-into-group,1004,10,TRUE,novelty-ws-structure,every fuzz action should be exercised by a live lane,50,,NA,NA,100.4,action coverage
action:edit-block-gauntlet-attributes,action edit-block-gauntlet-attributes,1022,10,TRUE,novelty-ws-block-gauntlet,every fuzz action should be exercised by a live lane,50,,NA,NA,102.2,action coverage
action:insert-async-server-block,action insert-async-server-block,1046,10,TRUE,novelty-ws-async-server-blocks,every fuzz action should be exercised by a live lane,50,,NA,NA,104.6,action coverage
action:ui-link-paragraph,action ui-link-paragraph,1076,10,TRUE,novelty-ws-real-user-rich-text,every fuzz action should be exercised by a live lane,50,,NA,NA,107.6,action coverage
action:ui-paste-paragraph,action ui-paste-paragraph,1123,10,TRUE,novelty-ws-real-user-rich-text,every fuzz action should be exercised by a live lane,50,,NA,NA,112.3,action coverage
action:ui-list-indent,action ui-list-indent,1133,10,TRUE,"novelty-ws-real-user-rich-text,novelty-http-list-move-refresh",every fuzz action should be exercised by a live lane,50,,NA,NA,113.3,action coverage
action:ui-type-title,action ui-type-title,1203,10,TRUE,"novelty-ws-real-user-save-reload,novelty-ws-real-user-editing,novelty-ws-real-user-rich-text",every fuzz action should be exercised by a live lane,50,,NA,NA,120.3,action coverage
transport-profile:http:large-post-three-user-http-lifecycle,large post three-user HTTP lifecycle,1204,10,TRUE,"novelty-http-large-post-readiness,novelty-http-large-post-lifecycle,novelty-http-large-post-lifecycle-completion","the large-post miss requires HTTP, three users, large content, lifecycle, and persistence in one gate",40,,NA,NA,120.4,lifecycle/scale
fault:delay:delay,delayed sync fault,6778,50,TRUE,novelty-ws-structure,delay faults exercise retry and convergence paths,200,,NA,NA,135.56,fault coverage
transport-profile:http:session-lifecycle,HTTP title reload lifecycle,1375,10,TRUE,novelty-http-title-reload-convergence,title reload convergence over HTTP polling is not covered by equivalent WebSocket title reload rows,40,,NA,NA,137.5,lifecycle/scale
cdp-coverage-records,CDP coverage records,3483,25,TRUE,"novelty-ws-common-blocks,novelty-ws-block-gauntlet,novelty-ws-parser-transform,novelty-ws-real-user-save-reload,novelty-ws-real-user-editing,novelty-ws-real-user-rich-text,novelty-ws-async-server-blocks,novelty-ws-media-cross-entity,novelty-ws-long-session-large-doc,novelty-http-large-post-readiness,novelty-http-large-post-lifecycle,novelty-http-large-post-lifecycle-completion",code coverage should confirm browser paths are changing,100,,NA,NA,139.32,code coverage
action:ui-type-paragraph,action ui-type-paragraph,1567,10,TRUE,"novelty-ws-real-user-save-reload,novelty-ws-real-user-editing",every fuzz action should be exercised by a live lane,50,,NA,NA,156.7,action coverage
action:ui-toolbar-format-paragraph,action ui-toolbar-format-paragraph,1596,10,TRUE,novelty-ws-real-user-rich-text,every fuzz action should be exercised by a live lane,50,,NA,NA,159.6,action coverage
block:core/quote,gauntlet block core/quote,3307,20,TRUE,novelty-ws-block-gauntlet,less common block types need dedicated coverage,80,,NA,NA,165.35,block coverage
action:edit-nested-paragraph,action edit-nested-paragraph,1670,10,TRUE,novelty-ws-structure,every fuzz action should be exercised by a live lane,50,,NA,NA,167,action coverage
action:insert-nested-group,action insert-nested-group,1710,10,TRUE,novelty-ws-structure,every fuzz action should be exercised by a live lane,50,,NA,NA,171,action coverage
action:edit-title,action edit-title,1713,10,TRUE,novelty-ws-lifecycle,every fuzz action should be exercised by a live lane,50,,NA,NA,171.3,action coverage
real-user-template:title-save-reload,real-user title save/reload,892,5,TRUE,"novelty-ws-real-user-save-reload,novelty-ws-real-user-editing,novelty-ws-real-user-rich-text,novelty-http-large-post-readiness,novelty-http-large-post-lifecycle,novelty-http-large-post-lifecycle-completion",title typing can diverge from block body sync,20,,NA,NA,178.4,real-user UI
real-user-template:body-save-reload,real-user body save/reload,896,5,TRUE,"novelty-ws-real-user-save-reload,novelty-ws-real-user-editing,novelty-ws-real-user-rich-text,novelty-http-large-post-readiness,novelty-http-large-post-lifecycle,novelty-http-large-post-lifecycle-completion",UI typing coverage must include save/reload flow,20,,NA,NA,179.2,real-user UI
transport-profile:http:persistence-no-title,HTTP existing-post CRDT metadata,1801,10,TRUE,novelty-http-existing-post-crdt-metadata,loading an existing post without CRDT metadata must create and persist a non-empty CRDT document before reload checks are trusted,40,,NA,NA,180.1,other
real-user-template:rich-text-editing,real-user rich text editing,971,5,TRUE,novelty-ws-real-user-rich-text,"paste, link, list, composition, toolbar, and cut/copy paths need real UI coverage",20,,NA,NA,194.2,real-user UI
action:insert-paragraph,action insert-paragraph,2380,10,TRUE,novelty-ws-structure,every fuzz action should be exercised by a live lane,50,,NA,NA,238,action coverage
action:delete-block,action delete-block,2396,10,TRUE,novelty-ws-structure,every fuzz action should be exercised by a live lane,50,,NA,NA,239.6,action coverage
fault:fail:429,HTTP 429 sync failure,2621,10,TRUE,novelty-ws-structure,retriable sync failures should stay covered,40,,NA,NA,262.1,fault coverage
action:edit-table-array-attributes,action edit-table-array-attributes,2708,10,TRUE,novelty-ws-lifecycle,every fuzz action should be exercised by a live lane,50,,NA,NA,270.8,action coverage
action:edit-paragraph,action edit-paragraph,3142,10,TRUE,novelty-ws-structure,every fuzz action should be exercised by a live lane,50,,NA,NA,314.2,action coverage
invariant:final-persistence-crdt-document-present:ok,persisted CRDT document present,3785,10,TRUE,novelty-http-existing-post-crdt-metadata,the canary failed because persistedCrdtDoc was empty on an existing-post reload path,40,,NA,NA,378.5,other
action:move-block,action move-block,3846,10,TRUE,novelty-ws-structure,every fuzz action should be exercised by a live lane,50,,NA,NA,384.6,action coverage
action:insert-heading,action insert-heading,3988,10,TRUE,novelty-ws-structure,every fuzz action should be exercised by a live lane,50,,NA,NA,398.8,action coverage
block:core/search,async/server block core/search,8293,20,TRUE,novelty-ws-async-server-blocks,async REST-backed and server-rendered blocks need dedicated coverage,80,,NA,NA,414.65,block coverage
action:concurrent-paragraphs,action concurrent-paragraphs,4662,10,TRUE,novelty-ws-lifecycle,every fuzz action should be exercised by a live lane,50,,NA,NA,466.2,action coverage
action:append-paragraph,action append-paragraph,4983,10,TRUE,novelty-ws-structure,every fuzz action should be exercised by a live lane,50,,NA,NA,498.3,action coverage
history:reload:ok,HTTP reload convergence,8361,10,TRUE,"novelty-http-title-reload-convergence,novelty-http-existing-post-crdt-metadata","reload checks must prove collaboration state converges with a non-empty CRDT document, not just matching rendered text",40,,NA,NA,836.1,lifecycle/scale
