timestamp,cpu_utilization,user_pct,system_pct,iowait_pct,steal_pct,idle_pct
2026-05-15T00:10:00Z,27.75,18.86,7.41,1.45,0.04,72.25
2026-05-15T00:20:00Z,31.47,19.42,7.51,4.48,0.07,68.53
2026-05-15T00:30:00Z,52.34,31.20,12.60,8.39,0.15,47.66
2026-05-15T00:40:00Z,55.95,34.30,13.65,7.87,0.13,44.05
2026-05-15T00:50:00Z,46.78,28.11,10.91,7.64,0.12,53.22
2026-05-15T01:00:01Z,11.81,6.87,3.31,1.60,0.02,88.19
2026-05-15T01:10:02Z,13.02,8.03,4.39,0.58,0.02,86.98
2026-05-15T01:20:00Z,15.77,9.97,5.40,0.37,0.03,84.23
2026-05-15T01:30:00Z,16.99,11.28,4.91,0.77,0.02,83.01
2026-05-15T01:40:00Z,16.20,10.76,5.15,0.27,0.02,83.80
2026-05-15T01:50:01Z,29.01,20.15,8.10,0.72,0.03,70.99
2026-05-15T02:00:00Z,40.77,28.23,11.48,1.00,0.06,59.23
2026-05-15T02:10:02Z,49.98,35.09,12.89,1.91,0.09,50.02
2026-05-15T02:20:00Z,40.90,28.25,10.55,2.03,0.07,59.10
2026-05-15T02:30:00Z,34.54,24.68,8.84,0.98,0.04,65.46
2026-05-15T02:40:00Z,37.96,27.42,8.92,1.57,0.05,62.04
2026-05-15T02:50:02Z,41.01,28.48,9.76,2.72,0.06,58.99
2026-05-15T03:00:00Z,40.53,28.04,9.81,2.62,0.06,59.47
2026-05-15T03:10:00Z,53.68,36.39,12.38,4.82,0.09,46.32
2026-05-15T03:20:00Z,56.71,37.61,12.88,6.11,0.11,43.29
2026-05-15T03:30:01Z,59.48,40.05,13.70,5.61,0.12,40.52
2026-05-15T03:40:01Z,13.05,8.57,3.98,0.49,0.02,86.95
2026-05-15T03:50:03Z,14.72,9.58,4.35,0.78,0.02,85.28
2026-05-15T04:00:00Z,15.41,9.92,4.61,0.85,0.02,84.59
2026-05-15T04:10:00Z,14.90,9.91,4.10,0.88,0.02,85.10
2026-05-15T04:20:00Z,12.98,8.31,3.85,0.80,0.01,87.02
2026-05-15T04:30:02Z,14.29,9.00,4.15,1.12,0.02,85.71
2026-05-15T04:40:00Z,13.27,8.45,3.74,1.06,0.01,86.73
2026-05-15T04:50:00Z,16.22,10.21,4.63,1.37,0.02,83.78
2026-05-15T05:00:00Z,15.44,9.65,4.34,1.43,0.02,84.56
2026-05-15T05:10:02Z,28.95,19.34,6.73,2.85,0.03,71.05
2026-05-15T05:20:00Z,36.74,24.24,8.39,4.06,0.04,63.26
2026-05-15T05:30:00Z,30.66,19.86,7.09,3.66,0.05,69.34
2026-05-15T05:40:00Z,61.13,32.77,11.11,17.14,0.11,38.87
2026-05-15T05:50:00Z,63.97,37.21,12.49,14.15,0.12,36.03
2026-05-15T06:00:00Z,22.57,14.00,6.00,2.53,0.03,77.43
2026-05-15T06:10:00Z,40.01,25.16,8.61,6.16,0.08,59.99
2026-05-15T06:20:00Z,42.77,26.25,8.98,7.46,0.08,57.23
2026-05-15T06:30:00Z,42.30,25.51,8.54,8.17,0.07,57.70
2026-05-15T06:40:01Z,43.59,25.40,8.69,9.41,0.08,56.41
2026-05-15T06:50:00Z,48.07,29.39,9.52,9.07,0.09,51.93
2026-05-15T07:00:00Z,50.88,29.20,10.47,11.12,0.09,49.12
2026-05-15T07:10:00Z,46.59,25.29,9.62,11.60,0.08,53.41
2026-05-15T07:20:00Z,46.69,25.41,9.45,11.74,0.08,53.31
2026-05-15T07:30:00Z,46.19,24.56,9.50,12.05,0.08,53.81
2026-05-15T07:40:00Z,49.70,27.97,9.63,12.01,0.08,50.30
2026-05-15T07:50:00Z,50.43,28.01,10.11,12.22,0.09,49.57
2026-05-15T08:00:00Z,48.85,27.41,9.79,11.57,0.08,51.15
2026-05-15T08:10:00Z,48.83,27.91,9.67,11.16,0.09,51.17
2026-05-15T08:20:01Z,50.01,27.49,9.67,12.76,0.09,49.99
2026-05-15T08:30:00Z,51.73,28.59,9.71,13.35,0.09,48.27
2026-05-15T08:40:01Z,50.87,28.50,9.78,12.51,0.09,49.13
2026-05-15T08:50:00Z,48.32,26.42,9.03,12.79,0.08,51.68
2026-05-15T09:00:01Z,51.77,29.37,9.92,12.40,0.08,48.23
2026-05-15T09:10:00Z,53.50,29.63,10.35,13.43,0.10,46.50
2026-05-15T09:20:00Z,55.53,31.67,10.48,13.28,0.10,44.47
2026-05-15T09:30:00Z,56.98,32.42,10.69,13.77,0.10,43.02
2026-05-15T09:40:00Z,56.01,31.09,10.61,14.21,0.10,43.99
2026-05-15T09:50:01Z,55.08,31.29,10.30,13.39,0.10,44.92
2026-05-15T10:00:00Z,58.10,33.24,11.16,13.60,0.11,41.90
2026-05-15T10:10:00Z,56.23,31.27,10.48,14.38,0.09,43.77
2026-05-15T10:20:00Z,57.76,32.68,11.00,13.98,0.10,42.24
2026-05-15T10:30:00Z,59.25,32.80,11.22,15.12,0.11,40.75
2026-05-15T10:40:00Z,56.72,31.16,10.42,15.05,0.10,43.28
2026-05-15T10:50:01Z,57.34,32.03,10.67,14.54,0.10,42.66
2026-05-15T11:00:01Z,58.30,33.00,11.13,14.07,0.10,41.70
2026-05-15T11:10:00Z,58.53,33.09,11.22,14.11,0.11,41.47
2026-05-15T11:20:01Z,56.91,31.88,10.84,14.09,0.10,43.09
2026-05-15T11:30:00Z,58.72,33.15,11.06,14.40,0.11,41.28
2026-05-15T11:40:01Z,58.05,32.52,11.03,14.40,0.10,41.95
2026-05-15T11:50:00Z,59.35,32.96,11.24,15.04,0.11,40.65
2026-05-15T12:00:00Z,57.42,33.22,11.24,12.85,0.11,42.58
2026-05-15T12:10:00Z,59.40,33.81,11.06,14.43,0.11,40.60
2026-05-15T12:20:00Z,62.36,34.89,11.40,15.97,0.11,37.64
2026-05-15T12:30:00Z,62.21,34.89,11.22,15.99,0.11,37.79
2026-05-15T12:40:00Z,63.88,35.94,11.82,16.01,0.12,36.12
2026-05-15T12:50:01Z,64.20,35.60,11.62,16.87,0.11,35.80
2026-05-15T13:00:00Z,63.52,35.16,11.74,16.50,0.12,36.48
2026-05-15T13:10:00Z,63.27,35.89,11.61,15.67,0.11,36.73
2026-05-15T13:20:00Z,65.59,38.06,12.16,15.24,0.13,34.41
2026-05-15T13:30:00Z,65.52,36.47,11.90,17.02,0.13,34.48
2026-05-15T13:40:02Z,63.95,36.47,11.69,15.66,0.12,36.05
2026-05-15T13:50:00Z,66.36,37.51,11.80,16.92,0.13,33.64
2026-05-15T14:00:00Z,66.10,37.45,12.16,16.37,0.12,33.90
2026-05-15T14:10:00Z,66.82,37.78,12.25,16.67,0.13,33.18
2026-05-15T14:20:00Z,65.85,37.69,12.14,15.90,0.12,34.15
2026-05-15T14:30:01Z,66.97,37.86,12.73,16.26,0.12,33.03
2026-05-15T14:40:00Z,66.72,37.77,12.25,16.56,0.13,33.28
2026-05-15T14:50:01Z,67.32,37.79,12.59,16.81,0.14,32.68
2026-05-15T15:00:00Z,67.00,38.90,12.60,15.36,0.13,33.00
2026-05-15T15:10:00Z,68.27,39.65,12.91,15.58,0.14,31.73
2026-05-15T15:20:00Z,65.59,37.41,11.94,16.11,0.12,34.41
2026-05-15T15:30:00Z,68.62,39.63,13.07,15.79,0.13,31.38
2026-05-15T15:40:00Z,65.85,37.89,12.55,15.28,0.13,34.15
2026-05-15T15:50:00Z,68.03,38.22,12.53,17.15,0.14,31.97
2026-05-15T16:00:00Z,67.53,39.30,12.90,15.20,0.14,32.47
2026-05-15T16:10:00Z,67.23,38.98,12.63,15.49,0.13,32.77
2026-05-15T16:20:00Z,68.99,38.83,13.05,16.97,0.14,31.01
2026-05-15T16:30:01Z,60.62,34.62,11.36,14.52,0.12,39.38
2026-05-15T16:40:00Z,57.82,31.46,10.78,15.47,0.11,42.18
2026-05-15T16:50:00Z,61.16,35.48,11.88,13.68,0.12,38.84
2026-05-15T17:00:00Z,64.45,40.70,12.77,10.85,0.13,35.55
2026-05-15T17:10:00Z,59.89,37.84,12.19,9.76,0.10,40.11
2026-05-15T17:20:00Z,58.34,38.10,11.80,8.34,0.10,41.66
2026-05-15T17:30:00Z,57.15,36.70,11.72,8.64,0.09,42.85
2026-05-15T17:40:00Z,58.97,37.07,11.72,10.08,0.10,41.03
2026-05-15T17:50:01Z,62.97,40.62,12.92,9.32,0.11,37.03
2026-05-15T18:00:01Z,64.53,35.88,11.25,17.27,0.14,35.47
2026-05-15T18:10:01Z,63.34,38.53,11.97,12.70,0.13,36.66
2026-05-15T18:20:00Z,65.39,41.57,13.37,10.32,0.13,34.61
2026-05-15T18:30:02Z,67.11,44.75,13.86,8.38,0.13,32.89
2026-05-15T18:40:00Z,69.61,46.62,14.97,7.89,0.14,30.39
2026-05-15T18:50:00Z,64.74,43.82,13.51,7.29,0.13,35.26
2026-05-15T19:00:01Z,57.67,39.23,12.60,5.75,0.09,42.33
2026-05-15T19:10:01Z,57.79,39.57,12.56,5.57,0.09,42.21
2026-05-15T19:20:00Z,59.07,41.18,13.28,4.51,0.09,40.93
2026-05-15T19:30:00Z,57.95,41.57,12.63,3.66,0.10,42.05
2026-05-15T19:40:00Z,54.99,40.42,11.95,2.54,0.07,45.01
2026-05-15T19:50:02Z,61.93,44.62,14.57,2.63,0.11,38.07
2026-05-15T20:00:00Z,62.30,43.06,14.78,4.31,0.15,37.70
2026-05-15T20:10:00Z,75.70,47.06,20.56,7.76,0.32,24.30
2026-05-15T20:20:00Z,67.32,42.65,16.79,7.59,0.28,32.68
2026-05-15T20:30:01Z,74.49,51.30,18.36,4.62,0.22,25.51
2026-05-15T20:40:00Z,69.79,50.43,16.85,2.36,0.15,30.21
2026-05-15T20:50:00Z,71.19,51.72,16.60,2.72,0.15,28.81
2026-05-15T21:00:00Z,73.44,52.40,17.18,3.67,0.19,26.56
2026-05-15T21:10:00Z,73.60,51.61,17.06,4.70,0.23,26.40
2026-05-15T21:20:00Z,70.33,50.06,16.35,3.75,0.17,29.67
2026-05-15T21:30:00Z,73.72,53.24,16.91,3.41,0.16,26.28
2026-05-15T21:40:01Z,68.73,49.60,15.80,3.19,0.15,31.27
2026-05-15T21:50:00Z,69.59,50.35,16.16,2.93,0.14,30.41
2026-05-15T22:00:00Z,66.28,48.03,15.49,2.62,0.14,33.72
2026-05-15T22:10:00Z,69.43,50.33,16.29,2.65,0.16,30.57
2026-05-15T22:20:00Z,70.09,50.85,16.31,2.78,0.16,29.91
2026-05-15T22:30:01Z,75.39,53.69,18.95,2.57,0.17,24.61
