blocker_id,kind,priority,state,source_input,blocks,blocked_by,required_artifacts,active_session,next_action,updated_at
benchmark-canary-fuzzer-gap,exact-stack-promotion,high,terminal,benchmark-canary,"coverage-confidence,snapshot-publication,exact-stack-promotion",fuzzer-feedback,"fuzzer-feedback.tsv,coverage-change.tsv,classification.tsv,exact-stack-status.tsv,repair-branch.txt",,current benchmark canary feedback has fresh exact-stack green evidence; reopen only when current-feedback.tsv changes or new promotion_blocked rows appear,2026-07-07T19:08:29Z
benchmark-canary-product-failure,product-repair,high,active,benchmark-canary-product-evidence,"snapshot-publication,exact-stack-promotion,maintainer-pr-set",product-evidence,"product-failure-triage.tsv,exact-blocker-status.tsv,classification.tsv,repair-branch.txt",rtc-critical-continuation-pa-exact-benchmark-canary-product-failure-20260707T190229Z,"reduce or repair current-run benchmark canary product failures; status=/media/volume/danluu-fuzz-data/rtc-coverage-guided-20260515/run-20260707T184930Z/benchmark-canary-coverage-status.tsv rows=7 product_evidence_records=220 groups=novelty-http-large-post-lifecycle,novelty-http-large-post-lifecycle-completion,novelty-http-persistence-probe,novelty-http-same-user-stale-draft,novelty-http-title-reload-convergence,novelty-ws-multi-reload-lifecycle,novelty-ws-parser-serialization",2026-07-07T19:08:29Z
productive-analysis-action,control-feedback,high,active,productive-analysis,"critical-path,pr-progress,deferred,coverage,level-mix",active-job,"critical-path-feedback.md,critical-path-feedback.tsv,classification.tsv",rtc-critical-continuation-productive-analysis-action-20260707T190639Z,productive-analysis action rows are being consumed by an active critical-path continuation,2026-07-07T19:08:29Z
pa-exact-benchmark-canary-product-failure,productive-exact-blocker,high,active,productive-analysis:btfz-20260707T184715Z-retained-product-repair,"critical-path,exact-replay,repair-or-downscope",active-job,"classification.tsv,report.md",rtc-critical-continuation-pa-exact-benchmark-canary-product-failure-20260707T190229Z,"At critical-path dispatch, reread /media/volume/danluu-fuzz-data/rtc-coverage-guided-20260515/current-output-dir.txt and evidence_path; keep exactly one aggregate benchmark-canary-product-failure repair/downscope owner for live retained/nonzero/product-failure rows. Latest bounded read updated_at=2026-07-07T18:46:11.880Z has 2 qualifying rows totaling 4 product_evidence_records: novelty-http-large-post-lifecycle=2 and novelty-http-large-post-lifecycle-completion=2. Treat current_run_green/status_only/direct-current-run-success as repair evidence only; do not convert these rows to coverage-retarget or publication credit; clear only with product triage/classification plus validated repair, product-owned retirement, same-head material-clear proof, or evidence-backed explicit_downscope.",2026-07-07T19:08:29Z
pr17-1020002,final-stack-join,high,held,pr_split/finalization,"final-stack-validation,filing",benchmark-canary-product-failure,"classification.tsv,report.md",,"hold behind benchmark-canary-product-failure until /media/volume/danluu-fuzz-data/rtc-coverage-guided-20260515/run-20260707T184930Z/benchmark-canary-coverage-status.tsv has no retained_product_evidence=yes, product_evidence_records greater than 0, or coverage_state containing product-failure; then proof-or-reclassify PR17 seed 1020002",2026-07-07T19:08:29Z
pr07c-owner-matrix,owner-evidence,high,terminal,pr_split/finalization,PR07C/HOLD-07C promotion decision,pr-progress-controller,"classification.tsv,report.md",,runtime-held/downscoped by PR progress controller; reopen only when newer owner evidence appears,2026-07-07T19:08:29Z
seed-5200005-reducer,reducer,high,terminal,pr_split/progress-unblock,PR05 residual decision,terminal-ledger,classification.tsv,,resolved by active artifacts; reopen only with fresh newer product-owned evidence,2026-07-07T19:08:29Z
seed-1060015-reducer,reducer,high,terminal,pr_split/progress-unblock,PR05 residual decision,terminal-ledger,classification.tsv,,resolved/downscoped by active artifact; reopen only with fresh newer product-owned evidence,2026-07-07T19:08:29Z
reload-hydration,deferred-family,high,terminal,deferred_status,deferred PR candidate,manifest-adopted,"classification.tsv,report.md",,validated reload-hydration manifest is adopted (manifest-adopted:age_seconds=431729 hold_seconds=43200 validity=valid adoption=adopted path=/media/volume/danluu-fuzz-data/rtc-deferred-work-promotion-20260516/cycles/20260702T185613Z/reload-hydration/push-manifest.tsv); continue exact-stack/benchmark proof and reopen only with newer product evidence,2026-07-07T19:08:29Z
