timestamp,run_queue,process_list,load_1,load_5,load_15,blocked,core_count
2026-05-14T00:10:01Z,1,927,0.0,0.01,0.06,0,64
2026-05-14T00:20:01Z,0,922,0.0,0.0,0.0,0,64
2026-05-14T00:30:18Z,0,921,0.0,0.0,0.0,0,64
2026-05-14T00:40:34Z,1,923,0.0,0.0,0.0,0,64
2026-05-14T00:50:18Z,0,922,0.03,0.01,0.0,0,64
2026-05-14T01:00:02Z,0,922,0.06,0.02,0.0,0,64
2026-05-14T01:10:15Z,0,922,0.01,0.01,0.0,0,64
2026-05-14T01:20:01Z,0,925,0.0,0.0,0.0,0,64
2026-05-14T01:30:01Z,0,928,0.0,0.0,0.0,0,64
2026-05-14T01:40:00Z,0,931,0.0,0.0,0.0,0,64
2026-05-14T01:50:00Z,0,929,0.04,0.03,0.0,0,64
2026-05-14T02:00:03Z,0,925,0.01,0.02,0.0,0,64
2026-05-14T02:10:00Z,0,922,0.02,0.04,0.0,0,64
2026-05-14T02:20:02Z,0,927,0.01,0.02,0.0,0,64
2026-05-14T02:30:05Z,0,918,0.0,0.0,0.0,0,64
2026-05-14T02:40:02Z,1,922,0.03,0.01,0.0,0,64
2026-05-14T02:50:05Z,0,920,0.0,0.0,0.0,0,64
2026-05-14T03:00:29Z,0,919,0.01,0.01,0.0,0,64
2026-05-14T03:10:01Z,1,922,0.38,0.15,0.05,0,64
2026-05-14T03:20:21Z,0,922,0.01,0.04,0.02,0,64
2026-05-14T03:30:18Z,0,918,0.0,0.0,0.0,0,64
2026-05-14T03:40:01Z,1,921,0.0,0.0,0.0,0,64
2026-05-14T03:50:13Z,0,917,0.0,0.0,0.0,1,64
2026-05-14T04:00:09Z,0,922,0.01,0.01,0.0,0,64
2026-05-14T04:10:01Z,1,923,0.01,0.0,0.0,0,64
2026-05-14T04:20:38Z,0,917,0.01,0.0,0.0,0,64
2026-05-14T04:30:28Z,0,919,0.0,0.0,0.0,0,64
2026-05-14T04:40:08Z,0,918,0.0,0.0,0.0,0,64
2026-05-14T04:50:12Z,0,918,0.0,0.0,0.0,0,64
2026-05-14T05:00:20Z,0,920,0.0,0.0,0.0,0,64
2026-05-14T05:10:23Z,0,922,0.0,0.0,0.0,0,64
2026-05-14T05:20:08Z,0,920,0.0,0.0,0.0,0,64
2026-05-14T05:30:09Z,0,917,0.0,0.0,0.0,0,64
2026-05-14T05:40:01Z,0,923,0.07,0.02,0.0,0,64
2026-05-14T05:50:28Z,0,919,0.0,0.0,0.0,0,64
2026-05-14T06:00:32Z,0,922,0.0,0.0,0.0,0,64
2026-05-14T06:10:17Z,0,921,0.05,0.05,0.01,0,64
2026-05-14T06:20:18Z,0,918,0.0,0.0,0.0,0,64
2026-05-14T06:30:01Z,0,918,0.01,0.03,0.0,0,64
2026-05-14T06:40:05Z,0,927,0.0,0.02,0.0,0,64
2026-05-14T06:50:01Z,0,1233,1.11,0.92,0.4,0,64
2026-05-14T07:00:14Z,0,919,0.0,0.11,0.18,0,64
2026-05-14T07:10:09Z,0,919,0.0,0.02,0.09,0,64
2026-05-14T07:20:26Z,0,920,0.0,0.0,0.03,0,64
2026-05-14T07:30:13Z,0,918,0.0,0.0,0.0,0,64
2026-05-14T07:40:08Z,0,920,0.0,0.0,0.0,0,64
2026-05-14T07:50:06Z,0,917,0.0,0.0,0.0,0,64
2026-05-14T08:00:07Z,0,918,0.06,0.02,0.0,0,64
2026-05-14T08:10:02Z,0,917,0.0,0.0,0.0,0,64
2026-05-14T08:20:08Z,0,920,0.0,0.0,0.0,0,64
2026-05-14T08:30:31Z,0,921,0.0,0.0,0.0,0,64
2026-05-14T08:40:11Z,1,927,0.0,0.0,0.0,0,64
2026-05-14T08:50:25Z,0,965,0.08,0.35,0.2,1,64
2026-05-14T09:00:08Z,1,923,0.09,0.32,0.32,0,64
2026-05-14T09:10:01Z,1,936,0.06,0.32,0.38,0,64
2026-05-14T09:20:06Z,0,947,0.01,0.23,0.34,0,64
2026-05-14T09:30:01Z,0,948,0.01,0.22,0.32,0,64
2026-05-14T09:40:01Z,1,954,0.03,0.37,0.41,0,64
2026-05-14T09:50:30Z,0,949,0.02,0.3,0.38,0,64
2026-05-14T10:00:26Z,0,953,0.04,0.45,0.51,0,64
2026-05-14T10:10:01Z,1,958,0.02,0.28,0.41,0,64
2026-05-14T10:20:18Z,0,954,0.07,0.48,0.5,0,64
2026-05-14T10:30:04Z,0,954,0.17,0.46,0.47,0,64
2026-05-14T10:40:01Z,0,957,0.27,0.46,0.43,0,64
2026-05-14T10:50:00Z,0,958,0.2,0.5,0.44,1,64
2026-05-14T11:00:18Z,0,962,0.07,0.38,0.41,0,64
2026-05-14T11:10:01Z,1,969,0.33,0.66,0.53,0,64
2026-05-14T11:20:18Z,0,954,0.2,0.54,0.5,0,64
2026-05-14T11:30:06Z,0,966,0.38,0.64,0.53,0,64
2026-05-14T11:40:01Z,1,963,0.43,0.73,0.59,0,64
2026-05-14T11:50:12Z,0,1055,0.52,0.7,0.59,0,64
2026-05-14T12:00:06Z,0,1054,0.87,0.77,0.6,0,64
2026-05-14T12:10:01Z,1,958,0.34,0.48,0.48,0,64
2026-05-14T12:20:11Z,0,962,0.32,0.69,0.56,1,64
2026-05-14T12:30:08Z,0,963,0.75,0.83,0.63,0,64
2026-05-14T12:40:01Z,1,1056,0.56,0.72,0.61,0,64
2026-05-14T12:50:00Z,1,1254,0.85,0.79,0.65,0,64
2026-05-14T13:00:05Z,4,1884,2.4,1.05,0.69,0,64
2026-05-14T13:10:00Z,1,2254,0.58,0.37,0.45,0,64
2026-05-14T13:20:02Z,1,2271,0.79,0.47,0.46,0,64
2026-05-14T13:30:00Z,0,2262,1.13,0.55,0.51,0,64
2026-05-14T13:40:00Z,0,2269,0.98,0.54,0.55,0,64
2026-05-14T13:50:03Z,0,2260,0.94,0.44,0.5,0,64
2026-05-14T14:00:01Z,0,926,0.02,0.29,0.45,0,64
2026-05-14T14:10:02Z,0,937,0.01,0.31,0.45,0,64
2026-05-14T14:20:00Z,0,950,0.01,0.34,0.46,0,64
2026-05-14T14:30:01Z,1,969,0.05,0.55,0.59,0,64
2026-05-14T14:40:01Z,0,957,0.2,0.64,0.63,0,64
2026-05-14T14:50:01Z,0,971,0.22,0.74,0.68,0,64
2026-05-14T15:00:01Z,0,957,0.38,0.69,0.66,0,64
2026-05-14T15:10:05Z,0,963,0.45,1.06,0.9,0,64
2026-05-14T15:20:03Z,0,1052,0.86,1.17,0.97,0,64
2026-05-14T15:30:02Z,0,1050,1.12,0.74,0.76,0,64
2026-05-14T15:40:01Z,1,1137,1.46,1.04,0.8,0,64
2026-05-14T15:50:01Z,0,1052,1.62,1.17,0.85,0,64
2026-05-14T16:00:03Z,1,1708,1.4,0.88,0.74,0,64
2026-05-14T16:10:03Z,1,2222,2.61,1.39,0.91,0,64
2026-05-14T16:20:01Z,0,2263,1.68,0.93,0.8,0,64
2026-05-14T16:30:00Z,1,2264,0.7,1.03,0.97,0,64
2026-05-14T16:40:02Z,4,2262,0.54,0.5,0.72,0,64
2026-05-14T16:50:00Z,0,984,0.92,1.36,1.13,0,64
2026-05-14T17:00:01Z,1,2295,1.5,1.44,1.32,0,64
2026-05-14T17:10:00Z,2,2206,1.1,1.34,1.33,0,64
2026-05-14T17:20:03Z,3,2112,1.51,1.38,1.33,0,64
2026-05-14T17:30:01Z,0,1055,0.15,0.95,1.22,0,64
2026-05-14T17:40:02Z,1,1069,1.62,1.76,1.44,0,64
2026-05-14T17:50:02Z,0,982,1.21,1.41,1.42,0,64
2026-05-14T18:00:01Z,2,1022,2.14,1.12,1.23,0,64
2026-05-14T18:10:00Z,2,977,1.11,1.29,1.32,1,64
2026-05-14T18:20:05Z,1,2284,1.63,1.23,1.23,0,64
2026-05-14T18:30:01Z,1,1368,1.33,1.54,1.37,0,64
2026-05-14T18:40:00Z,0,979,1.17,1.35,1.36,1,64
2026-05-14T18:50:00Z,1,2072,1.82,1.59,1.44,0,64
2026-05-14T19:00:01Z,4,1155,1.87,1.43,1.45,0,64
2026-05-14T19:10:00Z,0,1943,1.81,1.76,1.6,0,64
2026-05-14T19:20:04Z,0,1137,0.54,1.16,1.38,0,64
2026-05-14T19:30:03Z,0,1048,0.28,1.06,1.25,0,64
2026-05-14T19:40:00Z,0,987,1.18,1.33,1.31,0,64
2026-05-14T19:50:02Z,3,1119,1.86,1.0,1.14,0,64
2026-05-14T20:00:03Z,1,2294,2.1,1.49,1.34,0,64
2026-05-14T20:10:00Z,1,2263,1.51,1.3,1.31,0,64
2026-05-14T20:20:01Z,1,1371,2.55,1.82,1.47,0,64
2026-05-14T20:30:00Z,0,976,1.39,1.22,1.29,0,64
2026-05-14T20:40:00Z,1,2195,1.72,1.6,1.42,0,64
2026-05-14T20:50:01Z,0,1080,2.11,1.46,1.38,0,64
2026-05-14T21:00:00Z,4,3092,3.85,2.82,2.14,0,64
2026-05-14T21:10:01Z,1,2006,3.21,4.62,3.58,0,64
2026-05-14T21:20:00Z,5,1680,3.41,4.36,4.0,0,64
2026-05-14T21:30:01Z,3,3084,2.65,2.76,3.33,0,64
2026-05-14T21:40:01Z,0,1681,1.27,2.0,2.7,0,64
2026-05-14T21:50:00Z,1,1513,2.27,2.53,2.55,0,64
2026-05-14T22:00:00Z,10,2793,2.11,2.65,2.62,0,64
2026-05-14T22:10:00Z,4,1716,1.86,2.19,2.44,0,64
2026-05-14T22:20:00Z,0,1976,1.73,2.06,2.27,0,64
2026-05-14T22:30:01Z,2,2786,2.13,2.37,2.37,0,64
2026-05-14T22:40:01Z,1,3273,1.71,1.85,2.06,0,64
2026-05-14T22:50:00Z,9,1685,1.81,2.48,2.41,0,64
2026-05-14T23:00:00Z,3,5954,5.76,2.83,2.48,0,64
2026-05-14T23:10:00Z,3,3331,4.83,4.81,4.02,0,64
2026-05-14T23:20:00Z,5,2306,2.9,6.22,5.4,0,64
2026-05-14T23:30:00Z,4,5682,6.71,4.72,4.75,0,64
2026-05-14T23:40:00Z,5,3424,3.41,3.77,4.22,0,64
2026-05-14T23:50:01Z,12,4865,7.51,5.11,4.65,0,64
2026-05-15T00:10:00Z,5,8160,23.16,21.7,15.14,0,64
2026-05-15T00:20:00Z,16,10929,33.59,26.32,19.73,2,64
2026-05-15T00:30:00Z,28,13966,49.45,47.15,34.03,1,64
2026-05-15T00:40:00Z,32,13364,48.82,49.51,41.68,0,64
2026-05-15T00:50:00Z,15,7110,21.06,36.65,40.29,5,64
2026-05-15T01:00:01Z,9,4945,3.18,9.71,24.99,0,64
2026-05-15T01:10:02Z,10,11985,10.89,9.51,17.39,0,64
2026-05-15T01:20:00Z,4,7899,10.29,9.81,14.02,0,64
2026-05-15T01:30:00Z,0,5061,4.89,10.63,12.71,0,64
2026-05-15T01:40:00Z,9,8501,9.2,10.62,11.7,1,64
2026-05-15T01:50:01Z,26,11355,38.69,25.53,17.32,0,64
2026-05-15T02:00:00Z,37,15142,44.57,31.89,23.76,1,64
2026-05-15T02:10:02Z,26,17430,29.97,33.71,29.46,2,64
2026-05-15T02:20:00Z,45,9251,23.0,29.49,30.53,0,64
2026-05-15T02:30:00Z,13,9541,22.68,24.08,26.93,0,64
2026-05-15T02:40:00Z,32,11437,38.55,29.39,27.15,0,64
2026-05-15T02:50:02Z,8,11723,31.23,29.39,28.3,8,64
2026-05-15T03:00:00Z,19,11941,27.37,30.49,29.32,0,64
2026-05-15T03:10:00Z,107,14814,53.13,44.07,36.41,3,64
2026-05-15T03:20:00Z,33,14632,46.59,46.52,41.99,8,64
2026-05-15T03:30:01Z,53,8720,42.81,50.91,47.44,0,64
2026-05-15T03:40:01Z,6,8489,11.03,15.12,29.1,0,64
2026-05-15T03:50:03Z,7,7499,8.27,10.45,20.02,0,64
2026-05-15T04:00:00Z,19,8661,8.8,9.29,14.99,1,64
2026-05-15T04:10:00Z,6,7560,12.17,10.96,12.96,1,64
2026-05-15T04:20:00Z,8,7479,10.25,9.88,11.17,0,64
2026-05-15T04:30:02Z,7,8617,13.81,11.63,11.21,2,64
2026-05-15T04:40:00Z,4,7504,7.8,8.69,10.06,0,64
2026-05-15T04:50:00Z,4,9260,12.44,12.07,11.32,2,64
2026-05-15T05:00:00Z,8,9912,9.64,10.7,10.89,0,64
2026-05-15T05:10:02Z,24,11982,31.29,23.38,16.25,3,64
2026-05-15T05:20:00Z,2,5260,16.15,25.46,21.72,0,64
2026-05-15T05:30:00Z,55,15153,64.6,39.01,26.46,16,64
2026-05-15T05:40:00Z,24,15930,77.49,69.9,48.39,50,64
2026-05-15T05:50:00Z,10,14634,70.14,71.85,60.22,3,64
2026-05-15T06:00:00Z,12,8931,21.71,24.57,39.4,1,64
2026-05-15T06:10:00Z,24,11277,32.81,32.48,36.55,6,64
2026-05-15T06:20:00Z,55,13185,36.52,35.39,35.79,5,64
2026-05-15T06:30:00Z,23,11777,34.02,36.35,35.97,8,64
2026-05-15T06:40:01Z,29,11574,33.53,37.04,36.64,8,64
2026-05-15T06:50:00Z,7,13964,45.53,41.41,38.41,6,64
2026-05-15T07:00:00Z,5,18296,53.5,49.19,43.84,19,64
2026-05-15T07:10:00Z,21,16447,40.81,45.58,44.86,9,64
2026-05-15T07:20:00Z,60,17967,52.48,47.03,45.68,3,64
2026-05-15T07:30:00Z,25,16974,47.9,45.33,45.37,10,64
2026-05-15T07:40:00Z,10,18851,46.24,48.11,46.76,7,64
2026-05-15T07:50:00Z,31,17491,53.74,49.58,48.53,7,64
2026-05-15T08:00:00Z,32,17020,48.29,47.58,48.04,1,64
2026-05-15T08:10:00Z,4,18206,50.61,48.85,48.43,5,64
2026-05-15T08:20:01Z,120,17493,39.72,48.52,49.45,8,64
2026-05-15T08:30:00Z,35,16865,51.69,51.24,50.83,12,64
2026-05-15T08:40:01Z,53,18499,51.54,49.58,50.11,10,64
2026-05-15T08:50:00Z,32,18621,48.16,47.97,48.89,4,64
2026-05-15T09:00:01Z,15,17702,52.89,54.47,51.91,8,64
2026-05-15T09:10:00Z,20,17679,54.24,55.33,53.57,28,64
2026-05-15T09:20:00Z,5,20285,66.86,59.45,56.13,42,64
2026-05-15T09:30:00Z,28,19817,54.63,58.01,57.66,11,64
2026-05-15T09:40:00Z,13,19880,58.75,60.72,59.4,5,64
2026-05-15T09:50:01Z,25,18795,58.23,59.75,59.22,8,64
2026-05-15T10:00:00Z,33,19345,58.29,60.47,59.89,2,64
2026-05-15T10:10:00Z,7,19881,54.39,57.03,58.67,16,64
2026-05-15T10:20:00Z,20,19717,56.36,60.23,60.11,11,64
2026-05-15T10:30:00Z,19,20460,65.75,64.62,62.68,13,64
2026-05-15T10:40:00Z,36,19050,65.65,61.94,61.62,7,64
2026-05-15T10:50:01Z,75,20133,64.99,62.73,61.76,10,64
2026-05-15T11:00:01Z,23,19210,61.95,61.27,61.08,7,64
2026-05-15T11:10:00Z,45,19479,71.29,64.61,62.54,11,64
2026-05-15T11:20:01Z,44,18927,58.95,60.8,61.44,9,64
2026-05-15T11:30:00Z,10,18956,59.3,60.49,60.76,14,64
2026-05-15T11:40:01Z,138,19303,67.85,64.23,62.25,6,64
2026-05-15T11:50:00Z,5,18727,72.08,63.82,62.2,20,64
2026-05-15T12:00:00Z,66,19232,60.22,60.74,61.09,12,64
2026-05-15T12:10:00Z,34,20744,68.78,63.39,61.8,11,64
2026-05-15T12:20:00Z,26,20450,77.13,70.01,65.54,5,64
2026-05-15T12:30:00Z,22,19700,73.03,70.62,67.87,27,64
2026-05-15T12:40:00Z,29,20042,73.3,73.25,70.64,29,64
2026-05-15T12:50:01Z,27,19771,77.97,75.07,72.91,38,64
2026-05-15T13:00:00Z,40,19768,72.72,71.07,71.88,16,64
2026-05-15T13:10:00Z,68,20502,69.25,71.67,71.63,6,64
2026-05-15T13:20:00Z,49,20167,75.84,74.18,73.52,1,64
2026-05-15T13:30:00Z,46,20248,85.56,80.91,76.76,21,64
2026-05-15T13:40:02Z,7,20211,76.99,75.98,75.44,19,64
2026-05-15T13:50:00Z,78,20535,89.8,82.03,78.53,12,64
2026-05-15T14:00:00Z,140,20087,71.32,76.73,78.15,10,64
2026-05-15T14:10:00Z,74,19555,83.38,80.34,79.24,14,64
2026-05-15T14:20:00Z,87,21227,83.02,78.52,78.42,13,64
2026-05-15T14:30:01Z,65,21445,78.68,80.76,79.7,15,64
2026-05-15T14:40:00Z,26,20502,75.06,81.26,80.3,44,64
2026-05-15T14:50:01Z,30,20538,88.92,84.36,81.67,26,64
2026-05-15T15:00:00Z,55,19842,70.97,79.36,81.1,18,64
2026-05-15T15:10:00Z,37,22271,88.31,81.07,80.97,14,64
2026-05-15T15:20:00Z,126,19125,81.76,78.93,79.47,25,64
2026-05-15T15:30:00Z,11,20544,90.88,83.83,80.59,44,64
2026-05-15T15:40:00Z,54,19904,80.07,80.11,79.74,20,64
2026-05-15T15:50:00Z,48,20775,91.98,83.59,81.69,0,64
2026-05-15T16:00:00Z,30,24166,99.99,84.78,81.79,19,64
2026-05-15T16:10:00Z,6,20845,78.76,81.26,81.28,3,64
2026-05-15T16:20:00Z,13,20514,91.43,86.37,83.32,1,64
2026-05-15T16:30:01Z,95,15881,53.29,63.93,74.34,13,64
2026-05-15T16:40:00Z,17,15526,59.86,60.11,67.5,9,64
2026-05-15T16:50:00Z,73,15859,63.12,67.41,67.95,2,64
2026-05-15T17:00:00Z,63,15286,63.41,65.15,66.14,7,64
2026-05-15T17:10:00Z,28,12879,43.06,52.75,60.9,1,64
2026-05-15T17:20:00Z,48,13353,56.78,52.26,56.09,12,64
2026-05-15T17:30:00Z,25,13370,48.01,52.68,55.02,1,64
2026-05-15T17:40:00Z,95,15144,52.05,52.02,53.96,1,64
2026-05-15T17:50:01Z,20,15086,54.47,55.68,55.17,20,64
2026-05-15T18:00:01Z,7,15415,71.76,67.34,61.8,22,64
2026-05-15T18:10:01Z,25,14311,59.53,62.19,62.23,1,64
2026-05-15T18:20:00Z,6,15854,66.74,64.44,63.28,42,64
2026-05-15T18:30:02Z,43,15947,67.37,66.86,64.71,8,64
2026-05-15T18:40:00Z,35,15671,70.4,68.84,66.24,1,64
2026-05-15T18:50:00Z,24,13710,49.42,57.07,62.64,0,64
2026-05-15T19:00:01Z,51,17957,56.21,50.62,56.07,0,64
2026-05-15T19:10:01Z,49,14438,40.4,46.37,51.42,2,64
2026-05-15T19:20:00Z,38,14206,40.35,45.02,48.64,0,64
2026-05-15T19:30:00Z,36,13286,35.26,42.63,46.34,0,64
2026-05-15T19:40:00Z,54,15558,44.83,42.79,44.38,1,64
2026-05-15T19:50:02Z,18,16450,48.4,48.83,46.99,5,64
2026-05-15T20:00:00Z,32,14731,46.11,50.38,49.08,9,64
2026-05-15T20:10:00Z,46,16549,69.83,69.7,61.32,12,64
2026-05-15T20:20:00Z,95,19223,76.79,64.69,61.74,10,64
2026-05-15T20:30:01Z,21,18251,68.87,70.51,66.15,11,64
2026-05-15T20:40:00Z,81,18233,52.48,59.07,62.42,1,64
2026-05-15T20:50:00Z,105,16699,51.36,57.61,61.14,8,64
2026-05-15T21:00:00Z,92,18193,71.25,66.37,63.93,6,64
2026-05-15T21:10:00Z,44,18301,83.54,73.33,68.05,1,64
2026-05-15T21:20:00Z,54,18181,58.77,64.11,65.43,2,64
2026-05-15T21:30:00Z,50,18315,56.63,64.26,65.41,2,64
2026-05-15T21:40:01Z,50,17355,54.77,60.6,63.45,2,64
2026-05-15T21:50:00Z,59,17525,57.14,59.93,61.81,3,64
2026-05-15T22:00:00Z,19,15402,43.51,53.98,58.9,0,64
2026-05-15T22:10:00Z,62,17241,56.63,57.66,59.29,0,64
2026-05-15T22:20:00Z,60,17432,57.12,58.26,59.46,7,64
2026-05-15T22:30:01Z,120,21979,91.45,75.87,67.06,0,64
2026-05-15T22:40:00Z,52,18043,64.72,94.52,84.58,0,64
2026-05-15T22:50:00Z,61,18064,60.37,66.67,74.1,1,64
2026-05-15T23:00:00Z,44,16406,49.58,47.84,60.75,10,64
2026-05-15T23:10:00Z,17,20187,64.16,65.87,64.05,41,64
2026-05-15T23:20:00Z,140,22258,68.34,70.01,67.87,25,64
2026-05-15T23:30:01Z,117,20514,121.43,126.03,96.2,1,64
2026-05-15T23:40:00Z,138,18810,73.0,76.75,82.65,3,64
2026-05-15T23:50:00Z,53,14147,50.55,56.12,68.91,8,64
2026-05-16T00:10:01Z,39,20719,87.49,79.54,72.25,28,64
2026-05-16T00:20:01Z,30,17981,83.01,107.49,92.69,40,64
2026-05-16T00:30:00Z,48,15220,45.12,69.21,80.45,5,64
2026-05-16T00:40:00Z,37,16607,53.37,50.12,63.24,8,64
2026-05-16T00:50:00Z,94,19150,79.8,71.63,66.81,0,64
2026-05-16T01:00:00Z,69,19058,70.63,78.13,73.59,14,64
2026-05-16T01:10:00Z,110,26135,163.65,146.87,106.25,18,64
2026-05-16T01:20:00Z,141,20043,86.14,91.68,95.96,0,64
2026-05-16T01:30:00Z,42,12613,44.99,68.52,84.46,1,64
2026-05-16T01:40:00Z,38,15156,69.4,62.38,73.33,7,64
2026-05-16T01:50:01Z,67,18258,77.99,73.17,72.99,0,64
2026-05-16T02:00:00Z,81,18173,63.67,71.33,72.86,6,64
2026-05-16T02:10:00Z,46,18787,80.5,102.44,94.13,11,64
2026-05-16T02:20:00Z,63,18447,77.76,80.6,85.53,0,64
2026-05-16T02:30:00Z,32,17481,69.52,69.25,76.47,30,64
2026-05-16T02:40:00Z,48,17518,64.36,72.44,75.41,3,64
2026-05-16T02:50:00Z,60,17670,80.93,78.83,77.97,10,64
2026-05-16T03:00:00Z,79,17335,68.78,69.01,73.04,0,64
2026-05-16T03:10:01Z,56,16456,60.1,72.35,74.23,1,64
2026-05-16T03:20:00Z,54,18029,49.36,55.15,64.68,0,64
2026-05-16T03:30:01Z,3,17680,49.99,47.86,56.17,1,64
2026-05-16T03:40:00Z,36,16709,55.47,49.59,52.91,1,64
2026-05-16T03:50:00Z,26,16179,46.09,48.37,50.58,0,64
2026-05-16T04:00:03Z,43,18690,46.04,47.48,49.32,11,64
2026-05-16T04:10:01Z,16,17357,37.34,42.51,45.93,13,64
2026-05-16T04:20:00Z,80,18448,69.25,58.78,52.75,0,64
2026-05-16T04:30:00Z,45,18247,60.21,59.23,55.25,26,64
2026-05-16T04:40:01Z,81,16769,65.33,62.22,58.62,5,64
2026-05-16T04:50:00Z,38,18714,61.38,59.86,58.35,0,64
2026-05-16T05:00:00Z,48,18405,68.71,63.88,60.88,30,64
2026-05-16T05:10:01Z,31,17574,63.25,57.26,58.25,8,64
2026-05-16T05:20:00Z,57,16971,47.95,49.11,53.22,24,64
2026-05-16T05:30:00Z,69,17185,50.12,51.19,52.06,0,64
2026-05-16T05:40:00Z,100,16873,54.47,55.04,54.47,0,64
2026-05-16T05:50:00Z,33,18739,59.44,58.3,56.29,0,64
2026-05-16T06:00:00Z,49,18019,63.47,56.07,55.65,5,64
2026-05-16T06:10:02Z,57,17324,48.3,52.08,53.88,0,64
2026-05-16T06:20:00Z,19,15001,47.21,49.78,52.05,4,64
2026-05-16T06:30:01Z,29,17599,71.68,63.3,56.8,18,64
2026-05-16T06:40:00Z,49,16762,63.44,67.46,62.68,0,64
2026-05-16T06:50:00Z,144,19531,73.91,69.29,65.47,0,64
2026-05-16T07:00:00Z,31,18208,69.8,74.31,70.72,1,64
2026-05-16T07:10:00Z,63,19385,79.68,77.86,73.71,16,64
2026-05-16T07:20:01Z,63,19403,82.53,71.67,71.88,0,64
2026-05-16T07:30:00Z,41,19029,78.12,72.94,72.22,9,64
2026-05-16T07:40:00Z,110,18928,65.0,69.7,71.11,2,64
2026-05-16T07:50:00Z,74,19077,89.85,78.07,74.16,1,64
2026-05-16T08:00:00Z,49,19116,75.0,74.51,73.95,0,64
2026-05-16T08:10:00Z,115,18403,90.16,79.74,75.32,2,64
2026-05-16T08:20:00Z,47,18607,77.9,76.37,75.02,1,64
2026-05-16T08:30:00Z,144,17655,79.53,75.8,74.8,15,64
2026-05-16T08:40:00Z,19,20149,77.15,71.45,72.1,30,64
2026-05-16T08:50:00Z,83,19469,76.22,74.43,72.81,0,64
2026-05-16T09:00:00Z,41,19250,70.39,70.5,72.5,12,64
2026-05-16T09:10:02Z,164,23281,123.31,99.39,84.19,15,64
2026-05-16T09:20:00Z,48,20870,87.13,90.86,87.73,24,64
2026-05-16T09:30:00Z,37,19473,66.42,76.03,82.17,11,64
2026-05-16T09:40:00Z,55,19086,73.86,104.21,101.42,0,64
2026-05-16T09:50:00Z,41,18485,63.26,67.79,81.91,1,64
2026-05-16T10:00:00Z,29,17509,59.05,58.43,70.0,0,64
2026-05-16T10:10:00Z,31,16722,60.07,61.26,65.23,0,64
2026-05-16T10:20:01Z,25,18532,80.8,67.3,65.19,4,64
2026-05-16T10:30:00Z,94,17632,60.43,59.39,61.56,2,64
2026-05-16T10:40:00Z,45,19854,70.64,64.42,63.4,3,64
2026-05-16T10:50:00Z,50,17598,61.66,57.4,59.9,1,64
2026-05-16T11:00:00Z,58,18178,69.94,66.45,62.57,0,64
2026-05-16T11:10:00Z,44,18219,66.16,71.57,67.8,3,64
2026-05-16T11:20:00Z,31,16863,67.9,66.6,66.22,8,64
2026-05-16T11:30:00Z,54,18933,56.47,61.52,64.69,6,64
2026-05-16T11:40:00Z,39,18620,57.16,57.97,61.86,1,64
2026-05-16T11:50:00Z,55,18474,57.46,57.96,60.67,0,64
2026-05-16T12:00:00Z,40,18174,71.31,65.86,63.09,3,64
2026-05-16T12:10:01Z,91,18008,49.92,57.3,60.1,0,64
2026-05-16T12:20:00Z,52,16525,59.5,61.09,61.63,6,64
2026-05-16T12:30:00Z,77,18943,69.55,76.77,70.95,7,64
2026-05-16T12:40:02Z,122,19624,73.7,73.6,72.28,5,64
2026-05-16T12:50:00Z,56,19581,82.95,76.87,74.54,2,64
2026-05-16T13:00:00Z,78,19634,91.29,84.15,78.7,13,64
2026-05-16T13:10:02Z,25,17521,56.26,61.34,69.4,18,64
2026-05-16T13:20:00Z,57,16442,50.53,52.57,61.05,1,64
2026-05-16T13:30:00Z,33,18303,61.81,58.79,59.75,0,64
2026-05-16T13:40:00Z,35,13815,34.89,44.02,51.63,3,64
2026-05-16T13:50:00Z,14,14866,32.63,34.49,42.31,0,64
2026-05-16T14:00:01Z,34,17309,36.74,37.6,40.05,2,64
2026-05-16T14:10:01Z,37,20768,62.9,51.28,44.78,10,64
2026-05-16T14:20:04Z,36,18105,82.48,105.14,77.26,5,64
2026-05-16T14:30:00Z,14,16091,28.8,43.42,57.34,0,64
2026-05-16T14:40:00Z,20,12823,40.13,38.41,46.87,0,64
2026-05-16T14:50:00Z,30,16709,47.0,42.66,44.5,0,64
2026-05-16T15:00:02Z,30,18036,59.49,55.28,51.11,0,64
2026-05-16T15:10:00Z,34,18114,69.45,68.63,59.62,2,64
2026-05-16T15:20:00Z,59,20395,140.97,240.02,157.44,1,64
2026-05-16T15:30:02Z,43,17190,49.32,76.64,107.31,3,64
2026-05-16T15:40:00Z,45,13731,35.83,52.75,81.19,2,64
2026-05-16T15:50:00Z,50,17113,53.36,47.92,64.15,0,64
2026-05-16T16:00:01Z,23,18615,59.08,54.81,59.79,0,64
2026-05-16T16:10:00Z,97,20055,81.03,64.39,61.64,7,64
2026-05-16T16:20:00Z,30,17411,56.21,58.44,60.26,0,64
2026-05-16T16:30:04Z,86,17685,56.78,60.27,61.37,1,64
2026-05-16T16:40:00Z,36,17602,59.39,57.46,59.37,0,64
2026-05-16T16:50:03Z,131,18098,63.24,57.5,57.73,3,64
2026-05-16T17:00:00Z,78,18769,64.44,66.99,63.31,0,64
2026-05-16T17:10:00Z,59,18606,74.39,71.31,67.29,0,64
2026-05-16T17:20:00Z,40,18023,57.95,62.72,65.13,0,64
2026-05-16T17:30:00Z,28,16771,66.0,66.2,66.24,10,64
2026-05-16T17:40:00Z,23,15512,67.76,74.04,73.23,24,64
2026-05-16T17:50:00Z,48,17111,58.52,59.38,65.78,0,64
2026-05-16T18:00:00Z,50,18626,81.17,77.77,73.67,7,64
2026-05-16T18:10:00Z,38,17310,71.77,75.6,75.24,0,64
2026-05-16T18:20:00Z,30,17751,67.24,71.95,72.85,1,64
2026-05-16T18:30:00Z,21,17970,72.2,76.9,75.3,36,64
2026-05-16T18:40:00Z,58,18405,76.5,79.97,78.28,4,64
2026-05-16T18:50:00Z,48,16788,67.75,76.43,77.59,11,64
2026-05-16T19:00:01Z,87,17153,67.4,67.77,72.2,3,64
2026-05-16T19:10:00Z,46,17934,81.59,78.43,75.73,9,64
2026-05-16T19:20:00Z,121,18290,73.0,74.46,75.19,3,64
2026-05-16T19:30:00Z,99,17725,78.54,72.09,73.11,1,64
2026-05-16T19:40:00Z,46,15849,69.0,77.38,75.85,1,64
2026-05-16T19:50:00Z,36,15985,65.57,73.26,74.84,2,64
2026-05-16T20:00:00Z,56,15972,61.39,69.55,73.38,3,64
2026-05-16T20:10:00Z,143,33886,375.54,335.51,198.16,92,64
2026-05-16T20:20:00Z,48,18167,79.34,122.8,150.24,6,64
2026-05-16T20:30:00Z,55,17658,70.01,75.9,111.0,0,64
2026-05-16T20:40:00Z,88,18099,69.7,72.45,92.55,1,64
2026-05-16T20:50:00Z,30,17804,80.74,72.73,82.13,1,64
2026-05-16T21:00:00Z,53,17590,64.28,67.77,74.38,1,64
2026-05-16T21:10:00Z,37,16136,69.99,69.7,72.23,0,64
2026-05-16T21:20:00Z,82,16073,49.04,55.48,63.44,0,64
2026-05-16T21:30:00Z,35,15684,35.65,44.6,55.38,1,64
2026-05-16T21:40:00Z,37,15464,36.7,39.01,47.66,0,64
2026-05-16T21:50:00Z,23,15011,36.53,40.09,45.01,1,64
2026-05-16T22:00:00Z,26,14817,30.6,34.48,40.83,3,64
2026-05-16T22:10:00Z,42,14719,40.71,39.13,39.82,1,64
2026-05-16T22:20:00Z,21,13361,25.13,25.96,32.55,3,64
2026-05-16T22:30:00Z,79,15762,45.1,42.12,37.86,10,64
2026-05-16T22:40:01Z,39,15039,34.41,34.33,35.34,3,64
2026-05-16T22:50:00Z,63,15187,31.77,32.09,33.96,0,64
2026-05-16T23:00:00Z,27,15695,34.93,37.35,36.82,0,64
2026-05-16T23:10:01Z,40,15238,47.64,39.38,37.79,3,64
2026-05-16T23:20:00Z,27,13968,29.92,37.92,38.07,1,64
2026-05-16T23:30:00Z,28,13854,32.98,33.07,35.77,0,64
2026-05-16T23:40:00Z,23,16520,38.31,35.59,35.62,1,64
2026-05-16T23:50:00Z,24,15515,33.52,33.04,34.42,1,64
2026-05-17T00:10:00Z,35,13613,40.75,41.21,39.33,2,64
2026-05-17T00:20:00Z,27,17072,70.7,56.09,45.99,6,64
2026-05-17T00:30:00Z,95,18816,73.06,69.52,57.34,1,64
2026-05-17T00:40:02Z,81,21033,96.51,81.72,69.42,14,64
2026-05-17T00:50:01Z,200,29249,443.94,288.33,157.83,1,64
2026-05-17T01:00:01Z,46,17709,66.58,112.54,129.42,12,64
2026-05-17T01:10:00Z,10,15471,44.59,63.11,96.26,8,64
2026-05-17T01:20:03Z,32,16322,46.78,45.17,69.95,9,64
2026-05-17T01:30:00Z,41,17951,73.69,64.08,66.54,0,64
2026-05-17T01:40:02Z,75,18414,67.64,69.95,68.3,1,64
2026-05-17T01:50:02Z,159,33455,309.95,354.25,215.03,9,64
2026-05-17T02:00:00Z,47,17113,60.49,115.63,155.27,5,64
2026-05-17T02:10:00Z,37,13771,41.37,68.83,113.24,1,64
2026-05-17T02:20:00Z,64,15977,50.5,49.67,81.33,5,64
2026-05-17T02:30:00Z,80,17303,76.92,70.43,77.43,3,64
2026-05-17T02:40:00Z,101,22047,100.64,84.44,80.28,4,64
2026-05-17T02:50:10Z,399,35774,582.43,365.23,196.58,1,64
2026-05-17T03:00:00Z,47,17452,66.74,174.79,193.55,2,64
2026-05-17T03:10:03Z,38,14590,42.03,73.09,131.28,1,64
2026-05-17T03:20:00Z,94,17660,69.95,59.8,95.48,11,64
2026-05-17T03:30:04Z,65,20278,88.95,81.89,90.62,2,64
2026-05-17T03:40:01Z,70,22733,97.97,85.4,87.58,0,64
2026-05-17T03:50:29Z,333,33817,606.91,303.69,168.29,48,64
2026-05-17T04:00:00Z,72,18230,103.89,268.1,246.15,5,64
2026-05-17T04:10:00Z,82,18182,74.38,104.97,167.42,8,64
2026-05-17T04:20:00Z,78,18788,86.07,87.93,127.87,4,64
2026-05-17T04:30:00Z,81,20011,116.34,113.58,122.28,18,64
2026-05-17T04:40:01Z,56,18797,79.0,86.89,104.32,1,64
2026-05-17T04:50:04Z,30,18517,81.17,86.13,95.35,1,64
2026-05-17T05:00:01Z,31,16898,68.49,78.7,87.59,2,64
2026-05-17T05:10:05Z,13,12709,23.67,41.83,66.37,1,64
2026-05-17T05:20:00Z,33,14575,38.25,38.6,52.0,2,64
2026-05-17T05:30:00Z,102,19132,85.6,65.0,57.85,4,64
2026-05-17T05:40:00Z,77,19330,92.04,79.79,68.86,26,64
2026-05-17T05:50:00Z,53,13807,38.74,42.39,53.21,5,64
2026-05-17T06:00:02Z,197,18827,85.5,70.39,61.61,2,64
2026-05-17T06:10:00Z,32,15996,38.65,42.31,50.58,1,64
2026-05-17T06:20:00Z,63,17795,69.36,65.91,58.86,1,64
2026-05-17T06:30:04Z,26,13893,25.07,35.48,47.98,1,64
2026-05-17T06:40:08Z,37,13943,36.58,30.1,38.1,1,64
2026-05-17T06:50:00Z,71,17387,66.17,50.58,43.17,2,64
2026-05-17T07:00:00Z,81,18038,76.47,67.14,55.24,1,64
2026-05-17T07:10:00Z,48,19408,76.21,72.26,62.77,35,64
2026-05-17T07:20:00Z,67,17781,75.72,68.56,64.51,3,64
2026-05-17T07:30:00Z,34,17577,64.94,64.35,64.27,2,64
2026-05-17T07:40:00Z,46,16578,55.37,58.61,60.83,5,64
2026-05-17T07:50:00Z,79,17353,77.38,67.54,63.2,12,64
2026-05-17T08:00:00Z,37,14884,46.31,56.16,60.49,4,64
2026-05-17T08:10:00Z,79,17669,90.99,74.47,65.97,7,64
2026-05-17T08:20:03Z,31,12021,20.26,35.13,50.16,2,64
2026-05-17T08:30:00Z,159,17764,30.73,32.48,42.43,2,64
2026-05-17T08:40:01Z,38,13075,32.67,124.39,120.93,1,64
2026-05-17T08:50:02Z,54,14531,42.13,50.46,81.25,2,64
2026-05-17T09:00:01Z,18,10902,20.26,23.97,51.86,1,64
2026-05-17T09:10:03Z,211,20243,75.21,51.91,51.59,8,64
2026-05-17T09:20:27Z,266,33219,659.22,367.34,179.87,1,64
2026-05-17T09:30:00Z,27,12912,29.0,143.96,172.96,3,64
2026-05-17T09:40:00Z,29,13138,28.65,43.13,103.31,2,64
2026-05-17T09:50:06Z,13,12619,30.52,26.73,64.89,10,64
2026-05-17T10:00:00Z,36,15830,51.99,38.23,51.15,9,64
2026-05-17T10:10:04Z,28,17608,65.94,57.18,54.51,1,64
2026-05-17T10:20:00Z,49,17017,60.48,62.56,58.85,2,64
2026-05-17T10:30:05Z,33,17060,59.94,62.0,60.41,9,64
2026-05-17T10:40:00Z,57,18115,62.69,64.94,63.53,0,64
2026-05-17T10:50:03Z,101,17629,66.81,67.62,65.36,1,64
2026-05-17T11:00:01Z,68,18084,69.32,68.39,66.18,0,64
2026-05-17T11:10:00Z,55,17320,74.95,70.5,67.91,3,64
2026-05-17T11:20:03Z,77,17817,64.5,65.37,66.68,1,64
2026-05-17T11:30:04Z,26,13900,43.98,68.66,69.25,2,64
2026-05-17T11:40:00Z,40,14322,46.84,40.76,52.47,26,64
2026-05-17T11:50:00Z,41,15818,49.24,41.59,46.06,1,64
2026-05-17T12:00:05Z,76,19345,65.57,66.78,56.79,2,64
2026-05-17T12:10:00Z,30,13932,29.5,41.53,49.91,1,64
2026-05-17T12:20:00Z,25,12631,23.82,27.58,38.51,5,64
2026-05-17T12:30:00Z,54,19162,63.28,55.93,47.34,12,64
2026-05-17T12:40:00Z,93,20051,67.24,69.01,60.03,1,64
2026-05-17T12:50:00Z,32,14439,27.94,40.15,50.93,1,64
2026-05-17T13:00:00Z,51,19293,76.2,66.28,57.74,0,64
2026-05-17T13:10:01Z,24,16269,35.33,51.37,56.46,1,64
2026-05-17T13:20:01Z,133,21162,89.29,62.41,55.82,1,64
2026-05-17T13:30:00Z,27,18132,59.22,63.6,60.05,1,64
2026-05-17T13:40:02Z,23,16350,74.79,73.56,65.69,0,64
2026-05-17T13:50:00Z,64,16055,43.5,38.07,49.1,0,64
2026-05-17T14:00:00Z,82,18362,73.59,72.59,63.06,1,64
2026-05-17T14:10:20Z,260,23941,423.98,308.53,165.46,0,64
2026-05-17T14:20:00Z,13,15533,29.85,79.11,112.49,0,64
2026-05-17T14:30:01Z,31,15757,31.88,38.67,74.85,1,64
2026-05-17T14:40:07Z,23,13470,25.88,28.15,51.86,0,64
2026-05-17T14:50:00Z,29,16621,42.23,35.24,43.78,0,64
2026-05-17T15:00:00Z,23,14647,28.25,44.0,46.37,0,64
2026-05-17T15:10:00Z,29,17648,74.65,67.46,56.9,6,64
2026-05-17T15:20:02Z,46,17485,63.63,68.14,62.44,1,64
2026-05-17T15:30:00Z,44,17230,57.23,59.74,60.5,1,64
2026-05-17T15:40:01Z,52,14166,30.46,39.24,50.65,1,64
2026-05-17T15:50:02Z,42,16071,56.1,48.24,48.27,6,64
2026-05-17T16:00:02Z,77,19620,103.49,78.18,61.64,3,64
2026-05-17T16:10:03Z,91,17744,64.69,71.16,65.05,4,64
2026-05-17T16:20:00Z,39,13698,42.66,68.48,68.66,1,64
2026-05-17T16:30:00Z,20,13515,29.85,34.37,49.91,0,64
2026-05-17T16:40:05Z,8,12800,29.52,44.95,48.2,0,64
2026-05-17T16:50:01Z,25,14021,56.81,67.26,57.55,0,64
2026-05-17T17:00:00Z,23,11789,20.03,44.19,53.35,1,64
2026-05-17T17:10:00Z,111,18804,76.76,53.29,50.98,0,64
2026-05-17T17:20:00Z,56,19039,73.81,67.85,59.51,1,64
2026-05-17T17:30:03Z,48,15676,43.45,45.74,53.07,1,64
2026-05-17T17:40:00Z,27,11730,27.25,28.36,40.52,0,64
2026-05-17T17:50:00Z,71,17026,59.95,53.21,48.11,10,64
2026-05-17T18:00:00Z,38,14540,35.95,46.87,49.98,1,64
2026-05-17T18:10:02Z,62,18450,66.6,70.22,61.46,5,64
2026-05-17T18:20:00Z,76,16096,54.61,63.04,63.72,6,64
2026-05-17T18:30:00Z,39,16927,69.8,64.77,64.03,18,64
2026-05-17T18:40:01Z,51,16296,47.98,57.49,62.39,1,64
2026-05-17T18:50:00Z,66,17763,73.97,68.15,65.47,14,64
2026-05-17T19:00:00Z,60,19474,68.67,57.52,60.5,9,64
2026-05-17T19:10:01Z,26,17438,45.46,47.39,53.62,0,64
2026-05-17T19:20:00Z,97,19886,80.51,68.88,60.1,1,64
2026-05-17T19:30:00Z,32,15721,36.22,47.84,54.28,0,64
2026-05-17T19:40:00Z,17,14239,35.07,39.61,47.19,1,64
2026-05-17T19:50:00Z,76,17781,65.58,57.15,51.79,0,64
2026-05-17T20:00:04Z,32,17206,44.21,49.52,52.76,0,64
2026-05-17T20:10:00Z,80,18080,59.13,56.65,54.97,0,64
2026-05-17T20:20:00Z,46,15499,41.07,53.31,56.96,0,64
2026-05-17T20:30:00Z,72,18040,71.08,53.86,53.0,1,64
2026-05-17T20:40:00Z,44,17491,61.36,62.02,58.69,1,64
2026-05-17T20:50:00Z,20,15343,43.82,62.27,62.64,0,64
2026-05-17T21:00:00Z,22,16383,41.78,50.52,56.96,7,64
2026-05-17T21:10:00Z,86,19358,95.52,77.13,66.75,17,64
2026-05-17T21:20:01Z,29,15104,39.67,48.34,57.82,0,64
2026-05-17T21:30:00Z,36,14487,37.03,36.97,47.38,0,64
2026-05-17T21:40:02Z,39,14386,41.36,40.63,45.04,29,64
2026-05-17T21:50:00Z,60,15744,46.58,43.66,44.82,2,64
2026-05-17T22:00:00Z,102,18378,69.84,62.78,54.14,22,64
2026-05-17T22:10:00Z,51,16412,51.62,50.65,53.44,26,64
2026-05-17T22:20:05Z,31,15236,35.4,41.17,48.39,0,64
2026-05-17T22:30:02Z,51,19294,71.71,51.55,47.93,0,64
2026-05-17T22:40:00Z,79,18267,93.34,78.93,63.85,3,64
2026-05-17T22:50:00Z,31,15615,43.12,59.66,62.82,0,64
2026-05-17T23:00:04Z,32,15773,46.81,49.09,54.91,0,64
2026-05-17T23:10:00Z,58,18290,75.0,61.48,56.66,0,64
2026-05-17T23:20:02Z,25,15950,37.33,58.18,60.63,0,64
2026-05-17T23:30:01Z,60,17423,74.15,73.49,66.59,5,64
2026-05-17T23:40:01Z,90,17200,67.45,67.99,67.12,1,64
2026-05-17T23:50:00Z,58,15550,63.87,58.1,62.89,13,64
2026-05-18T00:10:00Z,72,19486,77.32,75.31,69.67,0,64
2026-05-18T00:20:00Z,39,15832,41.74,51.1,60.98,1,64
2026-05-18T00:30:01Z,51,18548,62.48,65.21,65.43,0,64
2026-05-18T00:40:06Z,36,14560,39.31,53.26,61.81,1,64
2026-05-18T00:50:00Z,67,17685,61.68,67.16,66.4,3,64
2026-05-18T01:00:01Z,32,14482,36.47,56.94,64.28,1,64
2026-05-18T01:10:00Z,44,18377,75.66,62.07,60.9,13,64
2026-05-18T01:20:00Z,93,19736,85.77,68.9,64.5,2,64
2026-05-18T01:30:01Z,29,16069,43.29,50.59,57.01,1,64
2026-05-18T01:40:01Z,96,18916,75.32,65.85,60.4,0,64
2026-05-18T01:50:00Z,119,17341,56.96,64.41,63.04,2,64
2026-05-18T02:00:00Z,78,17817,69.66,65.84,64.17,0,64
2026-05-18T02:10:00Z,90,18088,62.83,65.22,65.81,0,64
2026-05-18T02:20:00Z,37,17196,66.31,68.38,67.7,16,64
2026-05-18T02:30:00Z,31,18282,83.67,75.96,71.26,4,64
2026-05-18T02:40:00Z,60,18465,61.37,57.97,62.19,0,64
2026-05-18T02:50:02Z,32,14308,40.98,44.6,55.4,1,64
2026-05-18T03:00:01Z,97,20793,84.1,67.64,60.8,13,64
2026-05-18T03:10:07Z,28,15469,41.69,50.36,57.82,0,64
2026-05-18T03:20:00Z,36,14651,33.63,50.28,58.0,1,64
2026-05-18T03:30:00Z,32,16613,36.97,52.4,57.21,0,64
2026-05-18T03:40:01Z,79,19547,97.95,73.18,62.64,12,64
2026-05-18T03:50:02Z,105,20132,80.15,80.75,71.98,0,64
2026-05-18T04:00:00Z,88,18891,86.21,74.63,72.23,0,64
2026-05-18T04:10:02Z,98,19127,82.75,79.83,76.39,3,64
2026-05-18T04:20:00Z,17,16632,57.42,70.78,75.13,1,64
2026-05-18T04:30:00Z,94,18230,64.74,60.09,65.97,1,64
2026-05-18T04:40:01Z,86,20230,78.69,76.41,72.54,1,64
2026-05-18T04:50:00Z,57,20908,78.34,79.1,75.69,0,64
2026-05-18T05:00:00Z,52,19816,76.2,82.55,80.27,2,64
2026-05-18T05:10:00Z,105,19956,60.39,70.68,76.24,2,64
2026-05-18T05:20:00Z,44,18967,65.22,61.26,68.09,11,64
2026-05-18T05:30:01Z,63,18633,62.95,67.39,68.28,1,64
2026-05-18T05:40:00Z,72,18427,64.0,68.64,69.58,0,64
2026-05-18T05:50:00Z,34,18310,56.42,64.73,67.46,0,64
2026-05-18T06:00:00Z,56,18826,84.52,71.5,68.31,13,64
2026-05-18T06:10:01Z,44,19820,70.79,80.53,75.88,2,64
2026-05-18T06:20:00Z,54,18371,65.17,71.1,73.14,1,64
2026-05-18T06:30:00Z,86,18796,73.29,74.09,73.86,0,64
2026-05-18T06:40:02Z,101,19526,70.98,75.67,74.85,0,64
2026-05-18T06:50:00Z,55,19620,68.5,69.82,72.31,0,64
2026-05-18T07:00:00Z,103,20129,74.15,81.85,78.72,2,64
2026-05-18T07:10:00Z,72,20192,70.81,77.84,78.15,0,64
2026-05-18T07:20:03Z,96,20892,93.4,81.2,79.1,11,64
2026-05-18T07:30:00Z,93,15939,56.31,75.84,81.09,7,64
2026-05-18T07:40:00Z,72,17918,62.01,67.17,74.25,1,64
2026-05-18T07:50:01Z,46,18126,60.74,60.22,66.44,1,64
2026-05-18T08:00:00Z,39,18405,83.71,73.14,69.04,23,64
2026-05-18T08:10:00Z,102,19708,96.0,83.08,75.29,16,64
2026-05-18T08:20:00Z,63,19245,81.77,79.65,77.32,25,64
2026-05-18T08:30:00Z,105,18779,93.71,88.59,83.07,29,64
2026-05-18T08:40:03Z,55,18486,101.12,95.72,88.5,15,64
2026-05-18T08:50:00Z,47,18449,97.13,98.28,93.35,18,64
2026-05-18T09:00:00Z,98,15272,110.86,101.28,97.98,17,64
2026-05-18T09:10:00Z,96,20418,97.04,91.23,93.07,10,64
2026-05-18T09:20:00Z,73,20886,103.75,103.67,99.1,9,64
2026-05-18T09:30:00Z,59,19312,89.33,94.09,97.86,24,64
2026-05-18T09:40:00Z,73,20430,107.32,96.79,97.0,18,64
2026-05-18T09:50:00Z,91,21573,104.96,109.3,103.24,10,64
2026-05-18T10:00:16Z,15,15536,31.54,63.73,86.1,0,64
2026-05-18T10:10:03Z,21,15262,38.57,38.03,60.72,12,64
2026-05-18T10:20:00Z,41,15385,51.6,46.4,53.73,1,64
2026-05-18T10:30:00Z,46,16969,69.15,68.03,62.1,2,64
2026-05-18T10:40:01Z,73,20601,73.52,64.44,61.67,2,64
2026-05-18T10:50:01Z,41,15925,54.58,57.05,60.57,1,64
2026-05-18T11:00:00Z,54,19986,103.45,83.51,69.78,11,64
2026-05-18T11:10:05Z,79,17621,70.79,76.75,72.65,1,64
2026-05-18T11:20:01Z,64,18349,73.85,73.76,72.54,1,64
2026-05-18T11:30:00Z,50,19157,78.3,78.68,76.33,5,64
2026-05-18T11:40:04Z,67,18259,71.57,73.79,75.1,0,64
2026-05-18T11:50:01Z,65,18697,71.43,68.73,71.17,0,64
2026-05-18T12:00:00Z,43,16375,45.54,58.94,67.0,1,64
2026-05-18T12:10:01Z,97,19850,97.77,78.88,71.26,15,64
2026-05-18T12:20:00Z,44,19921,73.47,79.51,76.68,3,64
2026-05-18T12:30:00Z,122,19256,78.3,79.21,77.64,5,64
2026-05-18T12:40:00Z,38,19589,86.22,80.23,79.22,2,64
2026-05-18T12:50:02Z,116,20595,76.16,70.95,74.19,6,64
2026-05-18T13:00:01Z,41,19955,65.72,70.79,73.64,3,64
2026-05-18T13:10:02Z,38,18792,61.85,67.49,70.55,1,64
2026-05-18T13:20:00Z,122,19470,82.78,76.29,73.16,1,64
2026-05-18T13:30:00Z,64,19805,76.95,75.15,73.34,0,64
2026-05-18T13:40:00Z,44,18503,61.34,67.81,70.21,0,64
2026-05-18T13:50:01Z,51,18229,60.16,65.82,68.88,8,64
2026-05-18T14:00:00Z,37,14451,38.32,52.52,61.97,8,64
2026-05-18T14:10:00Z,63,18502,87.29,68.54,63.62,1,64
2026-05-18T14:20:00Z,59,19944,84.26,81.41,71.44,2,64
2026-05-18T14:30:01Z,57,19455,77.95,73.39,71.14,13,64
2026-05-18T14:40:00Z,76,20035,79.09,70.26,69.73,1,64
2026-05-18T14:50:00Z,75,22167,98.77,92.97,81.79,11,64
2026-05-18T15:00:00Z,60,22693,96.66,99.33,89.37,2,64
2026-05-18T15:10:01Z,62,22593,92.01,91.09,90.13,13,64
2026-05-18T15:20:02Z,46,22130,97.12,89.29,89.81,34,64
2026-05-18T15:30:00Z,55,22755,97.66,96.38,92.44,1,64
2026-05-18T15:40:00Z,127,23547,109.42,97.34,93.87,14,64
2026-05-18T15:50:00Z,62,22063,80.5,86.88,90.66,1,64
2026-05-18T16:00:00Z,37,21488,103.3,98.14,94.8,39,64
2026-05-18T16:10:01Z,156,20820,101.81,96.55,96.05,6,64
2026-05-18T16:20:00Z,43,21828,87.76,82.87,88.74,5,64
2026-05-18T16:30:00Z,40,20182,73.79,80.73,85.93,11,64
2026-05-18T16:40:01Z,38,21176,95.65,92.52,89.52,7,64
2026-05-18T16:50:00Z,28,14456,38.36,60.16,75.56,1,64
2026-05-18T17:00:02Z,19,15036,28.89,35.57,54.59,6,64
2026-05-18T17:10:00Z,71,17582,55.97,57.1,56.7,4,64
2026-05-18T17:20:00Z,32,16498,58.17,69.9,64.63,23,64
2026-05-18T17:30:09Z,21,15348,31.19,47.72,56.64,1,64
2026-05-18T17:40:00Z,37,18177,55.87,50.08,52.06,4,64
2026-05-18T17:50:01Z,61,19439,59.33,58.58,55.62,4,64
2026-05-18T18:00:01Z,57,19701,81.82,64.98,59.05,4,64
2026-05-18T18:10:00Z,50,19847,55.4,56.16,57.77,5,64
2026-05-18T18:20:00Z,64,19215,55.68,57.77,58.28,6,64
2026-05-18T18:30:00Z,90,20399,68.54,69.17,64.01,8,64
2026-05-18T18:40:00Z,61,20282,77.14,73.46,68.93,5,64
2026-05-18T18:50:00Z,66,21158,67.19,71.98,70.58,2,64
2026-05-18T19:00:01Z,41,18846,63.18,66.64,69.48,1,64
2026-05-18T19:10:00Z,28,18290,57.04,61.83,65.59,4,64
2026-05-18T19:20:01Z,23,16451,34.74,45.97,56.43,2,64
2026-05-18T19:30:00Z,42,18812,45.62,44.78,50.05,0,64
2026-05-18T19:40:01Z,28,21132,50.32,49.27,50.44,5,64
2026-05-18T19:50:00Z,97,23127,88.14,71.43,60.4,16,64
2026-05-18T20:00:02Z,98,23098,67.65,71.4,66.14,1,64
2026-05-18T20:10:04Z,40,21755,61.07,66.98,66.92,0,64
2026-05-18T20:20:03Z,100,21504,62.79,66.21,66.99,1,64
2026-05-18T20:30:02Z,52,16759,61.96,66.87,67.1,4,64
2026-05-18T20:40:00Z,68,18792,102.59,75.41,67.89,17,64
2026-05-18T20:50:01Z,40,18403,70.79,72.9,70.4,12,64
2026-05-18T21:00:00Z,58,17492,86.21,67.56,66.33,3,64
2026-05-18T21:10:00Z,42,16495,59.22,45.98,54.99,3,64
2026-05-18T21:20:00Z,27,16580,47.84,51.91,54.34,0,64
2026-05-18T21:30:01Z,35,15764,37.15,42.95,48.86,1,64
2026-05-18T21:40:02Z,42,18622,57.82,49.73,49.17,2,64
2026-05-18T21:50:00Z,81,19218,64.58,58.13,52.76,2,64
2026-05-18T22:00:00Z,35,17107,64.05,58.02,54.43,12,64
2026-05-18T22:10:01Z,39,17807,51.19,49.83,52.16,12,64
2026-05-18T22:20:00Z,42,18759,59.77,59.57,56.52,16,64
2026-05-18T22:30:00Z,36,18362,53.37,57.52,56.64,4,64
2026-05-18T22:40:00Z,40,16391,57.79,57.54,57.26,2,64
2026-05-18T22:50:02Z,110,18948,62.69,61.33,58.42,9,64
2026-05-18T23:00:00Z,118,19407,101.2,73.72,63.24,3,64
2026-05-18T23:10:01Z,57,21460,103.72,81.88,71.8,24,64
2026-05-18T23:20:01Z,64,17813,89.9,90.47,81.75,4,64
2026-05-18T23:30:09Z,76,17958,82.16,84.36,81.13,7,64
2026-05-18T23:40:03Z,107,16988,73.22,71.43,75.67,1,64
2026-05-18T23:50:00Z,67,18894,87.35,80.73,77.43,9,64
2026-05-19T00:10:00Z,69,17094,79.14,76.33,75.99,21,64
2026-05-19T00:20:07Z,43,17346,67.63,73.72,75.2,5,64
2026-05-19T00:30:02Z,69,19175,92.98,82.02,77.45,2,64
2026-05-19T00:40:00Z,61,17285,69.32,75.0,76.36,3,64
2026-05-19T00:50:05Z,55,17181,73.14,73.69,75.23,14,64
2026-05-19T01:00:00Z,45,17280,69.99,77.15,77.12,4,64
2026-05-19T01:10:00Z,56,17732,74.25,81.97,80.7,2,64
2026-05-19T01:20:01Z,77,17093,72.77,84.57,83.64,7,64
2026-05-19T01:30:03Z,59,17313,80.17,77.64,79.85,2,64
2026-05-19T01:40:01Z,63,17292,74.41,77.15,78.36,3,64
2026-05-19T01:50:00Z,66,17768,48.54,47.53,61.31,5,64
2026-05-19T02:00:01Z,54,17600,56.58,55.9,58.95,1,64
2026-05-19T02:10:00Z,44,18754,60.34,70.19,66.27,9,64
2026-05-19T02:20:00Z,60,18150,59.11,60.22,63.33,3,64
2026-05-19T02:30:00Z,32,18512,76.26,75.98,70.98,25,64
2026-05-19T02:40:00Z,44,18973,61.07,60.31,65.22,5,64
2026-05-19T02:50:00Z,69,20049,79.61,71.01,68.06,15,64
2026-05-19T03:00:00Z,37,17608,100.66,78.07,70.3,52,64
2026-05-19T03:10:00Z,36,18434,107.1,106.33,90.27,41,64
2026-05-19T03:20:00Z,95,19326,60.33,65.82,76.75,6,64
2026-05-19T03:30:04Z,50,16068,43.77,48.69,62.4,1,64
2026-05-19T03:40:01Z,37,17518,49.69,60.65,63.35,15,64
2026-05-19T03:50:01Z,95,18963,53.7,58.19,60.76,4,64
2026-05-19T04:00:03Z,54,18434,65.48,68.5,64.56,2,64
2026-05-19T04:10:00Z,102,20053,76.48,76.77,69.43,2,64
2026-05-19T04:20:00Z,72,19046,70.36,70.97,68.78,12,64
2026-05-19T04:30:00Z,51,18638,54.64,61.75,65.18,10,64
2026-05-19T04:40:01Z,34,19634,83.09,76.98,71.34,19,64
2026-05-19T04:50:02Z,36,19647,63.22,70.09,70.59,1,64
2026-05-19T05:00:00Z,22,16002,39.96,62.33,69.1,1,64
2026-05-19T05:10:01Z,118,17339,64.16,66.01,67.82,2,64
2026-05-19T05:20:01Z,98,18671,73.91,75.9,72.66,6,64
2026-05-19T05:30:00Z,65,20654,81.51,75.89,74.14,12,64
2026-05-19T05:40:01Z,89,19986,89.21,87.96,81.19,2,64
2026-05-19T05:50:00Z,89,20441,110.68,91.41,84.84,24,64
2026-05-19T06:00:00Z,38,18391,81.65,82.45,83.28,6,64
2026-05-19T06:10:00Z,47,18735,74.22,79.61,81.63,2,64
2026-05-19T06:20:03Z,48,18339,55.39,71.63,78.16,10,64
2026-05-19T06:30:00Z,74,20019,87.95,78.13,78.0,8,64
2026-05-19T06:40:00Z,91,19837,68.9,74.01,78.16,2,64
2026-05-19T06:50:01Z,45,18218,68.62,71.17,75.37,20,64
2026-05-19T07:00:00Z,57,20821,94.46,88.04,81.53,2,64
2026-05-19T07:10:00Z,66,19449,90.8,89.7,85.07,2,64
2026-05-19T07:20:00Z,53,19137,79.13,79.0,81.69,4,64
2026-05-19T07:30:01Z,105,20204,82.46,79.18,79.78,1,64
2026-05-19T07:40:03Z,74,20004,67.76,62.96,71.01,6,64
2026-05-19T07:50:03Z,32,18635,57.22,61.5,67.07,1,64
2026-05-19T08:00:00Z,44,18210,53.78,60.99,65.34,11,64
2026-05-19T08:10:01Z,55,18471,64.52,65.02,65.47,1,64
2026-05-19T08:20:01Z,38,20185,74.55,67.08,64.88,16,64
2026-05-19T08:30:07Z,35,20525,85.81,71.93,68.23,1,64
2026-05-19T08:40:00Z,81,17994,52.54,56.35,62.63,0,64
2026-05-19T08:50:02Z,53,17823,60.64,59.14,60.79,11,64
2026-05-19T09:00:01Z,27,18197,40.46,45.46,53.66,9,64
2026-05-19T09:10:00Z,37,20894,54.2,44.29,47.37,11,64
2026-05-19T09:20:01Z,24,18309,43.59,41.56,45.3,1,64
2026-05-19T09:30:00Z,29,21042,58.9,49.64,46.04,4,64
2026-05-19T09:40:04Z,31,18460,35.99,35.12,39.45,2,64
2026-05-19T09:50:00Z,35,19726,51.65,43.59,40.98,5,64
2026-05-19T10:00:01Z,64,18624,24.64,31.53,36.53,4,64
2026-05-19T10:10:00Z,33,20176,47.15,41.87,39.38,2,64
2026-05-19T10:20:00Z,39,18695,43.15,37.54,38.02,1,64
2026-05-19T10:30:00Z,66,18946,37.73,37.05,38.01,1,64
2026-05-19T10:40:08Z,16,17085,40.28,41.89,39.99,3,64
2026-05-19T10:50:00Z,67,18849,38.83,37.35,37.8,2,64
2026-05-19T11:00:00Z,24,16873,28.79,37.55,39.04,6,64
2026-05-19T11:10:01Z,93,20729,78.96,65.58,50.31,4,64
2026-05-19T11:20:00Z,33,17186,50.0,67.75,61.5,6,64
2026-05-19T11:30:00Z,65,18513,53.74,56.57,58.01,2,64
2026-05-19T11:40:00Z,34,16702,71.77,68.24,61.99,14,64
2026-05-19T11:50:02Z,88,19365,79.35,67.38,62.09,1,64
2026-05-19T12:00:01Z,56,18960,47.62,60.58,64.52,1,64
2026-05-19T12:10:00Z,84,19034,72.41,69.71,66.9,0,64
2026-05-19T12:20:00Z,38,16948,44.0,60.95,66.34,2,64
2026-05-19T12:30:00Z,96,20707,91.76,62.6,61.63,1,64
2026-05-19T12:40:00Z,110,18512,77.36,73.68,68.3,14,64
2026-05-19T12:50:02Z,19,16312,34.07,54.76,62.96,1,64
2026-05-19T13:00:00Z,27,15278,41.75,43.05,53.16,3,64
2026-05-19T13:10:00Z,45,17330,33.7,43.01,49.96,5,64
2026-05-19T13:20:00Z,95,16939,57.69,63.03,57.99,1,64
2026-05-19T13:30:00Z,103,18782,56.62,50.86,52.95,1,64
2026-05-19T13:40:00Z,52,17802,64.83,51.55,51.24,4,64
2026-05-19T13:50:00Z,53,18819,61.19,62.52,57.55,1,64
2026-05-19T14:00:02Z,66,20520,72.7,65.94,62.12,4,64
2026-05-19T14:10:00Z,50,20216,75.22,71.08,66.6,8,64
2026-05-19T14:20:00Z,56,19579,83.25,80.72,73.53,1,64
2026-05-19T14:30:01Z,45,18241,62.41,71.6,72.38,1,64
2026-05-19T14:40:00Z,56,18140,56.16,61.74,67.57,0,64
2026-05-19T14:50:04Z,86,20827,89.4,70.97,67.07,10,64
2026-05-19T15:00:02Z,46,19444,66.45,69.84,69.12,8,64
2026-05-19T15:10:00Z,42,18219,67.11,73.14,72.71,2,64
2026-05-19T15:20:00Z,45,19672,57.41,71.09,71.85,2,64
2026-05-19T15:30:00Z,64,19097,84.75,75.52,73.03,0,64
2026-05-19T15:40:00Z,60,19232,57.03,67.07,70.59,0,64
2026-05-19T15:50:01Z,98,19908,74.49,64.35,65.94,20,64
2026-05-19T16:00:00Z,31,17721,72.52,69.97,68.19,1,64
2026-05-19T16:10:00Z,62,16988,65.13,67.13,67.32,2,64
2026-05-19T16:20:01Z,48,17743,59.61,59.99,62.33,5,64
2026-05-19T16:30:00Z,82,16704,72.86,61.83,60.96,0,64
2026-05-19T16:40:00Z,101,19494,77.36,63.76,61.03,1,64
2026-05-19T16:50:00Z,67,18059,58.7,56.31,59.1,4,64
2026-05-19T17:00:00Z,31,16090,52.71,58.29,59.39,3,64
2026-05-19T17:10:00Z,47,17994,50.47,55.44,58.13,3,64
2026-05-19T17:20:01Z,29,16818,56.65,57.78,57.34,2,64
2026-05-19T17:30:00Z,83,19037,72.13,63.31,59.25,2,64
2026-05-19T17:40:00Z,39,18829,62.67,59.45,58.53,1,64
2026-05-19T17:50:01Z,45,18924,63.57,61.09,60.93,3,64
2026-05-19T18:00:00Z,54,18845,86.92,77.38,68.55,25,64
2026-05-19T18:10:00Z,64,17802,77.88,74.78,71.54,26,64
2026-05-19T18:20:00Z,53,20642,78.97,73.01,72.23,6,64
2026-05-19T18:30:00Z,50,18984,73.33,66.23,67.77,3,64
2026-05-19T18:40:00Z,54,17579,69.92,72.8,70.75,28,64
2026-05-19T18:50:00Z,59,17940,48.79,61.33,67.18,2,64
2026-05-19T19:00:00Z,33,17840,75.09,79.09,73.65,3,64
2026-05-19T19:10:02Z,73,20698,88.77,87.39,79.4,1,64
2026-05-19T19:20:03Z,32,15630,34.19,56.96,69.62,10,64
2026-05-19T19:30:01Z,21,14230,41.77,43.03,55.41,2,64
2026-05-19T19:40:00Z,17,15429,32.99,34.32,44.95,5,64
2026-05-19T19:50:03Z,49,17259,71.84,69.41,57.87,2,64
2026-05-19T20:00:00Z,37,17965,60.3,67.38,62.57,1,64
2026-05-19T20:10:01Z,68,17380,59.05,57.8,60.35,4,64
2026-05-19T20:20:00Z,77,17951,59.03,61.41,61.75,2,64
2026-05-19T20:30:00Z,76,18659,85.11,70.95,65.93,1,64
2026-05-19T20:40:00Z,22,13446,14.19,37.66,55.54,5,64
2026-05-19T20:50:03Z,44,16968,43.45,46.74,51.0,14,64
2026-05-19T21:00:01Z,34,15769,28.08,34.31,42.73,0,64
2026-05-19T21:10:01Z,29,18045,36.08,36.93,40.46,0,64
2026-05-19T21:20:02Z,13,16826,36.16,44.46,44.15,2,64
2026-05-19T21:30:02Z,37,21481,82.45,68.39,54.9,2,64
2026-05-19T21:40:00Z,24,17168,62.31,71.79,64.6,8,64
2026-05-19T21:50:01Z,40,17862,37.66,38.64,49.31,3,64
2026-05-19T22:00:01Z,71,21083,78.87,64.91,57.53,16,64
2026-05-19T22:10:00Z,60,20677,82.98,75.86,66.79,13,64
2026-05-19T22:20:07Z,27,20548,69.68,75.75,71.75,10,64
2026-05-19T22:30:00Z,65,20817,65.92,63.06,66.23,10,64
2026-05-19T22:40:00Z,80,20406,75.53,78.79,74.58,5,64
2026-05-19T22:50:00Z,90,23098,91.95,82.16,77.46,6,64
2026-05-19T23:00:00Z,80,21579,97.59,88.78,82.86,17,64
2026-05-19T23:10:00Z,31,19278,82.63,94.99,90.08,3,64
2026-05-19T23:20:00Z,83,22147,122.54,95.7,89.83,12,64
2026-05-19T23:30:00Z,95,22920,94.77,91.72,92.06,14,64
2026-05-19T23:40:00Z,48,20801,73.67,85.41,89.53,6,64
2026-05-19T23:50:00Z,65,22817,99.52,94.35,89.16,3,64
2026-05-20T00:10:00Z,93,23803,84.47,81.85,84.49,3,64
2026-05-20T00:20:00Z,58,24717,111.81,98.85,90.05,38,64
2026-05-20T00:30:01Z,78,22811,91.25,90.93,89.43,19,64
2026-05-20T00:40:01Z,77,24451,77.81,80.62,83.87,29,64
2026-05-20T00:50:00Z,73,25074,111.65,93.14,87.76,3,64
2026-05-20T01:00:00Z,65,24484,125.62,113.12,99.58,4,64
2026-05-20T01:10:00Z,32,24139,98.29,96.38,97.06,4,64
2026-05-20T01:20:00Z,87,26173,102.46,94.06,94.55,3,64
2026-05-20T01:30:01Z,70,22610,98.61,98.08,96.38,14,64
2026-05-20T01:40:00Z,75,23416,75.36,81.89,89.64,1,64
2026-05-20T01:50:04Z,90,22428,79.25,89.73,92.04,17,64
2026-05-20T02:00:03Z,64,23228,77.58,87.9,91.29,4,64
2026-05-20T02:10:00Z,83,24896,93.8,86.13,87.32,4,64
2026-05-20T02:20:00Z,84,25695,101.07,99.64,94.14,6,64
2026-05-20T02:30:00Z,94,25412,112.0,102.7,97.45,19,64
2026-05-20T02:40:00Z,85,24517,91.5,98.63,98.3,7,64
2026-05-20T02:50:00Z,55,24417,97.5,103.73,101.68,8,64
2026-05-20T03:00:00Z,171,25827,99.95,105.43,102.68,2,64
2026-05-20T03:10:00Z,127,25585,110.32,112.29,106.75,8,64
2026-05-20T03:20:00Z,115,24637,114.91,117.52,112.76,6,64
2026-05-20T03:30:00Z,56,23886,82.31,102.64,108.68,4,64
2026-05-20T03:40:00Z,223,24977,97.02,100.19,104.32,14,64
2026-05-20T03:50:00Z,80,22930,82.28,93.25,100.56,6,64
2026-05-20T04:00:00Z,39,22871,85.99,88.74,94.97,12,64
2026-05-20T04:10:00Z,66,23426,98.22,95.66,95.09,19,64
2026-05-20T04:20:00Z,63,23645,97.12,105.77,101.72,7,64
2026-05-20T04:30:00Z,55,24443,91.79,100.26,100.47,17,64
2026-05-20T04:40:00Z,68,25095,113.34,110.5,105.06,6,64
2026-05-20T04:50:00Z,162,25906,109.69,111.29,107.31,4,64
2026-05-20T05:00:00Z,120,26324,115.08,109.15,107.07,22,64
2026-05-20T05:10:00Z,74,23459,81.36,95.07,102.03,15,64
2026-05-20T05:20:00Z,74,23553,86.51,95.01,99.7,3,64
2026-05-20T05:30:00Z,138,24900,109.21,107.4,103.49,6,64
2026-05-20T05:40:04Z,144,23881,108.36,111.68,108.24,2,64
2026-05-20T05:50:01Z,87,25344,106.58,111.3,109.85,6,64
2026-05-20T06:00:00Z,82,24454,118.18,107.63,107.73,16,64
2026-05-20T06:10:05Z,55,24558,133.83,111.28,107.46,5,64
2026-05-20T06:20:00Z,92,22009,78.06,97.0,103.46,10,64
2026-05-20T06:30:03Z,35,23799,69.45,68.81,85.43,13,64
2026-05-20T06:40:00Z,53,22840,58.63,64.42,76.24,3,64
2026-05-20T06:50:03Z,31,22205,54.39,65.35,71.83,5,64
2026-05-20T07:00:02Z,72,22278,61.54,60.73,65.16,13,64
2026-05-20T07:10:01Z,37,23404,54.06,55.71,61.0,0,64
2026-05-20T07:20:02Z,54,21980,69.98,64.68,62.62,10,64
2026-05-20T07:30:02Z,63,22691,55.4,58.97,60.59,5,64
2026-05-20T07:40:00Z,65,22239,55.87,59.39,60.63,4,64
2026-05-20T07:50:00Z,90,22187,49.19,55.32,58.73,2,64
2026-05-20T08:00:01Z,94,23765,66.58,67.35,63.03,4,64
2026-05-20T08:10:04Z,40,23937,64.56,67.46,64.52,12,64
2026-05-20T08:20:00Z,41,23780,77.93,69.54,64.94,3,64
2026-05-20T08:30:02Z,85,23881,79.98,74.67,69.33,5,64
2026-05-20T08:40:00Z,86,25926,112.48,101.32,83.53,6,64
2026-05-20T08:50:00Z,112,26821,115.43,100.81,90.55,16,64
2026-05-20T09:00:00Z,150,26903,132.92,113.56,98.72,23,64
2026-05-20T09:10:00Z,108,23599,66.11,87.27,93.32,2,64
2026-05-20T09:20:00Z,80,24415,66.68,63.44,77.06,2,64
2026-05-20T09:30:00Z,72,25349,97.06,90.4,84.55,13,64
2026-05-20T09:40:00Z,32,24203,106.03,105.64,95.97,48,64
2026-05-20T09:50:00Z,109,25283,90.31,89.26,91.47,8,64
2026-05-20T10:00:00Z,61,25672,116.28,109.38,100.48,41,64
2026-05-20T10:10:00Z,111,26102,121.96,120.69,112.14,16,64
2026-05-20T10:20:00Z,82,25140,100.25,93.57,100.81,15,64
2026-05-20T10:30:00Z,97,26601,121.62,103.03,101.08,18,64
2026-05-20T10:40:00Z,67,24400,66.02,80.92,92.44,6,64
2026-05-20T10:50:00Z,76,25085,87.25,92.34,92.69,9,64
2026-05-20T11:00:01Z,53,26011,101.32,101.21,96.98,15,64
2026-05-20T11:10:00Z,37,24125,87.72,78.84,85.44,22,64
2026-05-20T11:20:00Z,36,23597,88.9,87.66,87.35,12,64
2026-05-20T11:30:00Z,28,23884,69.19,76.41,81.21,20,64
2026-05-20T11:40:01Z,42,23651,64.6,58.38,69.0,16,64
2026-05-20T11:50:02Z,49,22784,60.09,60.58,66.44,4,64
2026-05-20T12:00:02Z,37,22496,63.1,62.34,65.37,7,64
2026-05-20T12:10:00Z,47,23134,68.21,73.62,70.51,2,64
2026-05-20T12:20:01Z,39,24215,63.37,65.74,66.87,5,64
2026-05-20T12:30:01Z,45,24187,83.75,71.88,68.16,22,64
2026-05-20T12:40:02Z,67,24237,65.14,65.12,67.71,11,64
2026-05-20T12:50:01Z,34,23048,55.18,58.6,64.85,3,64
2026-05-20T13:00:00Z,40,24693,82.27,78.26,71.17,16,64
2026-05-20T13:10:00Z,44,23797,77.61,70.63,70.15,16,64
2026-05-20T13:20:00Z,94,25640,71.83,71.79,70.65,2,64
2026-05-20T13:30:00Z,114,24048,63.53,68.53,69.72,5,64
2026-05-20T13:40:03Z,72,24892,98.22,79.26,72.54,35,64
2026-05-20T13:50:02Z,85,24783,71.85,73.73,72.81,3,64
2026-05-20T14:00:00Z,31,23947,65.46,70.45,72.77,18,64
2026-05-20T14:10:03Z,36,24104,78.48,75.33,73.64,13,64
2026-05-20T14:20:00Z,104,24098,68.29,69.91,72.18,13,64
2026-05-20T14:30:01Z,103,24960,83.11,79.24,75.48,26,64
2026-05-20T14:40:01Z,59,24253,69.02,69.26,72.38,8,64
2026-05-20T14:50:01Z,58,24312,65.23,71.28,73.0,4,64
2026-05-20T15:00:03Z,52,25351,77.04,75.74,73.46,4,64
2026-05-20T15:10:00Z,67,23526,64.87,69.09,71.84,12,64
2026-05-20T15:20:00Z,46,24649,69.65,64.19,67.48,17,64
2026-05-20T15:30:00Z,76,24921,79.77,78.66,72.35,18,64
2026-05-20T15:40:02Z,50,24487,66.81,71.65,72.07,14,64
2026-05-20T15:50:00Z,66,24467,71.43,70.54,69.25,2,64
2026-05-20T16:00:00Z,53,24735,75.29,77.26,72.74,5,64
2026-05-20T16:10:00Z,44,24405,84.65,73.87,71.45,3,64
2026-05-20T16:20:00Z,103,25676,67.74,71.41,71.17,4,64
2026-05-20T16:30:04Z,25,24099,72.32,74.36,73.44,5,64
2026-05-20T16:40:00Z,35,23598,62.03,77.8,77.09,9,64
2026-05-20T16:50:01Z,58,25395,89.96,92.21,84.52,8,64
2026-05-20T17:00:00Z,88,24877,66.81,90.63,90.0,1,64
2026-05-20T17:10:01Z,81,27099,84.43,87.28,87.34,4,64
2026-05-20T17:20:00Z,40,25387,67.62,74.6,81.09,6,64
2026-05-20T17:30:00Z,57,24838,68.54,69.25,75.59,3,64
2026-05-20T17:40:00Z,152,27786,92.59,78.56,76.25,9,64
2026-05-20T17:50:00Z,119,27166,107.94,84.64,79.94,2,64
2026-05-20T18:00:00Z,141,27314,95.62,98.49,91.56,7,64
2026-05-20T18:10:00Z,176,26092,76.33,84.98,89.86,3,64
2026-05-20T18:20:01Z,84,25296,89.43,95.94,95.63,3,64
2026-05-20T18:30:01Z,70,25946,92.81,83.52,86.88,6,64
2026-05-20T18:40:05Z,43,23936,53.08,64.37,76.48,0,64
2026-05-20T18:50:00Z,73,23398,47.76,56.84,68.18,2,64
2026-05-20T19:00:00Z,47,24056,51.54,48.56,58.7,3,64
2026-05-20T19:10:00Z,69,24364,64.93,60.65,60.03,9,64
2026-05-20T19:20:00Z,58,24190,75.56,72.96,66.45,16,64
2026-05-20T19:30:00Z,49,23875,61.03,63.44,64.69,0,64
2026-05-20T19:40:00Z,107,25347,57.05,52.87,58.61,3,64
2026-05-20T19:50:00Z,68,21707,50.09,51.43,55.52,8,64
2026-05-20T20:00:00Z,36,21167,37.99,39.47,47.25,5,64
2026-05-20T20:10:02Z,87,23391,60.49,48.44,47.61,25,64
2026-05-20T20:20:02Z,20,18676,45.97,51.62,49.66,6,64
2026-05-20T20:30:01Z,20,19133,28.09,38.96,45.35,5,64
2026-05-20T20:40:01Z,13,18297,45.08,43.09,44.89,5,64
2026-05-20T20:50:00Z,35,20152,38.62,40.17,43.42,4,64
2026-05-20T21:00:00Z,22,21334,58.7,57.79,51.87,4,64
2026-05-20T21:10:01Z,36,21876,61.13,57.77,53.5,5,64
2026-05-20T21:20:00Z,43,20537,36.15,37.41,43.94,4,64
2026-05-20T21:30:00Z,48,21905,58.41,44.72,43.47,5,64
2026-05-20T21:40:00Z,27,19603,36.07,37.03,40.54,7,64
2026-05-20T21:50:01Z,48,20145,48.16,43.43,42.19,5,64
2026-05-20T22:00:00Z,25,19587,39.81,40.08,42.07,3,64
2026-05-20T22:10:00Z,36,18896,28.11,36.53,39.96,3,64
2026-05-20T22:20:00Z,15,18891,32.76,37.84,40.16,2,64
2026-05-20T22:30:00Z,43,19584,51.2,45.05,43.68,3,64
2026-05-20T22:40:01Z,44,19622,64.02,48.12,44.31,39,64
2026-05-20T22:50:00Z,32,20143,33.81,40.51,43.58,8,64
2026-05-20T23:00:00Z,119,22381,63.52,49.8,46.56,2,64
2026-05-20T23:10:00Z,25,20125,33.55,43.56,45.88,2,64
2026-05-20T23:20:00Z,30,20389,37.87,42.46,43.59,0,64
2026-05-20T23:30:00Z,45,19300,53.28,53.85,47.64,12,64
2026-05-20T23:40:05Z,22,19709,32.54,40.43,42.9,0,64
2026-05-20T23:50:07Z,16,19724,28.95,34.69,38.76,0,64
2026-05-21T00:10:00Z,52,22433,49.66,44.53,41.31,4,64
2026-05-21T00:20:09Z,32,23053,46.02,44.31,42.32,1,64
2026-05-21T00:30:12Z,25,20520,26.02,37.29,39.99,1,64
2026-05-21T00:40:12Z,61,22095,34.35,34.2,36.25,1,64
2026-05-21T00:50:00Z,31,25032,47.5,41.17,38.07,1,64
2026-05-21T01:00:01Z,29,23894,48.03,46.52,42.97,5,64
2026-05-21T01:10:00Z,18,22072,36.99,39.66,42.08,4,64
2026-05-21T01:20:04Z,40,23173,48.46,42.48,42.16,0,64
2026-05-21T01:30:00Z,17,21859,32.52,38.75,40.98,1,64
2026-05-21T01:40:06Z,69,23651,70.36,57.29,48.17,16,64
2026-05-21T01:50:02Z,23,23044,50.65,52.04,48.83,2,64
2026-05-21T02:00:03Z,50,23811,48.76,39.3,41.73,1,64
2026-05-21T02:10:00Z,27,20710,34.93,33.13,36.72,6,64
2026-05-21T02:20:00Z,16,21546,32.14,39.06,38.54,3,64
2026-05-21T02:30:00Z,15,21829,31.3,41.45,41.08,2,64
2026-05-21T02:40:00Z,27,22203,39.07,40.85,40.56,1,64
2026-05-21T02:50:00Z,24,22554,33.12,39.09,39.86,1,64
2026-05-21T03:00:00Z,39,24876,57.01,51.34,44.93,2,64
2026-05-21T03:10:00Z,28,24673,49.54,43.77,43.14,6,64
2026-05-21T03:20:02Z,18,22656,41.37,46.19,45.21,1,64
2026-05-21T03:30:01Z,43,24360,48.33,50.44,47.92,2,64
2026-05-21T03:40:01Z,40,22048,53.41,56.38,51.53,34,64
2026-05-21T03:50:00Z,24,22371,34.69,38.37,44.28,0,64
2026-05-21T04:00:00Z,34,21107,22.39,29.18,37.52,2,64
2026-05-21T04:10:01Z,49,22664,35.09,35.66,37.4,1,64
2026-05-21T04:20:00Z,20,23849,39.48,35.31,35.33,2,64
2026-05-21T04:30:00Z,40,22772,41.97,34.85,34.22,1,64
2026-05-21T04:40:00Z,21,22899,40.85,37.75,35.88,3,64
2026-05-21T04:50:04Z,36,24593,44.62,43.26,39.4,3,64
2026-05-21T05:00:05Z,58,24331,53.97,46.04,41.81,2,64
2026-05-21T05:10:03Z,12,19873,18.62,35.87,41.0,1,64
2026-05-21T05:20:01Z,56,22848,35.98,32.06,36.53,1,64
2026-05-21T05:30:02Z,34,23823,34.2,30.95,33.65,3,64
2026-05-21T05:40:02Z,25,23330,48.06,42.16,38.04,14,64
2026-05-21T05:50:00Z,44,24191,58.35,51.25,44.74,22,64
2026-05-21T06:00:00Z,48,25434,74.58,60.97,52.44,17,64
2026-05-21T06:10:00Z,36,24933,56.82,45.86,47.28,2,64
2026-05-21T06:20:05Z,28,24597,45.67,38.38,41.99,13,64
2026-05-21T06:30:01Z,28,23883,35.19,38.83,41.58,3,64
2026-05-21T06:40:01Z,43,25288,52.45,44.42,42.27,17,64
2026-05-21T06:50:00Z,32,24723,46.16,42.28,42.22,3,64
2026-05-21T07:00:00Z,63,26260,40.11,44.54,44.2,3,64
2026-05-21T07:10:01Z,12,23870,34.24,44.17,46.19,14,64
2026-05-21T07:20:00Z,22,25186,44.62,44.29,44.75,2,64
2026-05-21T07:30:04Z,21,24149,32.45,37.12,41.07,4,64
2026-05-21T07:40:01Z,19,25631,43.03,38.45,39.91,3,64
2026-05-21T07:50:03Z,27,25018,41.12,45.05,43.44,2,64
2026-05-21T08:00:01Z,36,26159,57.55,49.25,45.73,0,64
2026-05-21T08:10:00Z,21,25978,50.11,54.54,50.21,1,64
2026-05-21T08:20:00Z,39,25097,39.13,37.38,42.86,13,64
2026-05-21T08:30:03Z,26,25487,48.95,42.68,43.12,12,64
2026-05-21T08:40:00Z,11,24827,34.92,34.13,38.25,7,64
2026-05-21T08:50:02Z,14,24429,32.96,38.0,40.01,3,64
2026-05-21T09:00:00Z,86,25305,36.68,40.51,40.97,2,64
2026-05-21T09:10:00Z,26,26790,50.87,52.88,45.5,1,64
2026-05-21T09:20:00Z,20,24104,29.57,31.99,37.81,1,64
2026-05-21T09:30:00Z,14,25301,29.46,32.03,35.61,3,64
2026-05-21T09:40:00Z,56,27425,91.9,69.59,50.52,2,64
2026-05-21T09:50:00Z,21,24940,23.65,34.1,40.63,0,64
2026-05-21T10:00:01Z,91,28003,40.3,31.55,34.59,2,64
2026-05-21T10:10:00Z,54,25844,31.26,29.93,32.3,6,64
2026-05-21T10:20:00Z,16,26662,29.44,41.79,38.84,0,64
2026-05-21T10:30:01Z,62,28104,46.81,49.1,43.52,3,64
2026-05-21T10:40:00Z,40,27409,44.88,50.63,47.85,2,64
2026-05-21T10:50:01Z,8,26540,30.18,29.29,37.52,16,64
2026-05-21T11:00:02Z,14,25406,31.14,32.39,35.58,1,64
2026-05-21T11:10:00Z,75,28866,42.26,37.88,36.86,2,64
2026-05-21T11:20:10Z,66,31581,79.62,59.51,47.96,2,64
2026-05-21T11:30:00Z,16,26352,24.19,37.44,43.91,5,64
2026-05-21T11:40:00Z,12,25449,19.14,23.98,33.96,1,64
2026-05-21T11:50:00Z,24,25862,25.04,30.35,33.36,1,64
2026-05-21T12:00:08Z,16,27324,35.16,25.15,27.6,1,64
2026-05-21T12:10:01Z,15,26648,30.67,30.13,28.9,1,64
2026-05-21T12:20:14Z,22,27656,44.13,39.46,33.55,2,64
2026-05-21T12:30:01Z,17,26839,32.3,37.5,35.63,1,64
2026-05-21T12:40:00Z,66,30554,61.97,50.61,42.3,7,64
2026-05-21T12:50:01Z,46,29991,50.7,51.72,47.04,3,64
2026-05-21T13:00:00Z,42,29605,44.98,42.89,43.64,14,64
2026-05-21T13:10:00Z,64,30700,49.83,48.71,46.76,8,64
2026-05-21T13:20:00Z,34,28912,38.66,51.33,50.67,3,64
2026-05-21T13:30:00Z,22,29536,49.07,44.31,47.53,14,64
2026-05-21T13:40:00Z,43,28413,37.85,46.47,48.78,2,64
2026-05-21T13:50:00Z,39,30713,41.96,40.4,43.84,3,64
2026-05-21T14:00:00Z,32,28890,33.34,39.94,43.55,2,64
2026-05-21T14:10:00Z,29,29290,61.69,53.13,48.6,17,64
2026-05-21T14:20:00Z,34,28691,45.76,43.79,45.22,5,64
2026-05-21T14:30:02Z,16,29390,41.51,50.78,47.75,3,64
2026-05-21T14:40:00Z,102,32486,61.66,53.06,49.22,18,64
2026-05-21T14:50:05Z,52,29853,51.34,50.24,49.94,2,64
2026-05-21T15:00:01Z,12,28237,24.59,40.22,47.2,2,64
2026-05-21T15:10:04Z,23,29065,31.11,36.58,41.78,2,64
2026-05-21T15:20:00Z,19,30724,30.69,31.58,36.31,2,64
2026-05-21T15:30:00Z,40,31680,58.19,46.8,41.09,6,64
2026-05-21T15:40:00Z,59,30187,43.56,44.65,43.0,6,64
2026-05-21T15:50:01Z,48,31914,62.77,54.86,48.24,4,64
2026-05-21T16:00:00Z,41,29791,33.94,41.02,44.9,2,64
2026-05-21T16:10:00Z,31,30827,43.5,41.36,42.29,1,64
2026-05-21T16:20:01Z,6,27490,15.76,26.51,34.72,1,64
2026-05-21T16:30:02Z,10,27097,22.38,21.06,27.74,2,64
2026-05-21T16:40:03Z,11,28345,41.88,30.05,28.48,3,64
2026-05-21T16:50:01Z,23,28574,29.87,28.02,27.88,4,64
2026-05-21T17:00:00Z,25,28184,25.11,25.62,26.66,3,64
2026-05-21T17:10:00Z,14,28148,19.83,24.19,25.65,4,64
2026-05-21T17:20:07Z,59,27961,29.05,26.34,25.99,6,64
2026-05-21T17:30:04Z,52,28554,25.85,25.31,25.34,3,64
2026-05-21T17:40:02Z,2,27712,18.87,23.06,24.62,1,64
2026-05-21T17:50:03Z,8,27714,15.97,18.89,21.85,1,64
2026-05-21T18:00:00Z,12,28446,13.96,16.21,19.34,2,64
2026-05-21T18:10:19Z,12,28083,22.52,23.5,22.41,12,64
2026-05-21T18:20:00Z,8,28403,17.94,20.44,21.87,2,64
2026-05-21T18:30:01Z,21,29585,21.75,22.21,22.22,0,64
2026-05-21T18:40:00Z,14,31314,28.54,26.79,24.22,0,64
2026-05-21T18:50:00Z,14,31860,29.55,30.39,27.47,2,64
2026-05-21T19:00:02Z,27,33468,48.01,42.68,35.48,15,64
2026-05-21T19:10:01Z,62,34286,44.05,41.11,37.58,2,64
2026-05-21T19:20:01Z,38,34325,33.47,36.36,37.18,0,64
2026-05-21T19:30:00Z,24,33782,39.0,41.04,39.26,1,64
2026-05-21T19:40:00Z,6,6624,28.86,36.94,39.76,10,64
2026-05-21T19:50:00Z,8,6899,19.11,73.21,68.72,2,64
2026-05-21T20:00:00Z,20,7856,28.34,30.95,46.77,6,64
2026-05-21T20:10:01Z,63,15854,64.04,50.65,47.84,1,64
2026-05-21T20:20:00Z,31,16286,58.58,54.57,50.42,12,64
2026-05-21T20:30:00Z,76,16782,63.82,54.55,50.85,16,64
2026-05-21T20:40:00Z,38,16458,48.22,53.63,52.65,13,64
2026-05-21T20:50:00Z,45,16274,44.79,45.91,49.14,15,64
2026-05-21T21:00:01Z,21,17571,58.95,52.23,49.88,16,64
2026-05-21T21:10:00Z,36,19174,52.96,52.98,51.81,16,64
2026-05-21T21:20:00Z,54,20009,56.7,55.28,54.06,14,64
2026-05-21T21:30:10Z,176,20457,555.87,249.25,126.97,0,64
2026-05-21T21:40:01Z,18,17514,22.19,164.3,178.19,1,64
2026-05-21T21:50:00Z,17,17269,21.52,45.14,106.61,0,64
2026-05-21T22:00:00Z,41,18301,38.13,41.74,73.89,3,64
2026-05-21T22:10:00Z,27,18443,33.7,34.86,54.7,0,64
2026-05-21T22:20:00Z,39,19138,32.54,39.2,48.02,3,64
2026-05-21T22:30:09Z,32,19218,37.63,33.71,39.63,11,64
2026-05-21T22:40:00Z,38,17702,37.29,37.49,39.46,17,64
2026-05-21T22:50:00Z,37,18134,41.3,48.82,45.65,4,64
2026-05-21T23:00:00Z,25,17063,45.21,48.87,47.85,2,64
2026-05-21T23:10:00Z,41,20147,45.47,55.13,51.88,9,64
2026-05-21T23:20:01Z,50,21044,53.86,50.53,50.01,3,64
2026-05-21T23:30:05Z,17,18308,24.3,41.92,48.73,1,64
2026-05-21T23:40:00Z,11,16830,20.41,29.15,38.79,1,64
2026-05-21T23:50:00Z,33,20659,65.81,55.65,47.37,2,64
2026-05-22T00:10:00Z,20,18768,55.05,59.98,53.65,2,64
2026-05-22T00:20:00Z,12,17221,14.95,26.62,39.55,3,64
2026-05-22T00:30:00Z,16,16806,19.35,24.31,32.7,2,64
2026-05-22T00:40:01Z,17,18452,37.73,34.87,33.73,2,64
2026-05-22T00:50:00Z,101,20670,70.9,55.54,43.73,24,64
2026-05-22T01:00:02Z,82,20003,51.29,50.27,45.72,1,64
2026-05-22T01:10:02Z,36,19885,42.8,45.87,46.9,2,64
2026-05-22T01:20:00Z,52,20666,61.63,52.78,49.22,0,64
2026-05-22T01:30:02Z,44,19867,47.29,55.26,52.51,1,64
2026-05-22T01:40:01Z,18,17684,36.43,37.28,43.87,4,64
2026-05-22T01:50:01Z,35,19393,47.49,48.58,47.27,2,64
2026-05-22T02:00:01Z,51,19774,53.42,51.09,48.81,4,64
2026-05-22T02:10:00Z,43,20852,50.75,53.12,50.66,0,64
2026-05-22T02:20:00Z,55,20755,51.81,48.76,49.83,2,64
2026-05-22T02:30:00Z,71,19804,45.95,44.29,47.05,1,64
2026-05-22T02:40:00Z,58,21802,54.24,53.06,51.2,3,64
2026-05-22T02:50:00Z,45,21139,47.56,54.94,54.06,4,64
2026-05-22T03:00:00Z,19,19786,59.58,64.22,58.46,10,64
2026-05-22T03:10:00Z,9,19301,20.93,28.26,41.57,2,64
2026-05-22T03:20:00Z,15,20109,24.52,25.93,33.77,1,64
2026-05-22T03:30:01Z,30,21666,33.87,34.46,34.93,0,64
2026-05-22T03:40:00Z,34,23508,45.54,42.12,37.86,3,64
2026-05-22T03:50:00Z,22,22034,41.49,50.28,44.03,2,64
2026-05-22T04:00:01Z,45,24791,59.28,56.15,49.06,3,64
2026-05-22T04:10:00Z,25,22007,24.92,36.16,43.07,3,64
2026-05-22T04:20:03Z,74,21849,24.38,28.37,35.74,0,64
2026-05-22T04:30:00Z,14,21712,24.49,27.05,31.64,0,64
2026-05-22T04:40:02Z,18,21955,21.33,24.23,27.87,1,64
2026-05-22T04:50:05Z,12,22446,30.3,37.94,33.57,1,64
2026-05-22T05:00:00Z,15,22095,32.09,33.66,32.86,1,64
2026-05-22T05:10:00Z,52,23421,39.5,34.03,32.97,0,64
2026-05-22T05:20:00Z,52,23450,46.16,31.72,30.67,0,64
2026-05-22T05:30:00Z,24,22903,28.52,34.15,33.59,2,64
2026-05-22T05:40:01Z,26,22790,33.15,27.15,29.39,1,64
2026-05-22T05:50:00Z,34,21819,24.77,31.3,31.8,1,64
2026-05-22T06:00:00Z,57,23325,56.26,39.48,34.48,0,64
2026-05-22T06:10:00Z,75,22523,49.8,50.46,43.57,4,64
2026-05-22T06:20:00Z,77,23579,60.68,57.01,50.23,2,64
2026-05-22T06:30:02Z,26,23343,54.75,54.05,51.68,2,64
2026-05-22T06:40:00Z,26,23794,56.96,52.58,52.7,3,64
2026-05-22T06:50:00Z,71,24276,53.99,51.91,51.66,6,64
2026-05-22T07:00:00Z,45,24498,60.64,53.52,52.5,1,64
2026-05-22T07:10:00Z,57,24896,66.55,58.99,54.5,1,64
2026-05-22T07:20:01Z,30,23703,38.8,51.47,53.67,1,64
2026-05-22T07:30:03Z,33,23958,47.97,53.4,54.19,1,64
2026-05-22T07:40:01Z,23,24475,39.71,49.31,53.0,2,64
2026-05-22T07:50:01Z,70,25695,60.88,53.54,53.44,14,64
2026-05-22T08:00:01Z,32,22578,32.02,39.5,48.44,0,64
2026-05-22T08:10:02Z,38,24505,41.99,36.36,41.68,3,64
2026-05-22T08:20:05Z,34,24809,38.8,40.47,42.51,3,64
2026-05-22T08:30:00Z,47,23560,41.39,40.82,41.87,2,64
2026-05-22T08:40:00Z,54,26284,50.42,45.72,43.12,1,64
2026-05-22T08:50:01Z,20,24271,38.72,45.69,45.66,0,64
2026-05-22T09:00:00Z,39,24477,41.56,41.38,42.62,0,64
2026-05-22T09:10:00Z,18,25003,45.15,42.63,42.67,9,64
2026-05-22T09:20:00Z,64,25745,48.91,42.39,41.66,1,64
2026-05-22T09:30:01Z,38,25256,42.85,40.95,41.89,3,64
2026-05-22T09:40:01Z,26,25078,50.5,51.02,47.19,13,64
2026-05-22T09:50:04Z,43,24484,31.6,38.59,42.79,4,64
2026-05-22T10:00:00Z,26,24671,41.24,43.52,43.32,5,64
2026-05-22T10:10:00Z,59,23540,31.93,38.07,41.15,0,64
2026-05-22T10:20:01Z,75,24467,65.98,57.15,49.24,3,64
2026-05-22T10:30:00Z,28,25572,42.86,43.35,44.52,4,64
2026-05-22T10:40:01Z,32,26269,46.15,54.99,50.93,20,64
2026-05-22T10:50:00Z,39,24151,38.7,43.47,46.73,1,64
2026-05-22T11:00:00Z,91,29658,74.26,57.84,50.96,2,64
2026-05-22T11:10:02Z,35,27791,51.19,45.18,46.91,8,64
2026-05-22T11:20:00Z,96,27369,60.15,46.33,45.71,3,64
2026-05-22T11:30:02Z,25,27158,57.94,57.36,52.01,3,64
2026-05-22T11:40:01Z,31,26902,33.92,49.04,50.7,2,64
2026-05-22T11:50:00Z,82,28857,54.0,49.99,50.9,5,64
2026-05-22T12:00:01Z,19,26281,46.48,54.02,54.11,1,64
2026-05-22T12:10:00Z,5,25242,16.48,23.57,38.32,0,64
2026-05-22T12:20:00Z,19,26163,32.33,30.54,34.26,1,64
2026-05-22T12:30:00Z,15,27167,28.87,24.27,28.41,5,64
2026-05-22T12:40:00Z,26,28218,59.75,46.09,36.84,4,64
2026-05-22T12:50:01Z,13,25483,27.7,35.27,37.16,2,64
2026-05-22T13:00:00Z,84,25454,50.38,31.78,32.7,13,64
2026-05-22T13:10:00Z,42,27333,60.54,48.32,39.84,1,64
2026-05-22T13:20:00Z,45,27361,60.31,58.01,48.56,1,64
2026-05-22T13:30:01Z,61,27931,52.93,48.12,47.91,3,64
2026-05-22T13:40:00Z,19,24393,32.01,37.85,44.32,0,64
2026-05-22T13:50:00Z,80,27333,51.16,44.4,43.98,2,64
2026-05-22T14:00:00Z,19,27768,58.97,55.82,49.88,13,64
2026-05-22T14:10:01Z,32,28933,61.36,59.57,53.31,6,64
2026-05-22T14:20:02Z,31,26823,32.09,37.93,45.56,0,64
2026-05-22T14:30:00Z,61,28601,58.79,44.31,43.16,18,64
