field1,field2,field3,field4,field5,field6,event_type,timestamp,source
last_hash,0a10c7000d841d184c9cec95be0275b08dc485f0,20260517T180113Z,NA,NA,NA,manifest snapshot,2026-05-17T18:01:13Z,snapshot
last_hash,a29d3ff9e531de8fec9ef3a63012ac61229f16dc,20260517T180353Z,NA,NA,NA,manifest snapshot,2026-05-17T18:03:53Z,snapshot
last_hash,f5c95af3974a2278ba5995c86eacbfe2ff06a7d0,20260517T180508Z,NA,NA,NA,manifest snapshot,2026-05-17T18:05:08Z,snapshot
last_hash,25ce49aa4f09c7364f5f33f069e327e755d57af3,20260517T180555Z,NA,NA,NA,manifest snapshot,2026-05-17T18:05:55Z,snapshot
last_hash,6d6ada8af667253da75d213286550872d16bc57c,20260517T180922Z,NA,NA,NA,manifest snapshot,2026-05-17T18:09:22Z,snapshot
last_hash,0f940a19a7b5b2ca500470f70eafb6139f263f62,20260517T182231Z,NA,NA,NA,manifest snapshot,2026-05-17T18:22:31Z,snapshot
last_hash,4c8793a017451d06ac55a3608a817e3b2f41181f,20260517T183339Z,NA,NA,NA,manifest snapshot,2026-05-17T18:33:39Z,snapshot
last_hash,323a78182dde0b4adf9dfc80e2b3e473e8a4c49a,20260517T185016Z,NA,NA,NA,manifest snapshot,2026-05-17T18:50:16Z,snapshot
last_hash,d44277668dc5ce11adb34f8f887c908b302d5234,20260517T191007Z,NA,NA,NA,manifest snapshot,2026-05-17T19:10:07Z,snapshot
2026-05-17T19:15:03Z,finalized/cycle293/base/rtc-likely-real-bug-handoff-base,refs/heads/danluu/cycle293-base-rtc-likely-real-bug-handoff,c173c18fbcd60eac93612f7f3d9550ca4975db8d,/media/volume/danluu-fuzz-data/rtc-pr-split-review-20260515/runs/20260517T184736Z/jobs/outputs/rtc-cycle294-cycle293-audit-harvest/push-manifest.tsv,pushed,branch pushed,2026-05-17T19:15:03Z,finalized/cycle293/base/rtc-likely-real-bug-handoff-base
2026-05-17T19:15:12Z,finalized/cycle293/no-pr03b/rtc-pr01-http-generated-update-size,refs/heads/danluu/cycle293-pr01-http-generated-update-size,20d1b80a98db2cb59ae031e9147f56232aa1ccd1,/media/volume/danluu-fuzz-data/rtc-pr-split-review-20260515/runs/20260517T184736Z/jobs/outputs/rtc-cycle294-cycle293-audit-harvest/push-manifest.tsv,pushed,branch pushed,2026-05-17T19:15:12Z,finalized/cycle293/no-pr03b/rtc-pr01-http-generated-update-size
2026-05-17T19:15:21Z,finalized/cycle293/no-pr03b/rtc-pr02-http-storage-read-window,refs/heads/danluu/cycle293-pr02-http-storage-read-window,d32ba161ddd3bebbbe9b826c1c256251dd8e9e58,/media/volume/danluu-fuzz-data/rtc-pr-split-review-20260515/runs/20260517T184736Z/jobs/outputs/rtc-cycle294-cycle293-audit-harvest/push-manifest.tsv,pushed,branch pushed,2026-05-17T19:15:21Z,finalized/cycle293/no-pr03b/rtc-pr02-http-storage-read-window
2026-05-17T19:15:30Z,finalized/cycle293/sidecar/rtc-pr02a-http-room-isolation-regression,refs/heads/danluu/cycle293-pr02a-http-room-isolation-regression,9303a7715cf3e2495e743c90ec5a4f8f0080e2dc,/media/volume/danluu-fuzz-data/rtc-pr-split-review-20260515/runs/20260517T184736Z/jobs/outputs/rtc-cycle294-cycle293-audit-harvest/push-manifest.tsv,pushed,branch pushed,2026-05-17T19:15:30Z,finalized/cycle293/sidecar/rtc-pr02a-http-room-isolation-regression
2026-05-17T19:15:39Z,finalized/cycle293/no-pr03b/rtc-pr03-revision-restore-crdt-reset,refs/heads/danluu/cycle293-pr03-revision-restore-crdt-reset,c7b66e9751f6156a19deda4533939bfe1bcf71af,/media/volume/danluu-fuzz-data/rtc-pr-split-review-20260515/runs/20260517T184736Z/jobs/outputs/rtc-cycle294-cycle293-audit-harvest/push-manifest.tsv,pushed,branch pushed,2026-05-17T19:15:39Z,finalized/cycle293/no-pr03b/rtc-pr03-revision-restore-crdt-reset
2026-05-17T19:15:47Z,finalized/cycle293/no-pr03b/rtc-pr04-crdt-save-meta-churn,refs/heads/danluu/cycle293-pr04-crdt-save-meta-churn,f0a15247ab152b8deb838aee9e262500af91762e,/media/volume/danluu-fuzz-data/rtc-pr-split-review-20260515/runs/20260517T184736Z/jobs/outputs/rtc-cycle294-cycle293-audit-harvest/push-manifest.tsv,pushed,branch pushed,2026-05-17T19:15:47Z,finalized/cycle293/no-pr03b/rtc-pr04-crdt-save-meta-churn
2026-05-17T19:15:57Z,finalized/cycle293/no-pr03b/rtc-pr05a-entity-reference-normalization,refs/heads/danluu/cycle293-pr05a-entity-reference-normalization,a9094aa9444691b317a53bd7a444d3955af3aef3,/media/volume/danluu-fuzz-data/rtc-pr-split-review-20260515/runs/20260517T184736Z/jobs/outputs/rtc-cycle294-cycle293-audit-harvest/push-manifest.tsv,pushed,branch pushed,2026-05-17T19:15:57Z,finalized/cycle293/no-pr03b/rtc-pr05a-entity-reference-normalization
2026-05-17T19:16:06Z,finalized/cycle293/no-pr03b/rtc-pr05b-parser-rich-text-equivalence,refs/heads/danluu/cycle293-pr05b-parser-rich-text-equivalence,e1fda090dce3ca3d277d0e31135cc40bcc0b9801,/media/volume/danluu-fuzz-data/rtc-pr-split-review-20260515/runs/20260517T184736Z/jobs/outputs/rtc-cycle294-cycle293-audit-harvest/push-manifest.tsv,pushed,branch pushed,2026-05-17T19:16:06Z,finalized/cycle293/no-pr03b/rtc-pr05b-parser-rich-text-equivalence
2026-05-17T19:16:16Z,finalized/cycle293/no-pr03b/rtc-pr05c-preserve-whitespace-linebreak-equivalence,refs/heads/danluu/cycle293-pr05c-preserve-whitespace-linebreak-equivalence,6a2eba716e070c8db1ffbb583fbc77ea9c033845,/media/volume/danluu-fuzz-data/rtc-pr-split-review-20260515/runs/20260517T184736Z/jobs/outputs/rtc-cycle294-cycle293-audit-harvest/push-manifest.tsv,pushed,branch pushed,2026-05-17T19:16:16Z,finalized/cycle293/no-pr03b/rtc-pr05c-preserve-whitespace-linebreak-equivalence
2026-05-17T19:16:24Z,finalized/cycle293/no-pr03b/rtc-pr05d-semicolonless-entity-validation,refs/heads/danluu/cycle293-pr05d-semicolonless-entity-validation,27c6e7924217038ed9b4ff71585e8041c67765a4,/media/volume/danluu-fuzz-data/rtc-pr-split-review-20260515/runs/20260517T184736Z/jobs/outputs/rtc-cycle294-cycle293-audit-harvest/push-manifest.tsv,pushed,branch pushed,2026-05-17T19:16:24Z,finalized/cycle293/no-pr03b/rtc-pr05d-semicolonless-entity-validation
2026-05-17T19:16:33Z,finalized/cycle293/no-pr03b/rtc-pr06-save-request-payload-guards,refs/heads/danluu/cycle293-pr06-save-request-payload-guards,d4041cccdd42f5f91a4240b54c58f1e2ac0abff8,/media/volume/danluu-fuzz-data/rtc-pr-split-review-20260515/runs/20260517T184736Z/jobs/outputs/rtc-cycle294-cycle293-audit-harvest/push-manifest.tsv,pushed,branch pushed,2026-05-17T19:16:33Z,finalized/cycle293/no-pr03b/rtc-pr06-save-request-payload-guards
2026-05-17T19:16:43Z,finalized/cycle293/no-pr03b/rtc-pr06a-persisted-empty-content-guard,refs/heads/danluu/cycle293-pr06a-persisted-empty-content-guard,e0724015e958693fc7d6672394b62332ba536652,/media/volume/danluu-fuzz-data/rtc-pr-split-review-20260515/runs/20260517T184736Z/jobs/outputs/rtc-cycle294-cycle293-audit-harvest/push-manifest.tsv,pushed,branch pushed,2026-05-17T19:16:43Z,finalized/cycle293/no-pr03b/rtc-pr06a-persisted-empty-content-guard
2026-05-17T19:16:52Z,finalized/cycle293/no-pr03b/rtc-pr07a-save-response-actions-guard,refs/heads/danluu/cycle293-pr07a-save-response-actions-guard,10444440c34638bc8b44bd5f96b007f8d0894ad4,/media/volume/danluu-fuzz-data/rtc-pr-split-review-20260515/runs/20260517T184736Z/jobs/outputs/rtc-cycle294-cycle293-audit-harvest/push-manifest.tsv,pushed,branch pushed,2026-05-17T19:16:52Z,finalized/cycle293/no-pr03b/rtc-pr07a-save-response-actions-guard
2026-05-17T19:17:01Z,finalized/cycle293/no-pr03b/rtc-pr07b0-saved-crdt-response-hydration,refs/heads/danluu/cycle293-pr07b0-saved-crdt-response-hydration,e746c32e3f924ec1584f3cb4c6fc83e928ecc204,/media/volume/danluu-fuzz-data/rtc-pr-split-review-20260515/runs/20260517T184736Z/jobs/outputs/rtc-cycle294-cycle293-audit-harvest/push-manifest.tsv,pushed,branch pushed,2026-05-17T19:17:01Z,finalized/cycle293/no-pr03b/rtc-pr07b0-saved-crdt-response-hydration
2026-05-17T19:17:10Z,finalized/cycle293/no-pr03b/rtc-pr07b1-stale-base-record-title-filter,refs/heads/danluu/cycle293-pr07b1-stale-base-record-title-filter,4bdd9465a97544a9e9a68da97b8828527ed35a38,/media/volume/danluu-fuzz-data/rtc-pr-split-review-20260515/runs/20260517T184736Z/jobs/outputs/rtc-cycle294-cycle293-audit-harvest/push-manifest.tsv,pushed,branch pushed,2026-05-17T19:17:10Z,finalized/cycle293/no-pr03b/rtc-pr07b1-stale-base-record-title-filter
2026-05-17T19:17:19Z,finalized/cycle293/sidecar/rtc-pr06b-malformed-save-request-payload-minimal-on-pr07b,refs/heads/danluu/cycle293-pr06b-malformed-save-request-payload-minimal-on-pr07b,e91d2fe829f212b8f94ae8ece9c8af3a7b5a27ee,/media/volume/danluu-fuzz-data/rtc-pr-split-review-20260515/runs/20260517T184736Z/jobs/outputs/rtc-cycle294-cycle293-audit-harvest/push-manifest.tsv,pushed,branch pushed,2026-05-17T19:17:19Z,finalized/cycle293/sidecar/rtc-pr06b-malformed-save-request-payload-minimal-on-pr07b
2026-05-17T19:17:28Z,finalized/cycle293/sidecar/rtc-pr07c-reload-record-snapshots,refs/heads/danluu/cycle293-pr07c-reload-record-snapshots,3815a730ef2efd04055238f28bdc436a44088681,/media/volume/danluu-fuzz-data/rtc-pr-split-review-20260515/runs/20260517T184736Z/jobs/outputs/rtc-cycle294-cycle293-audit-harvest/push-manifest.tsv,pushed,branch pushed,2026-05-17T19:17:28Z,finalized/cycle293/sidecar/rtc-pr07c-reload-record-snapshots
2026-05-17T19:17:37Z,finalized/cycle293/no-pr03b/rtc-pr09-store-lock-fairness,refs/heads/danluu/cycle293-pr09-store-lock-fairness,52e3d071eecd1a89476dfc7ce56eb8a04bf055a2,/media/volume/danluu-fuzz-data/rtc-pr-split-review-20260515/runs/20260517T184736Z/jobs/outputs/rtc-cycle294-cycle293-audit-harvest/push-manifest.tsv,pushed,branch pushed,2026-05-17T19:17:37Z,finalized/cycle293/no-pr03b/rtc-pr09-store-lock-fairness
2026-05-17T19:17:46Z,finalized/cycle293/no-pr03b/rtc-pr10-crdt-block-rebase,refs/heads/danluu/cycle293-pr10-crdt-block-rebase,0963248f366d1d7a53ef530cfbf52436b3711532,/media/volume/danluu-fuzz-data/rtc-pr-split-review-20260515/runs/20260517T184736Z/jobs/outputs/rtc-cycle294-cycle293-audit-harvest/push-manifest.tsv,pushed,branch pushed,2026-05-17T19:17:46Z,finalized/cycle293/no-pr03b/rtc-pr10-crdt-block-rebase
2026-05-17T19:17:55Z,finalized/cycle293/no-pr03b/rtc-pr11a-stale-base-record-block-append,refs/heads/danluu/cycle293-pr11a-stale-base-record-block-append,c16a0148d38d03aa5ae10250166c41acd355d0ef,/media/volume/danluu-fuzz-data/rtc-pr-split-review-20260515/runs/20260517T184736Z/jobs/outputs/rtc-cycle294-cycle293-audit-harvest/push-manifest.tsv,pushed,branch pushed,2026-05-17T19:17:55Z,finalized/cycle293/no-pr03b/rtc-pr11a-stale-base-record-block-append
2026-05-17T19:18:04Z,finalized/cycle293/no-pr03b/rtc-pr11b-stale-base-block-delete,refs/heads/danluu/cycle293-pr11b-stale-base-block-delete,b72c973bd444f7029c596b73a7241f294327e0a1,/media/volume/danluu-fuzz-data/rtc-pr-split-review-20260515/runs/20260517T184736Z/jobs/outputs/rtc-cycle294-cycle293-audit-harvest/push-manifest.tsv,pushed,branch pushed,2026-05-17T19:18:04Z,finalized/cycle293/no-pr03b/rtc-pr11b-stale-base-block-delete
2026-05-17T19:18:12Z,finalized/cycle293/no-pr03b/rtc-pr11c-stale-base-block-middle-insert,refs/heads/danluu/cycle293-pr11c-stale-base-block-middle-insert,c1d0449ea926683c00c0d28cffd5a15d782a1b6b,/media/volume/danluu-fuzz-data/rtc-pr-split-review-20260515/runs/20260517T184736Z/jobs/outputs/rtc-cycle294-cycle293-audit-harvest/push-manifest.tsv,pushed,branch pushed,2026-05-17T19:18:12Z,finalized/cycle293/no-pr03b/rtc-pr11c-stale-base-block-middle-insert
2026-05-17T19:18:20Z,finalized/cycle293/no-pr03b/rtc-pr11d-stale-top-level-move-reorder,refs/heads/danluu/cycle293-pr11d-stale-top-level-move-reorder,1001fde47c330dc68e975a2a595275a7a2f8b43c,/media/volume/danluu-fuzz-data/rtc-pr-split-review-20260515/runs/20260517T184736Z/jobs/outputs/rtc-cycle294-cycle293-audit-harvest/push-manifest.tsv,pushed,branch pushed,2026-05-17T19:18:20Z,finalized/cycle293/no-pr03b/rtc-pr11d-stale-top-level-move-reorder
2026-05-17T19:18:28Z,finalized/cycle293/no-pr03b/rtc-pr11e-top-level-insert-anchor-after-delete,refs/heads/danluu/cycle293-pr11e-top-level-insert-anchor-after-delete,25d49ac43cdbb424b9505be5694fd9e094c560d0,/media/volume/danluu-fuzz-data/rtc-pr-split-review-20260515/runs/20260517T184736Z/jobs/outputs/rtc-cycle294-cycle293-audit-harvest/push-manifest.tsv,pushed,branch pushed,2026-05-17T19:18:28Z,finalized/cycle293/no-pr03b/rtc-pr11e-top-level-insert-anchor-after-delete
2026-05-17T19:18:36Z,finalized/cycle293/no-pr03b/rtc-pr12-previous-local-cache,refs/heads/danluu/cycle293-pr12-previous-local-cache,f8bb5132c4d53b773a10badacdc1578393bc7514,/media/volume/danluu-fuzz-data/rtc-pr-split-review-20260515/runs/20260517T184736Z/jobs/outputs/rtc-cycle294-cycle293-audit-harvest/push-manifest.tsv,pushed,branch pushed,2026-05-17T19:18:36Z,finalized/cycle293/no-pr03b/rtc-pr12-previous-local-cache
2026-05-17T19:18:49Z,finalized/cycle293/no-pr03b/rtc-pr13a-observed-delete-provenance,refs/heads/danluu/cycle293-pr13a-observed-delete-provenance,132d51811c3953d0f9c571732373df6a79bbb279,/media/volume/danluu-fuzz-data/rtc-pr-split-review-20260515/runs/20260517T184736Z/jobs/outputs/rtc-cycle294-cycle293-audit-harvest/push-manifest.tsv,pushed,branch pushed,2026-05-17T19:18:49Z,finalized/cycle293/no-pr03b/rtc-pr13a-observed-delete-provenance
2026-05-17T19:18:57Z,finalized/cycle293/no-pr03b/rtc-pr13b0-identity-provenance-guard,refs/heads/danluu/cycle293-pr13b0-identity-provenance-guard,5ceb7791b469bbdc3f108d21a94799b59c81d131,/media/volume/danluu-fuzz-data/rtc-pr-split-review-20260515/runs/20260517T184736Z/jobs/outputs/rtc-cycle294-cycle293-audit-harvest/push-manifest.tsv,pushed,branch pushed,2026-05-17T19:18:57Z,finalized/cycle293/no-pr03b/rtc-pr13b0-identity-provenance-guard
2026-05-17T19:19:07Z,finalized/cycle293/no-pr03b/rtc-pr13b1-direct-source-retirement-green,refs/heads/danluu/cycle293-pr13b1-direct-source-retirement-green,858dd4684f0949e44d7b796b999b91ec110693ae,/media/volume/danluu-fuzz-data/rtc-pr-split-review-20260515/runs/20260517T184736Z/jobs/outputs/rtc-cycle294-cycle293-audit-harvest/push-manifest.tsv,pushed,branch pushed,2026-05-17T19:19:07Z,finalized/cycle293/no-pr03b/rtc-pr13b1-direct-source-retirement-green
2026-05-17T19:19:16Z,finalized/cycle293/no-pr03b/rtc-pr13b2-current-only-source-retirement-green,refs/heads/danluu/cycle293-pr13b2-current-only-source-retirement-green,9c8e35b6fcebd18a49b7d9e3a9d74a19190be189,/media/volume/danluu-fuzz-data/rtc-pr-split-review-20260515/runs/20260517T184736Z/jobs/outputs/rtc-cycle294-cycle293-audit-harvest/push-manifest.tsv,pushed,branch pushed,2026-05-17T19:19:16Z,finalized/cycle293/no-pr03b/rtc-pr13b2-current-only-source-retirement-green
2026-05-17T19:19:24Z,finalized/cycle293/no-pr03b/rtc-pr13b3-explicit-base-source-retirement-green,refs/heads/danluu/cycle293-pr13b3-explicit-base-source-retirement-green,73a72ad63524c81ca458a1ff58bfea55ab1e751e,/media/volume/danluu-fuzz-data/rtc-pr-split-review-20260515/runs/20260517T184736Z/jobs/outputs/rtc-cycle294-cycle293-audit-harvest/push-manifest.tsv,pushed,branch pushed,2026-05-17T19:19:24Z,finalized/cycle293/no-pr03b/rtc-pr13b3-explicit-base-source-retirement-green
2026-05-17T19:19:33Z,finalized/cycle293/no-pr03b/rtc-pr14-table-body-array-green,refs/heads/danluu/cycle293-pr14-table-body-array-green,0afa9e2257489ce9c42cb60cd010fff3297c71af,/media/volume/danluu-fuzz-data/rtc-pr-split-review-20260515/runs/20260517T184736Z/jobs/outputs/rtc-cycle294-cycle293-audit-harvest/push-manifest.tsv,pushed,branch pushed,2026-05-17T19:19:33Z,finalized/cycle293/no-pr03b/rtc-pr14-table-body-array-green
2026-05-17T19:19:42Z,finalized/cycle293/no-pr03b/rtc-pr14b-table-query-array-local-suffix-append,refs/heads/danluu/cycle293-pr14b-table-query-array-local-suffix-append,0b609dff632cb139c57bda6f0c9741c038d36498,/media/volume/danluu-fuzz-data/rtc-pr-split-review-20260515/runs/20260517T184736Z/jobs/outputs/rtc-cycle294-cycle293-audit-harvest/push-manifest.tsv,pushed,branch pushed,2026-05-17T19:19:42Z,finalized/cycle293/no-pr03b/rtc-pr14b-table-query-array-local-suffix-append
2026-05-17T19:19:51Z,finalized/cycle293/no-pr03b/rtc-pr15a-fallback-group-move-green-on-pr14b,refs/heads/danluu/cycle293-pr15a-fallback-group-move-green-on-pr14b,2789881fc7ea226e98bf6ca5ecd263087af957f0,/media/volume/danluu-fuzz-data/rtc-pr-split-review-20260515/runs/20260517T184736Z/jobs/outputs/rtc-cycle294-cycle293-audit-harvest/push-manifest.tsv,pushed,branch pushed,2026-05-17T19:19:51Z,finalized/cycle293/no-pr03b/rtc-pr15a-fallback-group-move-green-on-pr14b
2026-05-17T19:20:00Z,finalized/cycle293/no-pr03b/rtc-pr15b-fallback-group-insert-anchor-green-on-pr14b,refs/heads/danluu/cycle293-pr15b-fallback-group-insert-anchor-green-on-pr14b,b74515e9d039677ea7c5b3f4bc51a15f3072c68b,/media/volume/danluu-fuzz-data/rtc-pr-split-review-20260515/runs/20260517T184736Z/jobs/outputs/rtc-cycle294-cycle293-audit-harvest/push-manifest.tsv,pushed,branch pushed,2026-05-17T19:20:00Z,finalized/cycle293/no-pr03b/rtc-pr15b-fallback-group-insert-anchor-green-on-pr14b
2026-05-17T19:20:08Z,finalized/cycle293/no-pr03b/rtc-pr15c-fallback-group-delete-green-on-pr14b,refs/heads/danluu/cycle293-pr15c-fallback-group-delete-green-on-pr14b,c3590e0273ae0a636d167815e10677984ab066c6,/media/volume/danluu-fuzz-data/rtc-pr-split-review-20260515/runs/20260517T184736Z/jobs/outputs/rtc-cycle294-cycle293-audit-harvest/push-manifest.tsv,pushed,branch pushed,2026-05-17T19:20:08Z,finalized/cycle293/no-pr03b/rtc-pr15c-fallback-group-delete-green-on-pr14b
last_hash,3cb0742533c1f3e6df714d8ed61d0cc53438a4ab,20260517T192659Z,NA,NA,NA,manifest snapshot,2026-05-17T19:26:59Z,snapshot
last_hash,4113c4d258ab783502f9e41ee34d7b6df20a7012,20260517T193131Z,NA,NA,NA,manifest snapshot,2026-05-17T19:31:31Z,snapshot
last_hash,d801349b9c90caf20853f84f36fd44f87ba845a6,20260517T193649Z,NA,NA,NA,manifest snapshot,2026-05-17T19:36:49Z,snapshot
last_hash,7c4428f4cb44b28fd6ae43c1d97e577620d0dd85,20260517T194235Z,NA,NA,NA,manifest snapshot,2026-05-17T19:42:35Z,snapshot
last_hash,7c02ce6af3f43d27f24e2b5b2f0f98e1c221bbda,20260517T195117Z,NA,NA,NA,manifest snapshot,2026-05-17T19:51:17Z,snapshot
last_hash,9be9e87ff90772f4f1f1739858e8238819480383,20260517T195817Z,NA,NA,NA,manifest snapshot,2026-05-17T19:58:17Z,snapshot
last_hash,bcb3f4bfb06a42957226c52763285bf5b3813202,20260517T200415Z,NA,NA,NA,manifest snapshot,2026-05-17T20:04:15Z,snapshot
last_hash,94c0acde21daa347ca2927409176fd7759fe461e,20260517T201807Z,NA,NA,NA,manifest snapshot,2026-05-17T20:18:07Z,snapshot
last_hash,123079341a3830bdec6093d17cb0d33db8d696df,20260517T202539Z,NA,NA,NA,manifest snapshot,2026-05-17T20:25:39Z,snapshot
last_hash,e3e5e8ec323b6622a08a0acca8478d2921b3e366,20260517T204213Z,NA,NA,NA,manifest snapshot,2026-05-17T20:42:13Z,snapshot
last_hash,e941d7d6d94a22dc41143e62b94c2c06531f4bfe,20260517T205201Z,NA,NA,NA,manifest snapshot,2026-05-17T20:52:01Z,snapshot
last_hash,b661855503d199f782c944f9af40a6da5896a2d7,20260517T205852Z,NA,NA,NA,manifest snapshot,2026-05-17T20:58:52Z,snapshot
last_hash,fdfa33c72ccf0a861cc8c969e16afbe80dca73fe,20260517T211144Z,NA,NA,NA,manifest snapshot,2026-05-17T21:11:44Z,snapshot
last_hash,fdcbbee0e283733913bc0ca2f17e10f1115912fb,20260517T212427Z,NA,NA,NA,manifest snapshot,2026-05-17T21:24:27Z,snapshot
last_hash,9db4a0de120dad587e1449983b49f912f7c5ad64,20260517T212941Z,NA,NA,NA,manifest snapshot,2026-05-17T21:29:41Z,snapshot
last_hash,d75b29b089cdb786aa56533e0ed785751334a866,20260517T214445Z,NA,NA,NA,manifest snapshot,2026-05-17T21:44:45Z,snapshot
last_hash,5ec14aaae8fa542b45f63d06a1e095cb7e7ff7ea,20260517T215625Z,NA,NA,NA,manifest snapshot,2026-05-17T21:56:25Z,snapshot
last_hash,627000950d7a879b94e7862aa8cb459d99694b89,20260517T220337Z,NA,NA,NA,manifest snapshot,2026-05-17T22:03:37Z,snapshot
last_hash,f76a6acb191cddbf9683a72e711fcf594ad90afd,20260517T221422Z,NA,NA,NA,manifest snapshot,2026-05-17T22:14:22Z,snapshot
last_hash,8c621287fc2f01f519ce7a53785b2b7427d5179a,20260517T222148Z,NA,NA,NA,manifest snapshot,2026-05-17T22:21:48Z,snapshot
2026-05-17T22:26:36Z,finalized/cycle306/common/rtc-pr01-http-generated-update-size,refs/heads/danluu/cycle306-pr01-http-generated-update-size,20d1b80a98db2cb59ae031e9147f56232aa1ccd1,/media/volume/danluu-fuzz-data/rtc-pr-finalization-20260516/cycles/20260517T221105Z/finalization.report.md,pushed,branch pushed,2026-05-17T22:26:36Z,finalized/cycle306/common/rtc-pr01-http-generated-update-size
2026-05-17T22:26:45Z,finalized/cycle306/common/rtc-pr02-http-storage-read-window,refs/heads/danluu/cycle306-pr02-http-storage-read-window,d32ba161ddd3bebbbe9b826c1c256251dd8e9e58,/media/volume/danluu-fuzz-data/rtc-pr-finalization-20260516/cycles/20260517T221105Z/finalization.report.md,pushed,branch pushed,2026-05-17T22:26:45Z,finalized/cycle306/common/rtc-pr02-http-storage-read-window
2026-05-17T22:26:54Z,finalized/cycle306/sidecar/rtc-pr02a-http-room-isolation-test,refs/heads/danluu/cycle306-pr02a-http-room-isolation-test,9303a7715cf3e2495e743c90ec5a4f8f0080e2dc,/media/volume/danluu-fuzz-data/rtc-pr-finalization-20260516/cycles/20260517T221105Z/finalization.report.md,pushed,branch pushed,2026-05-17T22:26:54Z,finalized/cycle306/sidecar/rtc-pr02a-http-room-isolation-test
2026-05-17T22:27:03Z,finalized/cycle306/common/rtc-pr03-revision-restore-crdt-reset,refs/heads/danluu/cycle306-pr03-revision-restore-crdt-reset,c7b66e9751f6156a19deda4533939bfe1bcf71af,/media/volume/danluu-fuzz-data/rtc-pr-finalization-20260516/cycles/20260517T221105Z/finalization.report.md,pushed,branch pushed,2026-05-17T22:27:03Z,finalized/cycle306/common/rtc-pr03-revision-restore-crdt-reset
2026-05-17T22:27:12Z,finalized/cycle306/common/rtc-pr04-crdt-save-meta-idempotence,refs/heads/danluu/cycle306-pr04-crdt-save-meta-idempotence,f0a15247ab152b8deb838aee9e262500af91762e,/media/volume/danluu-fuzz-data/rtc-pr-finalization-20260516/cycles/20260517T221105Z/finalization.report.md,pushed,branch pushed,2026-05-17T22:27:12Z,finalized/cycle306/common/rtc-pr04-crdt-save-meta-idempotence
2026-05-17T22:27:21Z,finalized/cycle306/common/rtc-pr05a-entity-reference-normalization,refs/heads/danluu/cycle306-pr05a-entity-reference-normalization,a9094aa9444691b317a53bd7a444d3955af3aef3,/media/volume/danluu-fuzz-data/rtc-pr-finalization-20260516/cycles/20260517T221105Z/finalization.report.md,pushed,branch pushed,2026-05-17T22:27:21Z,finalized/cycle306/common/rtc-pr05a-entity-reference-normalization
2026-05-17T22:27:28Z,finalized/cycle306/common/rtc-pr05b-parser-rich-text-equivalence,refs/heads/danluu/cycle306-pr05b-parser-rich-text-equivalence,e1fda090dce3ca3d277d0e31135cc40bcc0b9801,/media/volume/danluu-fuzz-data/rtc-pr-finalization-20260516/cycles/20260517T221105Z/finalization.report.md,pushed,branch pushed,2026-05-17T22:27:28Z,finalized/cycle306/common/rtc-pr05b-parser-rich-text-equivalence
2026-05-17T22:27:37Z,finalized/cycle306/common/rtc-pr05c-preserve-whitespace-linebreak-equivalence,refs/heads/danluu/cycle306-pr05c-preserve-whitespace-linebreak-equivalence,6a2eba716e070c8db1ffbb583fbc77ea9c033845,/media/volume/danluu-fuzz-data/rtc-pr-finalization-20260516/cycles/20260517T221105Z/finalization.report.md,pushed,branch pushed,2026-05-17T22:27:37Z,finalized/cycle306/common/rtc-pr05c-preserve-whitespace-linebreak-equivalence
2026-05-17T22:27:46Z,finalized/cycle306/common/rtc-pr05d-semicolonless-entity-equivalence,refs/heads/danluu/cycle306-pr05d-semicolonless-entity-equivalence,27c6e7924217038ed9b4ff71585e8041c67765a4,/media/volume/danluu-fuzz-data/rtc-pr-finalization-20260516/cycles/20260517T221105Z/finalization.report.md,pushed,branch pushed,2026-05-17T22:27:46Z,finalized/cycle306/common/rtc-pr05d-semicolonless-entity-equivalence
2026-05-17T22:27:55Z,finalized/cycle306/common/rtc-pr06a-empty-crdt-block-save-guard,refs/heads/danluu/cycle306-pr06a-empty-crdt-block-save-guard,705d84c03b936db310611304de8a641ecfb4c9d2,/media/volume/danluu-fuzz-data/rtc-pr-finalization-20260516/cycles/20260517T221105Z/finalization.report.md,pushed,branch pushed,2026-05-17T22:27:55Z,finalized/cycle306/common/rtc-pr06a-empty-crdt-block-save-guard
2026-05-17T22:28:04Z,finalized/cycle306/common/rtc-pr06b-stale-raw-save-payload-repair,refs/heads/danluu/cycle306-pr06b-stale-raw-save-payload-repair,d127d3d2422af369697d2408ef534c8ba3015121,/media/volume/danluu-fuzz-data/rtc-pr-finalization-20260516/cycles/20260517T221105Z/finalization.report.md,pushed,branch pushed,2026-05-17T22:28:04Z,finalized/cycle306/common/rtc-pr06b-stale-raw-save-payload-repair
2026-05-17T22:28:13Z,finalized/cycle306/common/rtc-pr06c-save-projection-content-guard,refs/heads/danluu/cycle306-pr06c-save-projection-content-guard,d4041cccdd42f5f91a4240b54c58f1e2ac0abff8,/media/volume/danluu-fuzz-data/rtc-pr-finalization-20260516/cycles/20260517T221105Z/finalization.report.md,pushed,branch pushed,2026-05-17T22:28:13Z,finalized/cycle306/common/rtc-pr06c-save-projection-content-guard
2026-05-17T22:28:21Z,finalized/cycle306/common/rtc-pr06d-persisted-empty-content-guard,refs/heads/danluu/cycle306-pr06d-persisted-empty-content-guard,e0724015e958693fc7d6672394b62332ba536652,/media/volume/danluu-fuzz-data/rtc-pr-finalization-20260516/cycles/20260517T221105Z/finalization.report.md,pushed,branch pushed,2026-05-17T22:28:21Z,finalized/cycle306/common/rtc-pr06d-persisted-empty-content-guard
2026-05-17T22:28:30Z,finalized/cycle306/sidecar/rtc-pr06e-malformed-save-payload,refs/heads/danluu/cycle306-pr06e-malformed-save-payload,ab31a873f5fee59f0890182de36c72ed6f719ce2,/media/volume/danluu-fuzz-data/rtc-pr-finalization-20260516/cycles/20260517T221105Z/finalization.report.md,pushed,branch pushed,2026-05-17T22:28:30Z,finalized/cycle306/sidecar/rtc-pr06e-malformed-save-payload
2026-05-17T22:28:40Z,finalized/cycle306/crdt-lane/rtc-pr09-store-lock-fairness,refs/heads/danluu/cycle306-crdt-pr09-store-lock-fairness,981efcd9a1c995e564a7ca953c2141a069d360d6,/media/volume/danluu-fuzz-data/rtc-pr-finalization-20260516/cycles/20260517T221105Z/finalization.report.md,pushed,branch pushed,2026-05-17T22:28:40Z,finalized/cycle306/crdt-lane/rtc-pr09-store-lock-fairness
2026-05-17T22:28:49Z,finalized/cycle306/crdt-lane/rtc-pr10-crdt-block-rebase-foundation,refs/heads/danluu/cycle306-crdt-pr10-crdt-block-rebase-foundation,b526674e1a12066d566279bcabc7d1f8b5d08d93,/media/volume/danluu-fuzz-data/rtc-pr-finalization-20260516/cycles/20260517T221105Z/finalization.report.md,pushed,branch pushed,2026-05-17T22:28:49Z,finalized/cycle306/crdt-lane/rtc-pr10-crdt-block-rebase-foundation
2026-05-17T22:28:59Z,finalized/cycle306/crdt-lane/rtc-pr11a-stale-base-suffix-append,refs/heads/danluu/cycle306-crdt-pr11a-stale-base-suffix-append,9376ea9ce792b8b19278823b35e80805353d813f,/media/volume/danluu-fuzz-data/rtc-pr-finalization-20260516/cycles/20260517T221105Z/finalization.report.md,pushed,branch pushed,2026-05-17T22:28:59Z,finalized/cycle306/crdt-lane/rtc-pr11a-stale-base-suffix-append
2026-05-17T22:29:08Z,finalized/cycle306/crdt-lane/rtc-pr11b-stale-base-top-level-delete,refs/heads/danluu/cycle306-crdt-pr11b-stale-base-top-level-delete,3d228d0604ac9f045708323e548f79feb2dabe05,/media/volume/danluu-fuzz-data/rtc-pr-finalization-20260516/cycles/20260517T221105Z/finalization.report.md,pushed,branch pushed,2026-05-17T22:29:08Z,finalized/cycle306/crdt-lane/rtc-pr11b-stale-base-top-level-delete
2026-05-17T22:29:16Z,finalized/cycle306/crdt-lane/rtc-pr11c-stale-base-middle-insert,refs/heads/danluu/cycle306-crdt-pr11c-stale-base-middle-insert,eb029803ae914b31a5cfe26129b61745e1a28a57,/media/volume/danluu-fuzz-data/rtc-pr-finalization-20260516/cycles/20260517T221105Z/finalization.report.md,pushed,branch pushed,2026-05-17T22:29:16Z,finalized/cycle306/crdt-lane/rtc-pr11c-stale-base-middle-insert
2026-05-17T22:29:25Z,finalized/cycle306/crdt-lane/rtc-pr11d-stale-top-level-move-reorder,refs/heads/danluu/cycle306-crdt-pr11d-stale-top-level-move-reorder,0f1895180abb49fcb81853768fd38c0716945ff5,/media/volume/danluu-fuzz-data/rtc-pr-finalization-20260516/cycles/20260517T221105Z/finalization.report.md,pushed,branch pushed,2026-05-17T22:29:25Z,finalized/cycle306/crdt-lane/rtc-pr11d-stale-top-level-move-reorder
2026-05-17T22:29:34Z,finalized/cycle306/crdt-lane/rtc-pr11e-insert-anchor-after-delete,refs/heads/danluu/cycle306-crdt-pr11e-insert-anchor-after-delete,75e0653fcae77b99f2d68769c25094af327e0d70,/media/volume/danluu-fuzz-data/rtc-pr-finalization-20260516/cycles/20260517T221105Z/finalization.report.md,pushed,branch pushed,2026-05-17T22:29:34Z,finalized/cycle306/crdt-lane/rtc-pr11e-insert-anchor-after-delete
2026-05-17T22:29:43Z,finalized/cycle306/crdt-lane/rtc-pr12a-previous-local-block-deletes,refs/heads/danluu/cycle306-crdt-pr12a-previous-local-block-deletes,fa13d1bd3b373f904cb31395d07e8780c9f54231,/media/volume/danluu-fuzz-data/rtc-pr-finalization-20260516/cycles/20260517T221105Z/finalization.report.md,pushed,branch pushed,2026-05-17T22:29:43Z,finalized/cycle306/crdt-lane/rtc-pr12a-previous-local-block-deletes
2026-05-17T22:29:53Z,finalized/cycle306/crdt-lane/rtc-pr12b-previous-local-block-reorders,refs/heads/danluu/cycle306-crdt-pr12b-previous-local-block-reorders,80d6a4bc8ab304e0cfea86fdf1a2741a7f87ff3b,/media/volume/danluu-fuzz-data/rtc-pr-finalization-20260516/cycles/20260517T221105Z/finalization.report.md,pushed,branch pushed,2026-05-17T22:29:53Z,finalized/cycle306/crdt-lane/rtc-pr12b-previous-local-block-reorders
2026-05-17T22:30:02Z,finalized/cycle306/crdt-lane/rtc-pr12c-previous-local-delete-reorders,refs/heads/danluu/cycle306-crdt-pr12c-previous-local-delete-reorders,95d3a046bab5b5c78675785c16ad086e6eefefee,/media/volume/danluu-fuzz-data/rtc-pr-finalization-20260516/cycles/20260517T221105Z/finalization.report.md,pushed,branch pushed,2026-05-17T22:30:02Z,finalized/cycle306/crdt-lane/rtc-pr12c-previous-local-delete-reorders
2026-05-17T22:30:11Z,finalized/cycle306/crdt-lane/rtc-pr13a-observed-delete-provenance,refs/heads/danluu/cycle306-crdt-pr13a-observed-delete-provenance,65fd61e8cae763a24347144de91fd9eaa314a901,/media/volume/danluu-fuzz-data/rtc-pr-finalization-20260516/cycles/20260517T221105Z/finalization.report.md,pushed,branch pushed,2026-05-17T22:30:11Z,finalized/cycle306/crdt-lane/rtc-pr13a-observed-delete-provenance
2026-05-17T22:30:25Z,finalized/cycle306/crdt-lane/rtc-pr13b0-identity-provenance-guard,refs/heads/danluu/cycle306-crdt-pr13b0-identity-provenance-guard,db5704f15b873a84cb26cde2d73af34f5f60efc5,/media/volume/danluu-fuzz-data/rtc-pr-finalization-20260516/cycles/20260517T221105Z/finalization.report.md,pushed,branch pushed,2026-05-17T22:30:25Z,finalized/cycle306/crdt-lane/rtc-pr13b0-identity-provenance-guard
2026-05-17T22:30:39Z,finalized/cycle306/crdt-lane/rtc-pr13b1-direct-source-retirement,refs/heads/danluu/cycle306-crdt-pr13b1-direct-source-retirement,05815ca6d4bdf2c933f53f872e44efa2561ee930,/media/volume/danluu-fuzz-data/rtc-pr-finalization-20260516/cycles/20260517T221105Z/finalization.report.md,pushed,branch pushed,2026-05-17T22:30:39Z,finalized/cycle306/crdt-lane/rtc-pr13b1-direct-source-retirement
2026-05-17T22:30:54Z,finalized/cycle306/crdt-lane/rtc-pr13b2-current-only-source-retirement,refs/heads/danluu/cycle306-crdt-pr13b2-current-only-source-retirement,966c9a6d0704949ba2ae58e333f6453108021ad5,/media/volume/danluu-fuzz-data/rtc-pr-finalization-20260516/cycles/20260517T221105Z/finalization.report.md,pushed,branch pushed,2026-05-17T22:30:54Z,finalized/cycle306/crdt-lane/rtc-pr13b2-current-only-source-retirement
2026-05-17T22:31:09Z,finalized/cycle306/crdt-lane/rtc-pr13b3-explicit-base-source-retirement,refs/heads/danluu/cycle306-crdt-pr13b3-explicit-base-source-retirement,493a9984e3d00c1d3d5c708835402b5ac778a003,/media/volume/danluu-fuzz-data/rtc-pr-finalization-20260516/cycles/20260517T221105Z/finalization.report.md,pushed,branch pushed,2026-05-17T22:31:09Z,finalized/cycle306/crdt-lane/rtc-pr13b3-explicit-base-source-retirement
2026-05-17T22:31:21Z,finalized/cycle306/crdt-lane/rtc-pr14-table-body-array-reconciliation,refs/heads/danluu/cycle306-crdt-pr14-table-body-array-reconciliation,71c86db4a7f83012f9bc83596182bbe94c9c6bc0,/media/volume/danluu-fuzz-data/rtc-pr-finalization-20260516/cycles/20260517T221105Z/finalization.report.md,pushed,branch pushed,2026-05-17T22:31:21Z,finalized/cycle306/crdt-lane/rtc-pr14-table-body-array-reconciliation
2026-05-17T22:31:34Z,finalized/cycle306/crdt-lane/rtc-pr14b-table-query-array-suffix-append,refs/heads/danluu/cycle306-crdt-pr14b-table-query-array-suffix-append,d92908665c9ee2e574171377606dacdff1d6b01f,/media/volume/danluu-fuzz-data/rtc-pr-finalization-20260516/cycles/20260517T221105Z/finalization.report.md,pushed,branch pushed,2026-05-17T22:31:34Z,finalized/cycle306/crdt-lane/rtc-pr14b-table-query-array-suffix-append
2026-05-17T22:31:44Z,finalized/cycle306/crdt-lane/rtc-pr15a-fallback-group-move-reconciliation,refs/heads/danluu/cycle306-crdt-pr15a-fallback-group-move-reconciliation,687a1318ee7b482946b0d6ed429afa60e79d8f62,/media/volume/danluu-fuzz-data/rtc-pr-finalization-20260516/cycles/20260517T221105Z/finalization.report.md,pushed,branch pushed,2026-05-17T22:31:44Z,finalized/cycle306/crdt-lane/rtc-pr15a-fallback-group-move-reconciliation
2026-05-17T22:31:55Z,finalized/cycle306/crdt-lane/rtc-pr15b-fallback-group-insert-anchor,refs/heads/danluu/cycle306-crdt-pr15b-fallback-group-insert-anchor,bcf1c42dea153a219f2b82332d507e7839084949,/media/volume/danluu-fuzz-data/rtc-pr-finalization-20260516/cycles/20260517T221105Z/finalization.report.md,pushed,branch pushed,2026-05-17T22:31:55Z,finalized/cycle306/crdt-lane/rtc-pr15b-fallback-group-insert-anchor
2026-05-17T22:32:05Z,finalized/cycle306/crdt-lane/rtc-pr15c-fallback-group-delete-reconciliation,refs/heads/danluu/cycle306-crdt-pr15c-fallback-group-delete-reconciliation,276709d2491da32582220bff218d98002537bf4b,/media/volume/danluu-fuzz-data/rtc-pr-finalization-20260516/cycles/20260517T221105Z/finalization.report.md,pushed,branch pushed,2026-05-17T22:32:05Z,finalized/cycle306/crdt-lane/rtc-pr15c-fallback-group-delete-reconciliation
last_hash,e75e9c0d42d24294c66e08cf2e6a7e7253923fe1,20260517T223717Z,NA,NA,NA,manifest snapshot,2026-05-17T22:37:17Z,snapshot
last_hash,964a32a228800e312065d001517599457f24ac6a,20260517T224123Z,NA,NA,NA,manifest snapshot,2026-05-17T22:41:23Z,snapshot
last_hash,04fee61c02e849bc599fa7c28b0b0ec787528a76,20260517T224718Z,NA,NA,NA,manifest snapshot,2026-05-17T22:47:18Z,snapshot
last_hash,e372412ad6e314a51d744b1d1df51ade9f92d8be,20260517T230254Z,NA,NA,NA,manifest snapshot,2026-05-17T23:02:54Z,snapshot
last_hash,496fc711514f553df735bd1f006615979cb52f64,20260517T231128Z,NA,NA,NA,manifest snapshot,2026-05-17T23:11:28Z,snapshot
last_hash,53ab2eaa1b42c4ae2d3739afee44a3acd0f207a9,20260517T231606Z,NA,NA,NA,manifest snapshot,2026-05-17T23:16:06Z,snapshot
last_hash,9fba81f1adf42bcdce87c181c91789def4a519a5,20260517T233124Z,NA,NA,NA,manifest snapshot,2026-05-17T23:31:24Z,snapshot
last_hash,21d269204afd598367430b7b9375bfc493fc9e1c,20260517T233759Z,NA,NA,NA,manifest snapshot,2026-05-17T23:37:59Z,snapshot
last_hash,7c4d6141c8cb120b3e33491d395b4d8616543264,20260517T234511Z,NA,NA,NA,manifest snapshot,2026-05-17T23:45:11Z,snapshot
last_hash,d3fe8bd0d0834d24d07d3883feff79b75eb86039,20260517T235815Z,NA,NA,NA,manifest snapshot,2026-05-17T23:58:15Z,snapshot
last_hash,b5faf7f71cbb138ceaf9b330a1f50720b74c8c8d,20260518T000838Z,NA,NA,NA,manifest snapshot,2026-05-18T00:08:38Z,snapshot
last_hash,b03da36ada564fbfdb7d0125dd0ad689eb09a12d,20260518T003000Z,NA,NA,NA,manifest snapshot,2026-05-18T00:30:00Z,snapshot
last_hash,7477e11a582cbeae06067cd3d71fa82b4859120f,20260518T003341Z,NA,NA,NA,manifest snapshot,2026-05-18T00:33:41Z,snapshot
last_hash,e22693bf695c5c579d0ae1fc21849c77eab47d27,20260518T004005Z,NA,NA,NA,manifest snapshot,2026-05-18T00:40:05Z,snapshot
last_hash,a5cd747818b7da2bbe4a5ab9f23c1e938f7457a6,20260518T005953Z,NA,NA,NA,manifest snapshot,2026-05-18T00:59:53Z,snapshot
last_hash,eb065f1d555c8b4825e170a8a8d21aeddbf0dcee,20260518T011244Z,NA,NA,NA,manifest snapshot,2026-05-18T01:12:44Z,snapshot
last_hash,b337c456f72e249ecb383635038742fb0af7de76,20260518T011738Z,NA,NA,NA,manifest snapshot,2026-05-18T01:17:38Z,snapshot
last_hash,04d486d97e39d967b1fc4894559267563308ecc5,20260518T014129Z,NA,NA,NA,manifest snapshot,2026-05-18T01:41:29Z,snapshot
last_hash,97229aa1d4d29ece73f03bd797a283ce5dfd1c7a,20260518T015214Z,NA,NA,NA,manifest snapshot,2026-05-18T01:52:14Z,snapshot
last_hash,4c8ab2844000d5eca1bd06fd48ddb4fb91dd1ff5,20260518T021417Z,NA,NA,NA,manifest snapshot,2026-05-18T02:14:17Z,snapshot
last_hash,3ad8e77c57ab27baf4cb53933605bc0e822d0ce6,20260518T022059Z,NA,NA,NA,manifest snapshot,2026-05-18T02:20:59Z,snapshot
last_hash,e59bd646751a1ffcdcce0cf55c06d1618424a740,20260518T022807Z,NA,NA,NA,manifest snapshot,2026-05-18T02:28:07Z,snapshot
last_hash,d6bea20cc49759b22b3c0754323229aac6073c31,20260518T024723Z,NA,NA,NA,manifest snapshot,2026-05-18T02:47:23Z,snapshot
last_hash,e1eeee366d4649264d49aaad49a08f704f009877,20260518T025634Z,NA,NA,NA,manifest snapshot,2026-05-18T02:56:34Z,snapshot
last_hash,fc13cdb650693ecc826e9f182746b3fe94240003,20260518T030646Z,NA,NA,NA,manifest snapshot,2026-05-18T03:06:46Z,snapshot
last_hash,df6117261bcff390dd6f53ea730d3e1a490850fb,20260518T031917Z,NA,NA,NA,manifest snapshot,2026-05-18T03:19:17Z,snapshot
last_hash,e562bca835b90888c098957de3d44a5d000a3a27,20260518T032825Z,NA,NA,NA,manifest snapshot,2026-05-18T03:28:25Z,snapshot
last_hash,fdafe3c63ee0b54ee9c7b8764b38a607573e839b,20260518T035202Z,NA,NA,NA,manifest snapshot,2026-05-18T03:52:02Z,snapshot
last_hash,c1cd05ffaad305d43ef384b98a67f571b704b6db,20260518T035850Z,NA,NA,NA,manifest snapshot,2026-05-18T03:58:50Z,snapshot
last_hash,030398fd1087ef6fcf51746ffd622399e50ece03,20260518T040714Z,NA,NA,NA,manifest snapshot,2026-05-18T04:07:14Z,snapshot
last_hash,fe9b4225f4ae363dbc940058eefed1d5fbee0afe,20260518T042933Z,NA,NA,NA,manifest snapshot,2026-05-18T04:29:33Z,snapshot
last_hash,cd0a3c8eda884707e9c196225312fa278d5332f2,20260518T043833Z,NA,NA,NA,manifest snapshot,2026-05-18T04:38:33Z,snapshot
last_hash,0da1fc351e72217ce0d6d3af2c0b692f47447cb5,20260518T044211Z,NA,NA,NA,manifest snapshot,2026-05-18T04:42:11Z,snapshot
last_hash,2b8c883bfce325e432fc1afc0b35d05db2d5ec77,20260518T050335Z,NA,NA,NA,manifest snapshot,2026-05-18T05:03:35Z,snapshot
last_hash,ea20952e2688e47591a6ef73f4f261ff9184c78c,20260518T051149Z,NA,NA,NA,manifest snapshot,2026-05-18T05:11:49Z,snapshot
last_hash,36223c88f150b2a53f77ca03961358854f75a853,20260518T051948Z,NA,NA,NA,manifest snapshot,2026-05-18T05:19:48Z,snapshot
last_hash,9d654e49173b18716243bf035fdc7bed40f0fb1f,20260518T054002Z,NA,NA,NA,manifest snapshot,2026-05-18T05:40:02Z,snapshot
last_hash,19562ca71fd9a3a32270366c5e724281d627eee0,20260518T054728Z,NA,NA,NA,manifest snapshot,2026-05-18T05:47:28Z,snapshot
last_hash,93cf9f115415e76a882d7f9e9e2ee1f09607c04c,20260518T055536Z,NA,NA,NA,manifest snapshot,2026-05-18T05:55:36Z,snapshot
last_hash,aefbf0b7473c61745720e73f8ad37ee12bcd8267,20260518T061007Z,NA,NA,NA,manifest snapshot,2026-05-18T06:10:07Z,snapshot
last_hash,ac305e63efb57886241b4c1293506e64a15a8de5,20260518T062026Z,NA,NA,NA,manifest snapshot,2026-05-18T06:20:26Z,snapshot
last_hash,606fae6414a97beba080ff5755e626a7c5b77091,20260518T064445Z,NA,NA,NA,manifest snapshot,2026-05-18T06:44:45Z,snapshot
last_hash,631822d4f4d77ad913b6c3ce7dcd3fb88eb908ce,20260518T065148Z,NA,NA,NA,manifest snapshot,2026-05-18T06:51:48Z,snapshot
last_hash,ca7cc4a854b15d2c3ac7fff431d5baa70f975de6,20260518T070045Z,NA,NA,NA,manifest snapshot,2026-05-18T07:00:45Z,snapshot
last_hash,ed390ad1e248586f24b93b1c9444377fdafc005a,20260518T071428Z,NA,NA,NA,manifest snapshot,2026-05-18T07:14:28Z,snapshot
last_hash,250bb73ee79e167c25b8dc5adcc6d5d14a0fdeb4,20260518T072742Z,NA,NA,NA,manifest snapshot,2026-05-18T07:27:42Z,snapshot
last_hash,695ba234711b4d221a3996074dbb3752b5fee419,20260518T073753Z,NA,NA,NA,manifest snapshot,2026-05-18T07:37:53Z,snapshot
last_hash,e22ac28a445d01e7cd222e970b59d23ad5b345b2,20260518T075312Z,NA,NA,NA,manifest snapshot,2026-05-18T07:53:12Z,snapshot
last_hash,4d83323597c48ddb9711f43e5d58bd43949f4bcb,20260518T080426Z,NA,NA,NA,manifest snapshot,2026-05-18T08:04:26Z,snapshot
last_hash,0e2338ee23548aab8c1effd46e34dd05ba3229da,20260518T081400Z,NA,NA,NA,manifest snapshot,2026-05-18T08:14:00Z,snapshot
last_hash,fda0b04542c173f63a1bfd413b10aba2bf43445d,20260518T082208Z,NA,NA,NA,manifest snapshot,2026-05-18T08:22:08Z,snapshot
2026-05-18T08:27:00Z,finalized/cycle324-i40/main/rtc-pr01-http-generated-update-size,refs/heads/danluu/cycle324-i40-pr01-http-generated-update-size,20d1b80a98db2cb59ae031e9147f56232aa1ccd1,/media/volume/danluu-fuzz-data/rtc-pr-split-review-20260515/runs/20260518T074559Z/jobs/outputs/rtc-cycle344-post-075352-deferred-refresh-bundle-manifest-audit/push-manifest.tsv,pushed,branch pushed,2026-05-18T08:27:00Z,finalized/cycle324-i40/main/rtc-pr01-http-generated-update-size
2026-05-18T08:27:07Z,finalized/cycle324-i40/main/rtc-pr02-http-storage-read-window,refs/heads/danluu/cycle324-i40-pr02-http-storage-read-window,d32ba161ddd3bebbbe9b826c1c256251dd8e9e58,/media/volume/danluu-fuzz-data/rtc-pr-split-review-20260515/runs/20260518T074559Z/jobs/outputs/rtc-cycle344-post-075352-deferred-refresh-bundle-manifest-audit/push-manifest.tsv,pushed,branch pushed,2026-05-18T08:27:07Z,finalized/cycle324-i40/main/rtc-pr02-http-storage-read-window
2026-05-18T08:27:14Z,finalized/cycle324-i40/sidecar/rtc-pr02a-http-room-isolation-test,refs/heads/danluu/cycle324-i40-pr02a-http-room-isolation-test,9303a7715cf3e2495e743c90ec5a4f8f0080e2dc,/media/volume/danluu-fuzz-data/rtc-pr-split-review-20260515/runs/20260518T074559Z/jobs/outputs/rtc-cycle344-post-075352-deferred-refresh-bundle-manifest-audit/push-manifest.tsv,pushed,branch pushed,2026-05-18T08:27:14Z,finalized/cycle324-i40/sidecar/rtc-pr02a-http-room-isolation-test
2026-05-18T08:27:21Z,finalized/cycle324-i40/main/rtc-pr03-revision-restore-crdt-reset,refs/heads/danluu/cycle324-i40-pr03-revision-restore-crdt-reset,c7b66e9751f6156a19deda4533939bfe1bcf71af,/media/volume/danluu-fuzz-data/rtc-pr-split-review-20260515/runs/20260518T074559Z/jobs/outputs/rtc-cycle344-post-075352-deferred-refresh-bundle-manifest-audit/push-manifest.tsv,pushed,branch pushed,2026-05-18T08:27:21Z,finalized/cycle324-i40/main/rtc-pr03-revision-restore-crdt-reset
2026-05-18T08:27:28Z,finalized/cycle324-i40/main/rtc-pr04-crdt-save-meta-idempotence,refs/heads/danluu/cycle324-i40-pr04-crdt-save-meta-idempotence,f0a15247ab152b8deb838aee9e262500af91762e,/media/volume/danluu-fuzz-data/rtc-pr-split-review-20260515/runs/20260518T074559Z/jobs/outputs/rtc-cycle344-post-075352-deferred-refresh-bundle-manifest-audit/push-manifest.tsv,pushed,branch pushed,2026-05-18T08:27:28Z,finalized/cycle324-i40/main/rtc-pr04-crdt-save-meta-idempotence
2026-05-18T08:27:35Z,finalized/cycle324-i40/main/rtc-pr05a-entity-reference-normalization,refs/heads/danluu/cycle324-i40-pr05a-entity-reference-normalization,a9094aa9444691b317a53bd7a444d3955af3aef3,/media/volume/danluu-fuzz-data/rtc-pr-split-review-20260515/runs/20260518T074559Z/jobs/outputs/rtc-cycle344-post-075352-deferred-refresh-bundle-manifest-audit/push-manifest.tsv,pushed,branch pushed,2026-05-18T08:27:35Z,finalized/cycle324-i40/main/rtc-pr05a-entity-reference-normalization
2026-05-18T08:27:42Z,finalized/cycle324-i40/main/rtc-pr05b-parser-rich-text-equivalence,refs/heads/danluu/cycle324-i40-pr05b-parser-rich-text-equivalence,e1fda090dce3ca3d277d0e31135cc40bcc0b9801,/media/volume/danluu-fuzz-data/rtc-pr-split-review-20260515/runs/20260518T074559Z/jobs/outputs/rtc-cycle344-post-075352-deferred-refresh-bundle-manifest-audit/push-manifest.tsv,pushed,branch pushed,2026-05-18T08:27:42Z,finalized/cycle324-i40/main/rtc-pr05b-parser-rich-text-equivalence
2026-05-18T08:27:49Z,finalized/cycle324-i40/main/rtc-pr05c-preserve-whitespace-linebreak-equivalence,refs/heads/danluu/cycle324-i40-pr05c-preserve-whitespace-linebreak-equivalence,6a2eba716e070c8db1ffbb583fbc77ea9c033845,/media/volume/danluu-fuzz-data/rtc-pr-split-review-20260515/runs/20260518T074559Z/jobs/outputs/rtc-cycle344-post-075352-deferred-refresh-bundle-manifest-audit/push-manifest.tsv,pushed,branch pushed,2026-05-18T08:27:49Z,finalized/cycle324-i40/main/rtc-pr05c-preserve-whitespace-linebreak-equivalence
2026-05-18T08:27:56Z,finalized/cycle324-i40/main/rtc-pr05d-semicolonless-entity-equivalence,refs/heads/danluu/cycle324-i40-pr05d-semicolonless-entity-equivalence,27c6e7924217038ed9b4ff71585e8041c67765a4,/media/volume/danluu-fuzz-data/rtc-pr-split-review-20260515/runs/20260518T074559Z/jobs/outputs/rtc-cycle344-post-075352-deferred-refresh-bundle-manifest-audit/push-manifest.tsv,pushed,branch pushed,2026-05-18T08:27:56Z,finalized/cycle324-i40/main/rtc-pr05d-semicolonless-entity-equivalence
2026-05-18T08:28:03Z,finalized/cycle324-i40/main/rtc-pr06a-empty-crdt-block-save-guard,refs/heads/danluu/cycle324-i40-pr06a-empty-crdt-block-save-guard,705d84c03b936db310611304de8a641ecfb4c9d2,/media/volume/danluu-fuzz-data/rtc-pr-split-review-20260515/runs/20260518T074559Z/jobs/outputs/rtc-cycle344-post-075352-deferred-refresh-bundle-manifest-audit/push-manifest.tsv,pushed,branch pushed,2026-05-18T08:28:03Z,finalized/cycle324-i40/main/rtc-pr06a-empty-crdt-block-save-guard
2026-05-18T08:28:10Z,finalized/cycle324-i40/main/rtc-pr06b-stale-raw-save-payload-repair,refs/heads/danluu/cycle324-i40-pr06b-stale-raw-save-payload-repair,d127d3d2422af369697d2408ef534c8ba3015121,/media/volume/danluu-fuzz-data/rtc-pr-split-review-20260515/runs/20260518T074559Z/jobs/outputs/rtc-cycle344-post-075352-deferred-refresh-bundle-manifest-audit/push-manifest.tsv,pushed,branch pushed,2026-05-18T08:28:10Z,finalized/cycle324-i40/main/rtc-pr06b-stale-raw-save-payload-repair
2026-05-18T08:28:17Z,finalized/cycle324-i40/main/rtc-pr06c-save-projection-content-guard,refs/heads/danluu/cycle324-i40-pr06c-save-projection-content-guard,d4041cccdd42f5f91a4240b54c58f1e2ac0abff8,/media/volume/danluu-fuzz-data/rtc-pr-split-review-20260515/runs/20260518T074559Z/jobs/outputs/rtc-cycle344-post-075352-deferred-refresh-bundle-manifest-audit/push-manifest.tsv,pushed,branch pushed,2026-05-18T08:28:17Z,finalized/cycle324-i40/main/rtc-pr06c-save-projection-content-guard
2026-05-18T08:28:24Z,finalized/cycle324-i40/main/rtc-pr06d-persisted-empty-content-guard,refs/heads/danluu/cycle324-i40-pr06d-persisted-empty-content-guard,e0724015e958693fc7d6672394b62332ba536652,/media/volume/danluu-fuzz-data/rtc-pr-split-review-20260515/runs/20260518T074559Z/jobs/outputs/rtc-cycle344-post-075352-deferred-refresh-bundle-manifest-audit/push-manifest.tsv,pushed,branch pushed,2026-05-18T08:28:24Z,finalized/cycle324-i40/main/rtc-pr06d-persisted-empty-content-guard
2026-05-18T08:28:32Z,finalized/cycle324-i40/sidecar/rtc-pr06e-malformed-save-payload-sidecar,refs/heads/danluu/cycle324-i40-pr06e-malformed-save-payload-sidecar,ab31a873f5fee59f0890182de36c72ed6f719ce2,/media/volume/danluu-fuzz-data/rtc-pr-split-review-20260515/runs/20260518T074559Z/jobs/outputs/rtc-cycle344-post-075352-deferred-refresh-bundle-manifest-audit/push-manifest.tsv,pushed,branch pushed,2026-05-18T08:28:32Z,finalized/cycle324-i40/sidecar/rtc-pr06e-malformed-save-payload-sidecar
2026-05-18T08:28:39Z,finalized/cycle324-i40/crdt-lane/rtc-pr09-store-lock-fairness,refs/heads/danluu/cycle324-i40-pr09-store-lock-fairness,981efcd9a1c995e564a7ca953c2141a069d360d6,/media/volume/danluu-fuzz-data/rtc-pr-split-review-20260515/runs/20260518T074559Z/jobs/outputs/rtc-cycle344-post-075352-deferred-refresh-bundle-manifest-audit/push-manifest.tsv,pushed,branch pushed,2026-05-18T08:28:39Z,finalized/cycle324-i40/crdt-lane/rtc-pr09-store-lock-fairness
2026-05-18T08:28:46Z,finalized/cycle324-i40/crdt-lane/rtc-pr10-crdt-block-rebase-foundation,refs/heads/danluu/cycle324-i40-pr10-crdt-block-rebase-foundation,b526674e1a12066d566279bcabc7d1f8b5d08d93,/media/volume/danluu-fuzz-data/rtc-pr-split-review-20260515/runs/20260518T074559Z/jobs/outputs/rtc-cycle344-post-075352-deferred-refresh-bundle-manifest-audit/push-manifest.tsv,pushed,branch pushed,2026-05-18T08:28:46Z,finalized/cycle324-i40/crdt-lane/rtc-pr10-crdt-block-rebase-foundation
2026-05-18T08:28:53Z,finalized/cycle324-i40/crdt-lane/rtc-pr11a-stale-base-suffix-append,refs/heads/danluu/cycle324-i40-pr11a-stale-base-suffix-append,9376ea9ce792b8b19278823b35e80805353d813f,/media/volume/danluu-fuzz-data/rtc-pr-split-review-20260515/runs/20260518T074559Z/jobs/outputs/rtc-cycle344-post-075352-deferred-refresh-bundle-manifest-audit/push-manifest.tsv,pushed,branch pushed,2026-05-18T08:28:53Z,finalized/cycle324-i40/crdt-lane/rtc-pr11a-stale-base-suffix-append
2026-05-18T08:29:00Z,finalized/cycle324-i40/crdt-lane/rtc-pr11b-stale-base-top-level-delete,refs/heads/danluu/cycle324-i40-pr11b-stale-base-top-level-delete,3d228d0604ac9f045708323e548f79feb2dabe05,/media/volume/danluu-fuzz-data/rtc-pr-split-review-20260515/runs/20260518T074559Z/jobs/outputs/rtc-cycle344-post-075352-deferred-refresh-bundle-manifest-audit/push-manifest.tsv,pushed,branch pushed,2026-05-18T08:29:00Z,finalized/cycle324-i40/crdt-lane/rtc-pr11b-stale-base-top-level-delete
2026-05-18T08:29:08Z,finalized/cycle324-i40/crdt-lane/rtc-pr11c-stale-base-middle-insert,refs/heads/danluu/cycle324-i40-pr11c-stale-base-middle-insert,eb029803ae914b31a5cfe26129b61745e1a28a57,/media/volume/danluu-fuzz-data/rtc-pr-split-review-20260515/runs/20260518T074559Z/jobs/outputs/rtc-cycle344-post-075352-deferred-refresh-bundle-manifest-audit/push-manifest.tsv,pushed,branch pushed,2026-05-18T08:29:08Z,finalized/cycle324-i40/crdt-lane/rtc-pr11c-stale-base-middle-insert
2026-05-18T08:29:15Z,finalized/cycle324-i40/crdt-lane/rtc-pr11d-stale-top-level-move-reorder,refs/heads/danluu/cycle324-i40-pr11d-stale-top-level-move-reorder,0f1895180abb49fcb81853768fd38c0716945ff5,/media/volume/danluu-fuzz-data/rtc-pr-split-review-20260515/runs/20260518T074559Z/jobs/outputs/rtc-cycle344-post-075352-deferred-refresh-bundle-manifest-audit/push-manifest.tsv,pushed,branch pushed,2026-05-18T08:29:15Z,finalized/cycle324-i40/crdt-lane/rtc-pr11d-stale-top-level-move-reorder
2026-05-18T08:29:22Z,finalized/cycle324-i40/crdt-lane/rtc-pr11e-insert-anchor-after-delete,refs/heads/danluu/cycle324-i40-pr11e-insert-anchor-after-delete,75e0653fcae77b99f2d68769c25094af327e0d70,/media/volume/danluu-fuzz-data/rtc-pr-split-review-20260515/runs/20260518T074559Z/jobs/outputs/rtc-cycle344-post-075352-deferred-refresh-bundle-manifest-audit/push-manifest.tsv,pushed,branch pushed,2026-05-18T08:29:22Z,finalized/cycle324-i40/crdt-lane/rtc-pr11e-insert-anchor-after-delete
2026-05-18T08:29:29Z,finalized/cycle324-i40/crdt-lane/rtc-pr12a-previous-local-block-deletes,refs/heads/danluu/cycle324-i40-pr12a-previous-local-block-deletes,fa13d1bd3b373f904cb31395d07e8780c9f54231,/media/volume/danluu-fuzz-data/rtc-pr-split-review-20260515/runs/20260518T074559Z/jobs/outputs/rtc-cycle344-post-075352-deferred-refresh-bundle-manifest-audit/push-manifest.tsv,pushed,branch pushed,2026-05-18T08:29:29Z,finalized/cycle324-i40/crdt-lane/rtc-pr12a-previous-local-block-deletes
2026-05-18T08:29:36Z,finalized/cycle324-i40/crdt-lane/rtc-pr12b-previous-local-block-reorders,refs/heads/danluu/cycle324-i40-pr12b-previous-local-block-reorders,80d6a4bc8ab304e0cfea86fdf1a2741a7f87ff3b,/media/volume/danluu-fuzz-data/rtc-pr-split-review-20260515/runs/20260518T074559Z/jobs/outputs/rtc-cycle344-post-075352-deferred-refresh-bundle-manifest-audit/push-manifest.tsv,pushed,branch pushed,2026-05-18T08:29:36Z,finalized/cycle324-i40/crdt-lane/rtc-pr12b-previous-local-block-reorders
2026-05-18T08:29:42Z,finalized/cycle324-i40/crdt-lane/rtc-pr12c-previous-local-delete-reorders,refs/heads/danluu/cycle324-i40-pr12c-previous-local-delete-reorders,95d3a046bab5b5c78675785c16ad086e6eefefee,/media/volume/danluu-fuzz-data/rtc-pr-split-review-20260515/runs/20260518T074559Z/jobs/outputs/rtc-cycle344-post-075352-deferred-refresh-bundle-manifest-audit/push-manifest.tsv,pushed,branch pushed,2026-05-18T08:29:42Z,finalized/cycle324-i40/crdt-lane/rtc-pr12c-previous-local-delete-reorders
2026-05-18T08:29:49Z,finalized/cycle324-i40/crdt-lane/rtc-pr13a-observed-delete-provenance,refs/heads/danluu/cycle324-i40-pr13a-observed-delete-provenance,65fd61e8cae763a24347144de91fd9eaa314a901,/media/volume/danluu-fuzz-data/rtc-pr-split-review-20260515/runs/20260518T074559Z/jobs/outputs/rtc-cycle344-post-075352-deferred-refresh-bundle-manifest-audit/push-manifest.tsv,pushed,branch pushed,2026-05-18T08:29:49Z,finalized/cycle324-i40/crdt-lane/rtc-pr13a-observed-delete-provenance
2026-05-18T08:29:56Z,finalized/cycle324-i40/crdt-lane/rtc-pr13b0-identity-provenance-guard,refs/heads/danluu/cycle324-i40-pr13b0-identity-provenance-guard,db5704f15b873a84cb26cde2d73af34f5f60efc5,/media/volume/danluu-fuzz-data/rtc-pr-split-review-20260515/runs/20260518T074559Z/jobs/outputs/rtc-cycle344-post-075352-deferred-refresh-bundle-manifest-audit/push-manifest.tsv,pushed,branch pushed,2026-05-18T08:29:56Z,finalized/cycle324-i40/crdt-lane/rtc-pr13b0-identity-provenance-guard
2026-05-18T08:30:04Z,finalized/cycle324-i40/crdt-lane/rtc-pr13b1-direct-source-retirement,refs/heads/danluu/cycle324-i40-pr13b1-direct-source-retirement,05815ca6d4bdf2c933f53f872e44efa2561ee930,/media/volume/danluu-fuzz-data/rtc-pr-split-review-20260515/runs/20260518T074559Z/jobs/outputs/rtc-cycle344-post-075352-deferred-refresh-bundle-manifest-audit/push-manifest.tsv,pushed,branch pushed,2026-05-18T08:30:04Z,finalized/cycle324-i40/crdt-lane/rtc-pr13b1-direct-source-retirement
2026-05-18T08:30:11Z,finalized/cycle324-i40/crdt-lane/rtc-pr13b2-current-only-source-retirement,refs/heads/danluu/cycle324-i40-pr13b2-current-only-source-retirement,966c9a6d0704949ba2ae58e333f6453108021ad5,/media/volume/danluu-fuzz-data/rtc-pr-split-review-20260515/runs/20260518T074559Z/jobs/outputs/rtc-cycle344-post-075352-deferred-refresh-bundle-manifest-audit/push-manifest.tsv,pushed,branch pushed,2026-05-18T08:30:11Z,finalized/cycle324-i40/crdt-lane/rtc-pr13b2-current-only-source-retirement
2026-05-18T08:30:18Z,finalized/cycle324-i40/crdt-lane/rtc-pr13b3-explicit-base-source-retirement,refs/heads/danluu/cycle324-i40-pr13b3-explicit-base-source-retirement,493a9984e3d00c1d3d5c708835402b5ac778a003,/media/volume/danluu-fuzz-data/rtc-pr-split-review-20260515/runs/20260518T074559Z/jobs/outputs/rtc-cycle344-post-075352-deferred-refresh-bundle-manifest-audit/push-manifest.tsv,pushed,branch pushed,2026-05-18T08:30:18Z,finalized/cycle324-i40/crdt-lane/rtc-pr13b3-explicit-base-source-retirement
2026-05-18T08:30:25Z,finalized/cycle324-i40/crdt-lane/rtc-pr14-table-body-array-reconciliation,refs/heads/danluu/cycle324-i40-pr14-table-body-array-reconciliation,71c86db4a7f83012f9bc83596182bbe94c9c6bc0,/media/volume/danluu-fuzz-data/rtc-pr-split-review-20260515/runs/20260518T074559Z/jobs/outputs/rtc-cycle344-post-075352-deferred-refresh-bundle-manifest-audit/push-manifest.tsv,pushed,branch pushed,2026-05-18T08:30:25Z,finalized/cycle324-i40/crdt-lane/rtc-pr14-table-body-array-reconciliation
2026-05-18T08:30:32Z,finalized/cycle324-i40/crdt-lane/rtc-pr14b-table-query-array-suffix-append,refs/heads/danluu/cycle324-i40-pr14b-table-query-array-suffix-append,d92908665c9ee2e574171377606dacdff1d6b01f,/media/volume/danluu-fuzz-data/rtc-pr-split-review-20260515/runs/20260518T074559Z/jobs/outputs/rtc-cycle344-post-075352-deferred-refresh-bundle-manifest-audit/push-manifest.tsv,pushed,branch pushed,2026-05-18T08:30:32Z,finalized/cycle324-i40/crdt-lane/rtc-pr14b-table-query-array-suffix-append
2026-05-18T08:30:39Z,finalized/cycle324-i40/crdt-lane/rtc-pr15a-fallback-group-move-reconciliation,refs/heads/danluu/cycle324-i40-pr15a-fallback-group-move-reconciliation,687a1318ee7b482946b0d6ed429afa60e79d8f62,/media/volume/danluu-fuzz-data/rtc-pr-split-review-20260515/runs/20260518T074559Z/jobs/outputs/rtc-cycle344-post-075352-deferred-refresh-bundle-manifest-audit/push-manifest.tsv,pushed,branch pushed,2026-05-18T08:30:39Z,finalized/cycle324-i40/crdt-lane/rtc-pr15a-fallback-group-move-reconciliation
2026-05-18T08:30:45Z,finalized/cycle324-i40/crdt-lane/rtc-pr15b-fallback-group-insert-anchor-repair,refs/heads/danluu/cycle324-i40-pr15b-fallback-group-insert-anchor-repair,17569a538530b0124538e42349e63ba80d08d38d,/media/volume/danluu-fuzz-data/rtc-pr-split-review-20260515/runs/20260518T074559Z/jobs/outputs/rtc-cycle344-post-075352-deferred-refresh-bundle-manifest-audit/push-manifest.tsv,pushed,branch pushed,2026-05-18T08:30:45Z,finalized/cycle324-i40/crdt-lane/rtc-pr15b-fallback-group-insert-anchor-repair
2026-05-18T08:30:52Z,finalized/cycle324-i40/crdt-lane/rtc-pr15c-fallback-group-insert-anchor-constraint,refs/heads/danluu/cycle324-i40-pr15c-fallback-group-insert-anchor-constraint,bcf1c42dea153a219f2b82332d507e7839084949,/media/volume/danluu-fuzz-data/rtc-pr-split-review-20260515/runs/20260518T074559Z/jobs/outputs/rtc-cycle344-post-075352-deferred-refresh-bundle-manifest-audit/push-manifest.tsv,pushed,branch pushed,2026-05-18T08:30:52Z,finalized/cycle324-i40/crdt-lane/rtc-pr15c-fallback-group-insert-anchor-constraint
2026-05-18T08:31:00Z,finalized/cycle324-i40/crdt-lane/rtc-pr15d-fallback-group-delete-reconciliation,refs/heads/danluu/cycle324-i40-pr15d-fallback-group-delete-reconciliation,276709d2491da32582220bff218d98002537bf4b,/media/volume/danluu-fuzz-data/rtc-pr-split-review-20260515/runs/20260518T074559Z/jobs/outputs/rtc-cycle344-post-075352-deferred-refresh-bundle-manifest-audit/push-manifest.tsv,pushed,branch pushed,2026-05-18T08:31:00Z,finalized/cycle324-i40/crdt-lane/rtc-pr15d-fallback-group-delete-reconciliation
last_hash,8754d14def4a938ad9218440a1daa4f3332c96e4,20260518T083620Z,NA,NA,NA,manifest snapshot,2026-05-18T08:36:20Z,snapshot
last_hash,a3e4190ad61186549b9f978a2158d9a1a55afc05,20260518T085148Z,NA,NA,NA,manifest snapshot,2026-05-18T08:51:48Z,snapshot
last_hash,7c161216ca8fcfb504cd7250bb0d3cdb5a4ea0ae,20260518T085835Z,NA,NA,NA,manifest snapshot,2026-05-18T08:58:35Z,snapshot
last_hash,44de5da55161b49fa9cff231db12fb316deb077f,20260518T090521Z,NA,NA,NA,manifest snapshot,2026-05-18T09:05:21Z,snapshot
last_hash,ae98f0502eb238861b18a1aabd0ea0017833dba4,20260518T092430Z,NA,NA,NA,manifest snapshot,2026-05-18T09:24:30Z,snapshot
last_hash,b4bc09461310efae9f16ff62d3fff7034395b9aa,20260518T093404Z,NA,NA,NA,manifest snapshot,2026-05-18T09:34:04Z,snapshot
last_hash,8b1a40b29a3b9a82b63473237c37e59b75dc60b4,20260518T093833Z,NA,NA,NA,manifest snapshot,2026-05-18T09:38:33Z,snapshot
last_hash,f114d0f39a38f8b9730fabaada811f4593daef56,20260518T095712Z,NA,NA,NA,manifest snapshot,2026-05-18T09:57:12Z,snapshot
last_hash,65de1b5bfd8a440d28c11b514cb19519d87d2dd0,20260518T100450Z,NA,NA,NA,manifest snapshot,2026-05-18T10:04:50Z,snapshot
last_hash,6dd50ee31e4f2006c2adc2a9cd50cf6c0e5dadf2,20260518T102836Z,NA,NA,NA,manifest snapshot,2026-05-18T10:28:36Z,snapshot
2026-05-18T10:32:40Z,finalized/cycle324-i40/harness/rtc-ws-provider-context-url,refs/heads/danluu/cycle324-i40-harness-ws-provider-context-url,a02e6ea070ba0224371903ed6578dd291d1863d6,/media/volume/danluu-fuzz-data/rtc-pr-finalization-20260516/cycles/20260518T101435Z/finalization.report.md,pushed,branch pushed,2026-05-18T10:32:40Z,finalized/cycle324-i40/harness/rtc-ws-provider-context-url
2026-05-18T10:32:52Z,finalized/cycle324-i40/harness/rtc-plugin-status-json-stall-retry,refs/heads/danluu/cycle324-i40-harness-plugin-status-json-stall-retry,eb684ea47c371b1716a9bbec35cb95b49dc07da8,/media/volume/danluu-fuzz-data/rtc-pr-finalization-20260516/cycles/20260518T101435Z/finalization.report.md,pushed,branch pushed,2026-05-18T10:32:52Z,finalized/cycle324-i40/harness/rtc-plugin-status-json-stall-retry
2026-05-18T10:33:03Z,finalized/cycle324-i40/harness/rtc-ws-provider-bootstrap-guard-051619,refs/heads/danluu/cycle324-i40-harness-ws-provider-bootstrap-guard-051619,a17e43cd60574c9f45bb1d44bf000f55e5aaccc7,/media/volume/danluu-fuzz-data/rtc-pr-finalization-20260516/cycles/20260518T101435Z/finalization.report.md,pushed,branch pushed,2026-05-18T10:33:03Z,finalized/cycle324-i40/harness/rtc-ws-provider-bootstrap-guard-051619
last_hash,a8e5d1c61442dabd5880abb3c9bdf1bce4362d67,20260518T104207Z,NA,NA,NA,manifest snapshot,2026-05-18T10:42:07Z,snapshot
last_hash,09de3349e9d3babc9a55940ecd6190f0ae62f4d1,20260518T105042Z,NA,NA,NA,manifest snapshot,2026-05-18T10:50:42Z,snapshot
last_hash,15ce0649629250db4b599bd2a544a880e9463012,20260518T110023Z,NA,NA,NA,manifest snapshot,2026-05-18T11:00:23Z,snapshot
last_hash,5ed4e5054ac4198b309d8b5665c678820560349c,20260518T111838Z,NA,NA,NA,manifest snapshot,2026-05-18T11:18:38Z,snapshot
last_hash,18698bb2671db775338e4971bac61755fb1b0157,20260518T112650Z,NA,NA,NA,manifest snapshot,2026-05-18T11:26:50Z,snapshot
last_hash,ed2172cf8c133ef7e2082968ca2054ca3cc77b60,20260518T113940Z,NA,NA,NA,manifest snapshot,2026-05-18T11:39:40Z,snapshot
last_hash,af79fe06158c4616f4f0c11022a5b5367562ee47,20260518T114920Z,NA,NA,NA,manifest snapshot,2026-05-18T11:49:20Z,snapshot
last_hash,f67648ed348dfb5ad48ed5810b84b446e02102bc,20260518T120332Z,NA,NA,NA,manifest snapshot,2026-05-18T12:03:32Z,snapshot
last_hash,4898b01513e999caea1dbb35a4a84d0184bb7150,20260518T121221Z,NA,NA,NA,manifest snapshot,2026-05-18T12:12:21Z,snapshot
last_hash,b670800e951b667e564c0ba336b43cdccfde6b74,20260518T122139Z,NA,NA,NA,manifest snapshot,2026-05-18T12:21:39Z,snapshot
last_hash,5aeb57994b7111de89516a849549ef780310c02c,20260518T123847Z,NA,NA,NA,manifest snapshot,2026-05-18T12:38:47Z,snapshot
last_hash,af611f3b82499506ca6df76cdb8344b48a173b2f,20260518T124601Z,NA,NA,NA,manifest snapshot,2026-05-18T12:46:01Z,snapshot
last_hash,f4f5b8e6e38dda2e5e381d065da2b618665f3197,20260518T125259Z,NA,NA,NA,manifest snapshot,2026-05-18T12:52:59Z,snapshot
last_hash,0d4e8b601384bbbab71ee0368a3524b1e9c2f97c,20260518T131204Z,NA,NA,NA,manifest snapshot,2026-05-18T13:12:04Z,snapshot
last_hash,b696a8f0a86a02b26f5b9e8f5fb7d8266f3d49b9,20260518T131945Z,NA,NA,NA,manifest snapshot,2026-05-18T13:19:45Z,snapshot
last_hash,759d7b41416984c18379428e8bf43eb44cdc8daf,20260518T132455Z,NA,NA,NA,manifest snapshot,2026-05-18T13:24:55Z,snapshot
last_hash,36282bcd9da7fdb525785095c902f08c4a851f1d,20260518T134554Z,NA,NA,NA,manifest snapshot,2026-05-18T13:45:54Z,snapshot
last_hash,dfdd4b717d35d23f04d8d4fb75a3948856669686,20260518T135331Z,NA,NA,NA,manifest snapshot,2026-05-18T13:53:31Z,snapshot
last_hash,42a1b8f6dfacd995cb24711ce5e3ea9ffbae5487,20260518T140652Z,NA,NA,NA,manifest snapshot,2026-05-18T14:06:52Z,snapshot
last_hash,4f6aae66d54c3f0d2a7c87ef203af77c327383af,20260518T141547Z,NA,NA,NA,manifest snapshot,2026-05-18T14:15:47Z,snapshot
last_hash,fe343bc3ba7277720bc09082c3b8513fea865f06,20260518T142208Z,NA,NA,NA,manifest snapshot,2026-05-18T14:22:08Z,snapshot
last_hash,97a796c7cd737820aae298b4b6ea52fb4ff7e4a2,20260518T144753Z,NA,NA,NA,manifest snapshot,2026-05-18T14:47:53Z,snapshot
last_hash,a2b7aeee2649e2fddfd7e23669c91f86e2f81c93,20260518T145507Z,NA,NA,NA,manifest snapshot,2026-05-18T14:55:07Z,snapshot
last_hash,56bd9e38c6cd9b6a52acf3dc550bccb02ee03560,20260518T150155Z,NA,NA,NA,manifest snapshot,2026-05-18T15:01:55Z,snapshot
last_hash,a1a08b94ec840a08e956ccb974b7b33fab0a197e,20260518T151106Z,NA,NA,NA,manifest snapshot,2026-05-18T15:11:06Z,snapshot
last_hash,dca9e815da3402259d7ee81ff6f29a9be83f058f,20260518T151929Z,NA,NA,NA,manifest snapshot,2026-05-18T15:19:29Z,snapshot
last_hash,690c15707f15ff9cc7f71ea0f483a755a564700d,20260518T153320Z,NA,NA,NA,manifest snapshot,2026-05-18T15:33:20Z,snapshot
last_hash,36e62c8d9abb452ddd9d06538ffc1ce612a35cb1,20260518T153942Z,NA,NA,NA,manifest snapshot,2026-05-18T15:39:42Z,snapshot
last_hash,2b752ffc2ede1992ae9d1ce7a0659579bd6da0c4,20260518T154946Z,NA,NA,NA,manifest snapshot,2026-05-18T15:49:46Z,snapshot
last_hash,9467a5bcc08eab5611a00c59de1fb5d072952e1f,20260518T160835Z,NA,NA,NA,manifest snapshot,2026-05-18T16:08:35Z,snapshot
last_hash,085aca19fe357fa726f9dc640150351f578a20b6,20260518T161439Z,NA,NA,NA,manifest snapshot,2026-05-18T16:14:39Z,snapshot
last_hash,ce9051721ead4ea3389e6db753d9e53d2fc98b86,20260518T162005Z,NA,NA,NA,manifest snapshot,2026-05-18T16:20:05Z,snapshot
last_hash,a148be7650fa2de41ca58b444f8128a73e2db16a,20260518T164234Z,NA,NA,NA,manifest snapshot,2026-05-18T16:42:34Z,snapshot
last_hash,6f024bcead4a8b0622af4e0e76b6475763efb6da,20260518T165144Z,NA,NA,NA,manifest snapshot,2026-05-18T16:51:44Z,snapshot
last_hash,c2da90095131be3db9727a5207a57eb464b646a2,20260518T165849Z,NA,NA,NA,manifest snapshot,2026-05-18T16:58:49Z,snapshot
last_hash,29eef880cb4a28c98ec3922ae24c5220ab3ede57,20260518T170921Z,NA,NA,NA,manifest snapshot,2026-05-18T17:09:21Z,snapshot
last_hash,e606a33fc19fd64bf3abc983f419bbd40b337a3d,20260518T171939Z,NA,NA,NA,manifest snapshot,2026-05-18T17:19:39Z,snapshot
last_hash,5fed1f77a6214dac7419ea8bcb3d5e9092865d53,20260518T173638Z,NA,NA,NA,manifest snapshot,2026-05-18T17:36:38Z,snapshot
last_hash,2ad5196223d6299cd8fef93a96a5c666b541bae1,20260518T174815Z,NA,NA,NA,manifest snapshot,2026-05-18T17:48:15Z,snapshot
last_hash,74693adbfdfc72329d39c89ec92512c52fdb3696,20260518T175730Z,NA,NA,NA,manifest snapshot,2026-05-18T17:57:30Z,snapshot
last_hash,bdef5d95142f45c1442725724c83179c066af8f6,20260518T180734Z,NA,NA,NA,manifest snapshot,2026-05-18T18:07:34Z,snapshot
last_hash,52ef1add01958ed31292fc692d7febeb72c0034e,20260518T181749Z,NA,NA,NA,manifest snapshot,2026-05-18T18:17:49Z,snapshot
last_hash,8ce5a0ff435cd8e49db78bd84351a7c9c8f9a550,20260518T182449Z,NA,NA,NA,manifest snapshot,2026-05-18T18:24:49Z,snapshot
last_hash,09abb8c74aac4456d6521150f2f12de23203710a,20260518T184029Z,NA,NA,NA,manifest snapshot,2026-05-18T18:40:29Z,snapshot
last_hash,e53d310d282d08437d1fe7b23565069d3289f00d,20260518T184514Z,NA,NA,NA,manifest snapshot,2026-05-18T18:45:14Z,snapshot
last_hash,f54e80bdf7643722da748e93ce7d694c6702aa62,20260518T184936Z,NA,NA,NA,manifest snapshot,2026-05-18T18:49:36Z,snapshot
last_hash,9483284ab5ef888b08a7b42f57a597198c216b99,20260518T185014Z,NA,NA,NA,manifest snapshot,2026-05-18T18:50:14Z,snapshot
last_hash,05b5ff8c41754f755a807271ec17aac520f8a5c1,20260518T185903Z,NA,NA,NA,manifest snapshot,2026-05-18T18:59:03Z,snapshot
