timestamp,processed,coverage_files,records_seen_logged,new_features,new_cdp,unmet_coverage,no_progress,quality_issues,summary_startup_failures,warnings,headroom,likely_real,duplicate_share_current,duplicate_share_historical,memory_free_gb,records_seen_fallback,records_seen,pass_index,minutes_since_first
2026-06-17T17:45:17Z,544,296,544,962,4,40,0,2,0,2,true,0,0,0,220.6,544,544,1,0
2026-06-17T17:47:07Z,166,308,710,0,0,40,2,2,0,2,true,0,0,0,218.9,710,710,2,1.831683333714803
2026-06-17T17:49:17Z,9,321,719,5,1,40,0,2,0,2,true,0,0.5,0,215,719,719,3,3.9923333326975503
2026-06-17T17:51:29Z,17,337,736,25,6,40,0,2,0,2,true,0,0.25,0,211,736,736,4,6.2007499972979225
2026-06-17T17:53:47Z,4,338,740,7,2,40,0,3,0,3,true,0,1,0,215.2,740,740,5,8.50183333158493
2026-06-17T17:56:31Z,129,343,869,0,0,40,2,3,0,3,true,0,0,0,214.9,869,869,6,11.231849996248881
2026-06-17T17:59:20Z,68,352,937,10,0,40,0,2,0,2,true,0,1,0,209.2,937,937,7,14.044916661580404
2026-06-17T18:02:32Z,79,370,1016,18,4,40,0,2,0,2,true,0,0.5,0,206.5,1016,1016,8,17.241566665967305
2026-06-17T18:06:05Z,75,389,1091,47,7,40,0,0,0,0,true,0,1,0,208.3,1091,1091,9,20.79679999748866
2026-06-17T18:09:32Z,55,409,1146,46,9,40,0,1,0,1,true,0,0,0,206.8,1146,1146,10,24.25346666177114
2026-06-17T18:13:08Z,46,423,1192,14,6,40,0,1,0,1,true,0,0.3333,0,205.7,1192,1192,11,27.83819999694824
2026-06-17T18:16:46Z,47,444,1239,23,8,40,0,0,0,0,true,0,1,0,201.3,1239,1239,12,31.472716665267946
2026-06-17T18:20:23Z,19,455,1258,37,6,40,0,0,0,0,true,0,0,0,203.7,1258,1258,13,35.091449999809264
2026-06-17T18:24:14Z,16,477,1274,7,2,40,0,0,0,0,true,0,0,0,200.1,1274,1274,14,38.94699999491374
2026-06-17T18:27:57Z,15,488,1289,3,2,40,0,1,0,1,true,0,1,0,204.5,1289,1289,15,42.662433330218
2026-06-17T18:32:04Z,20,516,1309,13,3,40,0,1,0,1,true,0,0,0,198.3,1309,1309,16,46.784066661198935
2026-06-17T18:36:08Z,19,533,1328,20,7,40,0,0,0,0,true,0,0,0,213.1,1328,1328,17,50.84451666673024
2026-06-17T18:40:15Z,25,556,1353,16,8,40,0,0,0,0,true,0,0,0,201.4,1353,1353,18,54.96689999898275
2026-06-17T18:44:16Z,22,580,1375,16,6,40,0,0,0,0,true,0,0,0,209.4,1375,1375,19,58.980283331871036
2026-06-17T18:48:33Z,23,599,1398,10,9,40,0,0,0,0,true,0,0,0,201.2,1398,1398,20,63.2622833331426
2026-06-17T18:52:25Z,15,616,1413,7,7,40,0,0,0,0,true,0,0,0,213.1,1413,1413,21,67.1327166636785
2026-06-17T18:56:26Z,22,631,1435,9,8,40,0,0,0,0,true,0,0,0,204.5,1435,1435,22,71.13984999656677
2026-06-17T19:00:17Z,15,653,1450,5,5,40,0,0,0,0,true,0,0,0,211.6,1450,1450,23,74.99464999834696
2026-06-17T19:04:35Z,25,677,1475,11,9,40,0,0,0,0,true,0,0,0,199.3,1475,1475,24,79.30158332983653
2026-06-17T19:08:42Z,20,699,1495,12,8,40,0,0,0,0,true,0,0,0,208.9,1495,1495,25,83.40914999643961
2026-06-17T19:13:08Z,28,732,1523,10,10,40,0,0,0,0,true,0,0,0,197.3,1523,1523,26,87.84541666507721
2026-06-17T19:17:21Z,34,756,1557,11,11,40,0,0,0,0,true,0,0,0,205,1557,1557,27,92.06994999647141
2026-06-17T19:21:39Z,12,779,1569,4,3,40,0,0,0,0,true,0,0,0,210.7,1569,1569,28,96.3611666639646
2026-06-17T19:26:11Z,36,814,1605,10,9,40,0,0,0,0,true,0,0,0,197.5,1605,1605,29,100.90139999787013
2026-06-17T19:30:36Z,24,829,1629,5,5,40,0,0,0,0,true,0,0,0,197,1629,1629,30,105.31983333031336
2026-06-17T19:34:53Z,16,850,1645,5,4,40,0,0,0,0,true,0,0,0,204.6,1645,1645,31,109.58824999729792
2026-06-17T19:39:25Z,19,869,1664,8,6,40,0,1,0,1,true,0,0,0,208.8,1664,1664,32,114.12796666622162
2026-06-17T19:44:12Z,32,904,1696,20,5,40,0,0,0,0,true,0,0,0,192.5,1696,1696,33,118.91973333358764
2026-06-17T19:48:50Z,27,927,1723,4,3,40,0,0,0,0,true,0,1,0,198.8,1723,1723,34,123.54738333225251
2026-06-17T19:53:29Z,13,933,1736,7,7,40,0,0,0,0,true,0,0,0,213.2,1736,1736,35,128.19918332894642
2026-06-17T19:58:27Z,17,963,1753,4,4,40,0,1,0,1,true,0,1,0,202.7,1753,1753,36,133.16363333066303
2026-06-17T20:03:48Z,33,992,1786,8,8,40,0,0,0,0,true,0,0,0,205.3,1786,1786,37,138.5201333284378
2026-06-17T20:09:05Z,18,1006,1804,25,12,40,0,0,0,0,true,0,0,0,211,1804,1804,38,143.7899833281835
2026-06-17T20:15:35Z,51,1067,1855,26,16,40,0,1,0,1,true,0,0,0,205.1,1855,1855,39,150.29486666520435
2026-06-17T20:22:26Z,120,1124,1975,32,20,40,0,0,0,0,true,0,1,0,195.2,1975,1975,40,157.14945000012716
2026-06-17T20:27:44Z,36,1159,2011,13,9,40,0,0,0,0,true,0,0,0,193.8,2011,2011,41,162.448849995931
2026-06-17T20:34:10Z,36,1202,2047,27,14,40,0,0,0,0,true,0,1,0,203.9,2047,2047,42,168.882199994723
2026-06-17T20:40:48Z,45,1244,2092,20,13,40,0,0,0,0,true,0,1,0,196.4,2092,2092,43,175.505133330822
2026-06-17T20:47:08Z,46,1285,2138,30,17,40,0,0,0,0,true,0,0,0,193.4,2138,2138,44,181.84686666329702
2026-06-17T20:52:29Z,33,1320,2171,17,14,40,0,0,0,0,true,0,0,0,202.7,2171,2171,45,187.20156666437785
2026-06-17T20:57:53Z,37,1357,2208,24,13,40,0,0,0,0,true,0,0,0,197.1,2208,2208,46,192.59551666577656
2026-06-17T21:03:26Z,37,1392,2245,16,14,40,0,0,0,0,true,0,0,0,195.6,2245,2245,47,198.14291666348774
2026-06-17T21:09:04Z,32,1431,2277,19,14,40,0,0,0,0,true,0,0,0,204.7,2277,2277,48,203.77989999453226
2026-06-17T21:14:49Z,48,1475,2325,32,17,40,0,0,0,0,true,0,0,0,192.7,2325,2325,49,209.53119999567667
2026-06-17T21:20:25Z,46,1524,2371,17,14,40,0,0,0,0,true,0,0,0,190.1,2371,2371,50,215.12713332970938
2026-06-17T21:26:27Z,90,1582,2461,32,26,37,0,0,0,0,true,0,1,0,197.5,2461,2461,51,221.16029999653497
2026-06-17T21:32:25Z,41,1619,2502,15,13,37,0,0,0,0,true,0,0,0,191.3,2502,2502,52,227.13696666558585
2026-06-17T21:38:23Z,39,1658,2541,20,16,37,0,0,0,0,true,0,1,0,196,2541,2541,53,233.09409999847412
2026-06-17T21:44:15Z,33,1693,2574,14,11,37,0,0,0,0,true,0,0,0,195.2,2574,2574,54,238.9643499970436
2026-06-17T21:50:08Z,40,1732,2614,24,22,36,0,0,0,0,true,0,0,0,194,2614,2614,55,244.84696666399637
2026-06-17T21:56:14Z,38,1773,2652,21,13,36,0,0,0,0,true,0,0,0,195.2,2652,2652,56,250.9473166624705
2026-06-17T22:06:59Z,302,1837,3003,4,2,36,0,0,0,0,true,0,0,0,218.1,2954,3003,57,261.6928833325704
2026-06-17T22:13:34Z,189,1892,3192,7,7,36,0,0,0,0,true,0,0.3333,0,209.6,3143,3192,58,268.2827833334605
2026-06-17T22:21:00Z,106,1949,3298,16,16,36,0,0,0,0,true,0,1,0,208.3,3249,3298,59,275.71578332980476
2026-06-17T22:28:27Z,76,2036,3374,79,35,34,0,0,0,0,true,0,1,0,193.1,3325,3374,60,283.1673833290736
2026-06-17T22:37:39Z,101,2121,3475,37,33,30,0,0,0,0,true,0,0,0,201.7,3426,3475,61,292.3600333293279
2026-06-17T22:45:14Z,289,2165,3764,23,15,29,0,0,0,0,true,0,0,0,204.1,3715,3764,62,299.9508166631063
2026-06-17T22:53:29Z,32,2220,3796,16,15,28,0,0,0,0,true,0,0,0,203.8,3747,3796,63,308.2002333323161
2026-06-17T23:01:57Z,82,2303,3878,28,27,28,0,0,0,0,true,0,0,0,195.2,3829,3878,64,316.6560333331426
2026-06-17T23:10:06Z,68,2374,3946,25,23,28,0,0,0,0,true,0,0,0,195.3,3897,3946,65,324.817599995931
2026-06-17T23:18:18Z,85,2456,4031,37,31,28,0,0,0,0,true,0,0,0,195,3982,4031,66,333.0063166618347
2026-06-17T23:26:11Z,103,2525,4134,25,25,27,0,0,0,0,true,0,0,0,194.2,4085,4134,67,340.8901666641235
2026-06-17T23:32:55Z,60,1798,4194,18,15,27,0,0,0,0,true,0,0,0,195.2,4145,4194,68,347.6216666618983
2026-06-17T23:38:07Z,49,1678,4243,12,12,27,0,0,0,0,true,0,0,0,200.9,4194,4243,69,352.8238333304723
2026-06-17T23:42:15Z,57,1648,4300,6,6,27,0,0,0,0,true,0,0,0,204.6,4251,4300,70,356.961533331871
2026-06-17T23:46:19Z,15,1119,4315,5,5,27,0,0,0,0,true,0,0,0,207.3,4266,4315,71,361.0379333337148
2026-06-17T23:50:46Z,12,1134,4327,3,2,27,0,0,0,0,true,0,0,0,204.6,4278,4327,72,365.4825833320618
2026-06-17T23:55:05Z,12,1147,4339,5,5,27,0,0,0,0,true,0,0,0,210.7,4290,4339,73,369.7980499982834
2026-06-17T23:59:27Z,49,1159,4388,6,6,27,0,0,0,0,true,0,0,0,201.8,4339,4388,74,374.15663332939147
2026-06-18T00:03:40Z,15,1177,4403,4,3,26,0,0,0,0,true,0,0,0,209.2,4354,4403,75,378.377099998792
2026-06-18T00:08:07Z,18,1203,4421,7,7,25,0,0,0,0,true,0,0,0,194.5,4372,4421,76,382.8350166638692
2026-06-18T00:12:33Z,26,1224,4447,3,3,25,0,0,0,0,true,0,0,0,203,4398,4447,77,387.2641666650772
2026-06-18T00:17:03Z,21,1247,4468,3,3,25,0,0,0,0,true,0,0,0,205.2,4419,4468,78,391.7619666655858
2026-06-18T00:21:34Z,23,1269,4491,4,4,25,0,0,0,0,true,0,0,0,207.9,4442,4491,79,396.27961666584014
2026-06-18T00:26:06Z,21,1291,4512,7,7,25,0,0,0,0,true,0,0,0,206.9,4463,4512,80,400.817633330822
2026-06-18T00:30:49Z,21,1313,4533,6,6,25,0,0,0,0,true,0,1,0,206.9,4484,4533,81,405.52416666348773
2026-06-18T00:35:26Z,25,1336,4558,9,9,25,0,0,0,0,true,0,0,0,205.1,4509,4558,82,410.1533499956131
2026-06-18T00:40:23Z,19,1355,4577,10,10,25,0,0,0,0,true,0,0,0,205.2,4528,4577,83,415.09394999742506
2026-06-18T00:49:48Z,421,1405,4998,22,18,25,0,0,0,0,true,0,0,1,220,4949,4998,84,424.5150999983152
2026-06-18T00:55:54Z,185,1454,5183,2,2,25,0,0,0,0,true,0,0.5,1,210.5,5134,5183,85,430.60509999593097
2026-06-18T01:02:36Z,54,1505,5237,14,14,25,0,0,0,0,true,0,1,1,204.5,5188,5237,86,437.3110333283742
2026-06-18T01:09:36Z,210,1563,5447,12,12,25,0,0,0,0,true,0,0,1,203.5,5398,5447,87,444.31174999872843
2026-06-18T01:16:55Z,113,1614,5560,21,15,25,0,0,0,0,true,0,1,1,198.5,5511,5560,88,451.6353166659673
2026-06-18T01:24:04Z,56,1668,5616,22,22,24,0,0,0,0,true,0,1,1,199.3,5567,5616,89,458.78228332996366
2026-06-18T01:31:13Z,69,1734,5685,18,18,24,0,0,0,0,true,0,0,1,201.3,5636,5685,90,465.9223499973615
2026-06-18T01:38:42Z,80,1780,5765,16,14,24,0,0,0,0,true,0,0,1,207.6,5716,5765,91,473.4091833313306
2026-06-18T01:46:02Z,46,1833,5811,27,20,24,0,0,0,0,true,0,0,1,195.9,5762,5811,92,480.7474333286285
2026-06-18T01:53:58Z,64,1911,5875,17,17,21,0,0,0,0,true,0,0.5,1,199.1,5826,5875,93,488.6785999973615
2026-06-18T02:02:02Z,184,1994,6059,36,34,21,0,0,0,0,true,0,1,1,200.6,6010,6059,94,496.7492999951045
2026-06-18T02:10:02Z,62,2056,6121,19,17,21,0,0,0,0,true,0,0,1,203.5,6072,6121,95,504.74451666673025
2026-06-18T02:17:52Z,67,2120,6188,19,19,21,0,0,0,0,true,0,0,1,200.2,6139,6188,96,512.5869833310445
2026-06-18T02:25:41Z,72,2194,6260,29,22,21,0,0,0,0,true,0,0,1,197.9,6211,6260,97,520.3935333331426
2026-06-18T02:34:12Z,62,2257,6322,17,16,21,0,0,0,0,true,0,0,1,197.5,6273,6322,98,528.906966662407
2026-06-18T02:42:31Z,70,2324,6392,18,18,21,0,0,0,0,true,0,0,1,198.3,6343,6392,99,537.2254999955495
2026-06-18T02:49:50Z,75,1719,6467,20,19,20,0,0,0,0,true,0,1,0,200.6,6418,6467,100,544.544766664505
2026-06-18T02:54:54Z,53,1737,6520,15,13,19,0,0,0,0,true,0,0,0,197.1,6471,6520,101,549.6158499956131
2026-06-18T02:59:29Z,32,1372,6552,5,5,19,0,0,0,0,true,0,0,0,197.4,6503,6552,102,554.2036666631699
2026-06-18T03:04:10Z,34,1404,6586,9,7,19,0,0,0,0,true,0,0,0,201.7,6537,6586,103,558.877816661199
2026-06-18T03:08:51Z,31,1431,6617,6,6,19,0,0,0,0,true,0,0,0,199.3,6568,6617,104,563.5641166647275
2026-06-18T03:13:35Z,23,1459,6640,5,5,19,0,0,0,0,true,0,1,0,203.1,6591,6640,105,568.2989333311717
2026-06-18T03:18:30Z,31,1484,6671,6,6,19,0,0,0,0,true,0,0,0,201.4,6622,6671,106,573.2212333281835
2026-06-18T03:23:19Z,26,1514,6697,4,4,19,0,0,0,0,true,0,0,0,202,6648,6697,107,578.0366833289464
2026-06-18T03:28:13Z,27,1541,6724,5,5,19,0,0,0,0,true,0,0,0,198.6,6675,6724,108,582.9286333322525
2026-06-18T03:33:17Z,29,1570,6753,5,5,19,0,0,0,0,true,0,0,0,199.2,6704,6753,109,587.9923666636149
2026-06-18T03:38:11Z,24,1591,6777,7,7,19,0,0,0,0,true,0,0,0,199.7,6728,6777,110,592.9010833303133
2026-06-18T03:43:12Z,20,1614,6797,6,6,19,0,0,0,0,true,0,0,0,202.1,6748,6797,111,597.9185499986013
2026-06-18T03:48:19Z,30,1644,6827,6,6,19,0,0,0,0,true,0,0,0,200.8,6778,6827,112,603.0309499979019
2026-06-18T03:53:32Z,32,1679,6859,6,6,19,0,0,0,0,true,0,0,0,195,6810,6859,113,608.2388666629791
2026-06-18T03:58:42Z,35,1714,6894,10,9,19,0,0,0,0,true,0,0,0,205.3,6845,6894,114,613.4192666649818
2026-06-18T04:04:07Z,36,1751,6930,8,8,19,0,0,0,0,true,0,0,0,197,6881,6930,115,618.8216833313306
2026-06-18T04:09:34Z,37,1791,6967,10,9,19,0,0,0,0,true,0,0,0,202.8,6918,6967,116,624.2780499974887
2026-06-18T04:15:07Z,47,1839,7014,14,14,19,0,0,0,0,true,0,0,0,197.6,6965,7014,117,629.8305833299954
2026-06-18T04:20:38Z,46,1880,7060,9,9,19,0,0,0,0,true,0,0,0,195.1,7011,7060,118,635.347799996535
2026-06-18T04:25:54Z,38,1922,7098,13,9,19,0,0,0,0,true,0,0,0,199.5,7049,7098,119,640.6138333320617
2026-06-18T04:31:35Z,47,1967,7145,13,12,19,0,0,0,0,true,0,0,0,201.6,7096,7145,120,646.2994666655858
2026-06-18T04:37:12Z,43,2009,7188,11,11,19,0,0,0,0,true,0,0,0,194.5,7139,7188,121,651.9076333284378
2026-06-18T04:42:48Z,41,2050,7229,10,9,19,0,0,0,0,true,0,0,0,201.7,7180,7229,122,657.5056333303452
2026-06-18T04:48:34Z,33,2078,7262,8,8,19,0,0,0,0,true,0,0,0,199.5,7213,7262,123,663.2853166659673
2026-06-18T04:54:17Z,27,2105,7289,7,7,19,0,0,0,0,true,0,0,0,197.6,7240,7289,124,669.0024166663487
2026-06-18T05:00:22Z,27,2137,7316,9,8,19,0,0,0,0,true,0,0,0,198.9,7267,7316,125,675.0812333305677
2026-06-18T05:06:17Z,52,2189,7368,15,13,19,0,0,0,0,true,0,0,0,189.6,7319,7368,126,680.996816666921
2026-06-18T05:12:10Z,39,2228,7407,13,11,19,0,0,0,0,true,0,0,0,202,7358,7407,127,686.8796333312988
2026-06-18T05:18:07Z,43,2267,7450,12,11,19,0,0,0,0,true,0,0,0,199.6,7401,7450,128,692.83328332901
2026-06-18T05:24:12Z,40,2313,7490,10,8,19,0,0,0,0,true,0,0,0,199.6,7441,7490,129,698.9149333318074
2026-06-18T05:30:29Z,30,2343,7520,11,9,19,0,0,0,0,true,0,0,0,198.9,7471,7520,130,705.1920499960581
2026-06-18T05:36:48Z,48,2387,7568,13,13,19,0,0,0,0,true,0,0,0,199.8,7519,7568,131,711.5149499972662
2026-06-18T05:43:04Z,43,2432,7611,12,7,19,0,0,0,0,true,0,0,0,197.4,7562,7611,132,717.7815166632334
2026-06-18T05:49:39Z,39,2471,7650,14,10,19,0,0,0,0,true,0,0,0,194.6,7601,7650,133,724.3694166660309
2026-06-18T05:56:18Z,82,2524,7732,7,7,19,0,0,0,0,true,0,0,0,197.3,7683,7732,134,731.0127166668574
2026-06-18T06:02:33Z,45,2567,7777,12,12,19,0,0,0,0,true,0,0,0,196.4,7728,7777,135,737.2701999982198
2026-06-18T06:09:04Z,50,2618,7827,16,16,19,0,0,0,0,true,0,0,0,197.3,7778,7827,136,743.7853166659673
2026-06-18T06:15:34Z,44,2663,7871,15,12,19,0,0,0,0,true,0,0,0,197.9,7822,7871,137,750.2763666629792
2026-06-18T06:22:24Z,52,2715,7923,15,14,19,0,0,0,0,true,0,0,0,195.3,7874,7923,138,757.1148999969165
2026-06-18T06:29:13Z,54,2772,7977,22,20,19,0,0,0,0,true,0,1,0,199.7,7928,7977,139,763.9370333313942
2026-06-18T06:35:46Z,51,2818,8028,15,15,19,0,0,0,0,true,0,0,0,204,7979,8028,140,770.4793499946594
2026-06-18T06:42:21Z,39,2857,8067,11,10,19,0,0,0,0,true,0,1,0,204.9,8018,8067,141,777.0567666649819
2026-06-18T06:49:09Z,47,2906,8114,13,12,19,0,0,0,0,true,0,1,0,199.2,8065,8114,142,783.8581499973933
2026-06-18T06:56:02Z,54,2957,8168,17,14,19,0,0,0,0,true,0,0,0,201.7,8119,8168,143,790.7472666660944
2026-06-18T07:02:43Z,52,3013,8220,16,16,19,0,0,0,0,true,0,0,0,201.2,8171,8220,144,797.4229666630428
2026-06-18T07:09:22Z,46,3057,8266,17,15,19,0,0,0,0,true,0,0,0,202.4,8217,8266,145,804.0784166653951
2026-06-18T07:16:12Z,40,3092,8306,11,11,19,0,0,0,0,true,0,0,0,201.9,8257,8306,146,810.9097999970119
2026-06-18T07:23:04Z,42,3143,8348,18,17,19,0,0,0,0,true,0,0,0,202.3,8299,8348,147,817.7765999952952
2026-06-18T07:30:09Z,52,3192,8400,20,18,19,0,0,0,0,true,0,0,0,202.1,8351,8400,148,824.8572833299637
2026-06-18T07:37:14Z,58,3251,8458,20,19,19,0,0,0,0,true,0,0,0,198.3,8409,8458,149,831.9417499979337
2026-06-18T07:44:16Z,62,3316,8520,22,20,19,0,0,0,0,true,0,0,0,205,8471,8520,150,838.9800666650136
2026-06-18T07:51:09Z,50,3362,8570,17,17,19,0,0,0,0,true,0,0,0,201.7,8521,8570,151,845.867666665713
2026-06-18T07:58:08Z,54,3411,8624,19,19,19,0,0,0,0,true,0,0,0,204,8575,8624,152,852.8518166621526
2026-06-18T08:05:00Z,52,3467,8676,19,19,19,0,0,0,0,true,0,1,0,199.9,8627,8676,153,859.7108666658402
2026-06-18T08:11:56Z,46,3512,8722,16,15,19,0,0,0,0,true,0,0,0,202.9,8673,8722,154,866.6512499968211
2026-06-18T08:19:02Z,51,3567,8773,17,14,19,0,0,0,0,true,0,0,0,200.8,8724,8773,155,873.73971666495
2026-06-18T08:26:08Z,58,3625,8831,19,16,19,0,0,0,0,true,0,0,0,200.5,8782,8831,156,880.8525333325068
2026-06-18T08:33:20Z,52,3675,8883,19,17,19,0,0,0,0,true,0,1,0,201.9,8834,8883,157,888.0488166650136
2026-06-18T08:40:40Z,43,3723,8926,19,18,19,0,0,0,0,true,0,0,0,202.4,8877,8926,158,895.3855833292007
2026-06-18T08:47:56Z,57,3778,8983,14,14,18,0,0,0,0,true,0,0,0,201.7,8934,8983,159,902.648066663742
2026-06-18T08:55:03Z,59,3834,9042,17,17,18,0,0,0,0,true,0,0,0,200.4,8993,9042,160,909.7658999999364
2026-06-18T09:02:22Z,46,3877,9088,15,15,18,0,0,0,0,true,0,0,0,203.5,9039,9088,161,917.0762666622797
2026-06-18T09:09:32Z,48,3930,9136,21,18,18,0,0,0,0,true,0,1,0,201.8,9087,9136,162,924.2401666641235
2026-06-18T09:16:43Z,51,3980,9187,11,11,17,0,0,0,0,true,0,0,0,204.6,9138,9187,163,931.4236166636149
2026-06-18T09:24:02Z,60,4039,9247,22,21,17,0,0,0,0,true,0,0,0,201.5,9198,9247,164,938.7508166631063
2026-06-18T09:31:29Z,54,4091,9301,18,18,17,0,0,0,0,true,0,0,0,203.3,9252,9301,165,946.2042999982834
2026-06-18T09:38:56Z,58,4153,9359,19,18,17,0,0,0,0,true,0,0,0,197.2,9310,9359,166,953.642783331871
2026-06-18T09:46:23Z,59,4210,9418,17,16,17,0,0,0,0,true,0,0,0,201.6,9369,9418,167,961.0987833301226
2026-06-18T09:53:45Z,51,4266,9469,16,15,17,0,0,0,0,true,0,1,0,202.1,9420,9469,168,968.4687333305677
2026-06-18T10:01:50Z,71,4335,9540,32,30,17,0,0,0,0,true,0,0,0,200.1,9491,9540,169,976.5502999981244
2026-06-18T10:09:26Z,59,4391,9599,21,20,17,0,0,0,0,true,0,0,0,197.3,9550,9599,170,984.1384166638056
2026-06-18T10:17:03Z,57,4448,9656,23,21,17,0,0,0,0,true,0,0,0,200.1,9607,9656,171,991.7712333281835
2026-06-18T10:24:30Z,55,4504,9711,24,21,17,0,0,0,0,true,0,0,0,204.8,9662,9711,172,999.219616663456
2026-06-18T10:32:08Z,56,4560,9767,19,19,17,0,0,0,0,true,0,0,0,202,9718,9767,173,1006.8522333304087
2026-06-18T10:39:46Z,52,4612,9819,17,16,17,0,0,0,0,true,0,1,0,200,9770,9819,174,1014.4727833310764
2026-06-18T10:47:17Z,69,4684,9888,25,25,17,0,0,0,0,true,0,0,0,201.7,9839,9888,175,1021.998849995931
2026-06-18T10:54:40Z,60,4739,9948,20,18,17,0,0,0,0,true,0,0,0,202.9,9899,9948,176,1029.3759333292644
2026-06-18T11:02:01Z,47,4786,9995,16,15,17,0,0,0,0,true,0,1,0,200.4,9946,9995,177,1036.7273166656494
2026-06-18T11:09:42Z,62,4850,10057,22,22,17,0,0,0,0,true,0,0,0,200.2,10008,10057,178,1044.4204666614532
2026-06-18T11:17:20Z,57,4907,10114,21,19,17,0,0,0,0,true,0,0,0,198.8,10065,10114,179,1052.0441499948502
2026-06-18T11:24:46Z,56,4962,10170,23,20,17,0,0,0,0,true,0,1,0,201.8,10121,10170,180,1059.4763499975204
2026-06-18T11:32:32Z,59,5023,10229,23,23,17,0,0,0,0,true,0,0,0,201.4,10180,10229,181,1067.2435999949773
2026-06-18T11:40:09Z,57,5082,10286,19,19,17,0,0,0,0,true,0,0,0,199.4,10237,10286,182,1074.8691833337148
2026-06-18T11:47:47Z,62,5141,10348,23,22,17,0,0,0,0,true,0,0,0,201.8,10299,10348,183,1082.5004999955495
2026-06-18T11:55:21Z,60,5200,10408,27,21,17,0,0,0,0,true,0,0,0,201.7,10359,10408,184,1090.0664499998093
2026-06-18T12:08:31Z,235,5294,10704,14,12,17,0,0,0,0,true,0,0,0,215.1,10594,10704,185,1103.2290666659674
2026-06-18T12:15:56Z,269,5355,10973,1,1,17,0,0,0,0,true,0,0.5,0,212.2,10863,10973,186,1110.6442333300909
2026-06-18T12:23:58Z,65,5411,11038,18,18,17,0,0,0,0,true,1,1,0,205.7,10928,11038,187,1118.6869999965031
2026-06-18T12:32:16Z,302,5479,11340,18,18,17,0,0,0,0,true,0,0,0,203.3,11230,11340,188,1126.9735999981563
2026-06-18T12:40:19Z,58,5544,11398,19,19,17,0,0,0,0,true,0,0,0,205.9,11288,11398,189,1135.0373833298684
2026-06-18T12:48:37Z,67,5612,11465,18,18,17,0,0,0,0,true,0,0,0,204,11355,11465,190,1143.3311666647594
2026-06-18T12:56:58Z,72,5681,11537,21,21,17,0,0,0,0,true,0,1,0,204.5,11427,11537,191,1151.6761666615805
2026-06-18T13:04:17Z,70,5750,11607,23,23,20,0,0,0,0,true,0,0,0,204.1,11497,11607,192,1158.9915333310762
2026-06-18T13:08:30Z,47,2863,11654,17,16,21,0,0,0,0,true,0,0,0,204.9,11544,11654,193,1163.218833331267
2026-06-18T13:12:25Z,49,806,11703,7,7,21,0,0,0,0,true,0,0,0,207.6,11593,11703,194,1167.1260499954224
2026-06-18T13:16:14Z,13,815,11716,2,2,20,0,0,0,0,true,0,1,0,208.8,11606,11716,195,1170.938333328565
2026-06-18T13:19:57Z,8,827,11724,5,5,20,0,0,0,0,true,0,0,0,208.2,11614,11724,196,1174.6643666664759
2026-06-18T13:23:55Z,18,848,11742,5,5,20,0,0,0,0,true,0,0,0,203.8,11632,11742,197,1178.63649999698
2026-06-18T13:28:00Z,17,861,11759,4,4,20,0,0,0,0,true,0,0,0,204.6,11649,11759,198,1182.7080166657765
2026-06-18T13:31:27Z,16,875,11775,5,5,20,0,0,0,0,true,0,0,0,213.6,11665,11775,199,1186.1674166639646
2026-06-18T13:35:34Z,22,907,11797,8,8,20,0,0,0,0,true,0,0,0,203.3,11687,11797,200,1190.2715333302815
2026-06-18T13:39:24Z,19,916,11816,4,4,20,0,0,0,0,true,0,0,0,209.8,11706,11816,201,1194.1158666650454
2026-06-18T13:43:28Z,22,945,11838,9,9,20,0,0,0,0,true,0,0,0,200.1,11728,11838,202,1198.1753333330155
2026-06-18T13:47:35Z,21,968,11859,5,5,20,0,0,0,0,true,0,0,0,205.2,11749,11859,203,1202.2887666622798
2026-06-18T13:51:41Z,25,990,11884,7,7,20,0,0,0,0,true,0,0,0,203.6,11774,11884,204,1206.389449997743
2026-06-18T13:55:53Z,27,1019,11911,8,8,20,0,0,0,0,true,0,0,0,204.6,11801,11911,205,1210.6035666624705
2026-06-18T14:00:11Z,27,1047,11938,11,10,20,0,0,0,0,true,0,0,0,201.3,11828,11938,206,1214.8957999984423
2026-06-18T14:04:30Z,28,1075,11966,9,9,20,0,0,0,0,true,0,0,0,201.4,11856,11966,207,1219.2202999989192
2026-06-18T14:08:50Z,23,1094,11989,7,7,20,0,0,0,0,true,0,0,0,205.2,11879,11989,208,1223.5507333278656
2026-06-18T14:13:03Z,17,1106,12006,6,6,20,0,0,0,0,true,0,0,0,204.7,11896,12006,209,1227.7623333295187
2026-06-18T14:17:29Z,17,1128,12023,7,7,20,0,0,0,0,true,0,0,0,204.3,11913,12023,210,1232.1935833295186
2026-06-18T14:22:05Z,26,1159,12049,9,9,20,0,0,0,0,true,0,0,0,201.6,11939,12049,211,1236.8035166660945
2026-06-18T14:26:52Z,68,1192,12117,11,11,20,0,0,0,0,true,0,0,0,201.3,12007,12117,212,1241.5795833309492
2026-06-18T14:31:21Z,33,1227,12150,11,11,20,0,0,0,0,true,0,1,0,200.9,12040,12150,213,1246.0654166618983
2026-06-18T14:36:11Z,76,1269,12226,20,20,20,0,0,0,0,true,0,0.5,0,203.5,12116,12226,214,1250.8884999990464
2026-06-18T14:41:09Z,30,1303,12256,11,10,20,0,0,0,0,true,0,0,0,200,12146,12256,215,1255.8612666646638
2026-06-18T14:46:01Z,37,1335,12293,13,13,20,0,0,0,0,true,0,0,0,202.5,12183,12293,216,1260.733233332634
2026-06-18T14:51:07Z,27,1363,12320,12,11,20,0,0,0,0,true,0,0,0,204.7,12210,12320,217,1265.8333666642507
2026-06-18T14:55:46Z,29,1383,12349,7,7,20,0,0,0,0,true,0,0,0,206.7,12239,12349,218,1270.475749997298
2026-06-18T15:00:38Z,13,1404,12362,2,2,20,0,0,0,0,true,0,0,0,208.6,12252,12362,219,1275.3403500000636
2026-06-18T15:05:10Z,14,1409,12376,6,6,20,0,0,0,0,true,0,0,0,208.4,12266,12376,220,1279.8734666665396
2026-06-18T15:10:06Z,14,1429,12390,3,3,20,0,0,0,0,true,0,0,0,209.1,12280,12390,221,1284.8073166648546
2026-06-18T15:15:18Z,25,1458,12415,6,6,20,0,0,0,0,true,0,0,0,203.1,12305,12415,222,1290.018133330345
2026-06-18T15:20:34Z,31,1491,12446,9,9,20,0,0,0,0,true,0,0,0,202.4,12336,12446,223,1295.2741999983787
2026-06-18T15:25:50Z,41,1529,12487,14,14,20,0,0,0,0,true,0,0,0,199.5,12377,12487,224,1300.546983329455
2026-06-18T15:31:14Z,36,1569,12523,12,12,20,0,0,0,0,true,0,1,0,201.8,12413,12523,225,1305.9534999966622
2026-06-18T15:36:38Z,36,1599,12559,10,10,20,0,0,0,0,true,0,0,0,202.8,12449,12559,226,1311.3434833288193
2026-06-18T15:42:06Z,27,1632,12586,9,9,20,0,0,0,0,true,0,0,0,201.8,12476,12586,227,1316.8170833309491
2026-06-18T15:47:26Z,37,1667,12623,11,11,20,0,0,0,0,true,0,0,0,203.9,12513,12623,228,1322.1543499946595
2026-06-18T15:52:41Z,60,1690,12683,8,7,20,0,0,0,0,true,0,0,0,207.7,12573,12683,229,1327.4037166635196
2026-06-18T15:58:05Z,23,1716,12706,9,9,20,0,0,0,0,true,0,0,0,204.5,12596,12706,230,1332.7971833308538
2026-06-18T16:03:28Z,23,1733,12729,8,8,20,0,0,0,0,true,0,0,0,207.6,12619,12729,231,1338.1833333333334
2026-06-18T16:09:08Z,22,1759,12751,12,12,19,0,0,0,0,true,0,0,0,205.3,12641,12751,232,1343.83813333114
2026-06-18T16:14:37Z,36,1797,12787,12,12,18,0,0,0,0,true,0,0,0,208,12677,12787,233,1349.321816666921
2026-06-18T16:20:14Z,34,1830,12821,11,11,18,0,0,0,0,true,0,0,0,205.8,12711,12821,234,1354.9443499962488
2026-06-18T16:25:46Z,41,1873,12862,14,14,18,0,0,0,0,true,0,1,0,201.6,12752,12862,235,1360.4825666666031
2026-06-18T16:31:29Z,41,1916,12903,14,14,18,0,0,0,0,true,0,0,0,204.8,12793,12903,236,1366.1918999989828
2026-06-18T16:36:52Z,22,1928,12925,7,6,18,0,0,0,0,true,0,0,0,212.8,12815,12925,237,1371.5759166638056
2026-06-18T16:42:42Z,17,1950,12942,10,10,18,0,0,0,0,true,0,0,0,207.9,12832,12942,238,1377.4138499975204
2026-06-18T16:48:28Z,28,1980,12970,10,10,18,0,0,0,0,true,0,0,0,207.1,12860,12970,239,1383.183399995168
2026-06-18T16:54:18Z,26,2006,12996,7,7,18,0,0,0,0,true,0,0,0,208.9,12886,12996,240,1389.0148166656495
2026-06-18T17:00:00Z,38,2046,13034,10,10,18,0,0,0,0,true,0,0,0,209,12924,13034,241,1394.71875
2026-06-18T17:05:49Z,39,2084,13073,13,13,18,0,0,0,0,true,0,0,0,205.4,12963,13073,242,1400.532116663456
2026-06-18T17:11:38Z,38,2123,13111,11,11,18,0,0,0,0,true,0,0,0,205.4,13001,13111,243,1406.343333331744
2026-06-18T17:17:22Z,30,2151,13141,10,10,18,0,0,0,0,true,0,0,0,207.6,13031,13141,244,1412.0875
2026-06-18T17:23:19Z,30,2183,13171,8,8,18,0,0,0,0,true,0,0,0,208.6,13061,13171,245,1418.0311333298682
2026-06-18T17:29:18Z,42,2228,13213,15,15,18,0,0,0,0,true,0,0,0,206.6,13103,13213,246,1424.020899995168
2026-06-18T17:35:13Z,46,2271,13259,14,14,18,0,0,0,0,true,0,0,0,205.4,13149,13259,247,1429.9338333288829
2026-06-18T17:41:18Z,39,2310,13298,13,13,18,0,0,0,0,true,0,0,0,205.4,13188,13298,248,1436.0117999951044
2026-06-18T17:47:18Z,39,2349,13337,13,13,18,0,0,0,0,true,0,0,0,201,13227,13337,249,1442.0151666641236
2026-06-18T17:53:25Z,40,2387,13377,15,15,18,0,0,0,0,true,0,0,0,204.8,13267,13377,250,1448.126016664505
2026-06-18T17:59:31Z,35,2420,13412,13,13,18,0,0,0,0,true,0,0,0,206.9,13302,13412,251,1454.2284833312035
2026-06-18T18:05:35Z,33,2456,13445,12,12,18,0,0,0,0,true,0,0,0,207.2,13335,13445,252,1460.295816663901
2026-06-18T18:11:51Z,33,2486,13478,11,11,18,0,0,0,0,true,0,0,0,207.7,13368,13478,253,1466.5658666650454
2026-06-18T18:18:08Z,35,2524,13513,14,14,18,0,0,0,0,true,0,0,0,204.6,13403,13513,254,1472.8499499956768
2026-06-18T18:24:25Z,41,2565,13554,15,15,18,0,0,0,0,true,0,0,0,205,13444,13554,255,1479.1274333318074
2026-06-18T18:30:49Z,39,2607,13593,14,14,18,0,0,0,0,true,0,0,0,206.3,13483,13593,256,1485.5276666641234
2026-06-18T18:37:14Z,43,2647,13636,16,16,18,0,0,0,0,true,0,0,0,207.2,13526,13636,257,1491.9517166614532
2026-06-18T18:43:18Z,38,2682,13674,11,10,18,0,0,0,0,true,0,0,0,207.2,13564,13674,258,1498.0207999984423
2026-06-18T18:49:30Z,28,2711,13702,5,5,18,0,0,0,0,true,0,0,0,207.8,13592,13702,259,1504.2164166649184
2026-06-18T18:55:55Z,38,2748,13740,8,8,18,0,0,0,0,true,0,0,0,200.1,13630,13740,260,1510.634249997139
2026-06-18T19:02:08Z,37,2785,13777,7,7,15,0,0,0,0,true,0,0,0,199.5,13667,13777,261,1516.8514833291372
2026-06-18T19:08:25Z,40,2827,13817,10,10,15,0,0,0,0,true,0,1,0,200.7,13707,13817,262,1523.1293833335242
2026-06-18T19:14:37Z,38,2865,13855,9,9,12,0,0,0,0,true,0,0,0,200,13745,13855,263,1529.3377666632334
2026-06-18T19:20:50Z,35,2902,13890,10,10,12,0,0,0,0,true,0,0,0,207.2,13780,13890,264,1535.5445166667303
2026-06-18T19:27:03Z,39,2941,13929,8,8,12,0,0,0,0,true,0,0,0,207,13819,13929,265,1541.7634833335876
2026-06-18T19:33:14Z,37,2972,13966,10,10,12,0,0,0,0,true,0,1,0,206.9,13856,13966,266,1547.951949997743
2026-06-18T19:39:21Z,31,3004,13997,7,7,12,0,0,0,0,true,0,0,0,206.7,13887,13997,267,1554.0687333305677
2026-06-18T19:45:27Z,31,3036,14028,7,7,12,0,0,0,0,true,0,0,0,205.7,13918,14028,268,1560.1585500001906
2026-06-18T19:51:27Z,29,3064,14057,7,7,12,0,0,0,0,true,0,1,0,206.8,13947,14057,269,1566.157149998347
2026-06-18T19:57:32Z,33,3100,14090,5,5,12,0,0,0,0,true,0,0,0,206.2,13980,14090,270,1572.2485499978065
2026-06-18T20:03:37Z,36,3132,14126,9,9,12,0,0,0,0,true,0,0,0,204.6,14016,14126,271,1578.3278666655222
2026-06-18T20:09:32Z,32,3165,14158,8,8,12,0,0,0,0,true,0,0,0,205.8,14048,14158,272,1584.2455499966939
2026-06-18T20:15:37Z,30,3194,14188,6,6,12,0,0,0,0,true,0,0,0,206,14078,14188,273,1590.32644999822
2026-06-18T20:21:41Z,25,3221,14213,3,3,12,0,0,0,0,true,0,0,0,206.4,14103,14213,274,1596.4017166614533
2026-06-18T20:27:46Z,35,3258,14248,8,7,12,0,0,0,0,true,0,0,0,206.1,14138,14248,275,1602.4854666630426
2026-06-18T20:33:53Z,36,3293,14284,9,9,12,0,0,0,0,true,0,0,0,206,14174,14284,276,1608.5973333279292
2026-06-18T20:39:53Z,32,3323,14316,8,8,12,0,0,0,0,true,0,0,0,204,14206,14316,277,1614.5889666636785
2026-06-18T20:45:56Z,27,3353,14343,6,6,12,0,0,0,0,true,0,0.5,0,207.4,14233,14343,278,1620.63808333079
2026-06-18T20:51:56Z,39,3391,14382,10,10,12,0,0,0,0,true,0,1,0,204.9,14272,14382,279,1626.6528333306312
2026-06-18T20:58:01Z,33,3424,14415,8,8,12,0,0,0,0,true,0,0,0,205.2,14305,14415,280,1632.7313999970754
2026-06-18T21:03:59Z,33,3457,14448,8,8,12,0,0,0,0,true,0,0,0,204.8,14338,14448,281,1638.699116663138
2026-06-18T21:10:13Z,35,3494,14483,12,12,12,0,0,0,0,true,0,0,0,205.1,14373,14483,282,1644.934249997139
2026-06-18T21:16:22Z,38,3529,14521,10,10,12,0,0,0,0,true,0,0,0,203.8,14411,14521,283,1651.0728166659674
2026-06-18T21:22:27Z,33,3562,14554,9,9,12,0,0,0,0,true,0,0,0,205.1,14444,14554,284,1657.1613333304724
2026-06-18T21:28:30Z,32,3594,14586,9,9,12,0,0,0,0,true,0,0,0,202.5,14476,14586,285,1663.206533328692
2026-06-18T21:34:38Z,33,3627,14619,12,10,12,0,0,0,0,true,0,0,0,203.7,14509,14619,286,1669.3391999959945
2026-06-18T21:40:47Z,33,3661,14652,9,9,12,0,0,0,0,true,0,0,0,204.6,14542,14652,287,1675.4894833326339
2026-06-18T21:47:06Z,33,3695,14685,9,9,12,0,0,0,0,true,0,0,0,205.4,14575,14685,288,1681.8122999986012
2026-06-18T21:53:31Z,35,3728,14720,14,8,12,0,0,0,0,true,0,1,0,204.7,14610,14720,289,1688.2252499977747
2026-06-18T21:59:52Z,27,3753,14747,3,3,12,0,0,0,0,true,0,0,0,209.2,14637,14747,290,1694.586383330822
2026-06-18T22:06:08Z,28,3782,14775,9,8,12,0,0,0,0,true,0,0,0,206.1,14665,14775,291,1700.8532499949138
2026-06-18T22:12:24Z,32,3817,14807,9,9,12,0,0,0,0,true,0,0,0,203.6,14697,14807,292,1707.1188166618347
2026-06-18T22:18:59Z,30,3843,14837,10,10,12,0,0,0,0,true,0,0,0,202.4,14727,14837,293,1713.7045666615168
2026-06-18T22:25:26Z,38,3888,14875,11,11,12,0,0,0,0,true,0,0,0,204.5,14765,14875,294,1720.1422666629155
2026-06-18T22:32:04Z,26,3913,14901,8,8,12,0,0,0,0,true,0,0,0,203.6,14791,14901,295,1726.7853666623434
2026-06-18T22:38:40Z,44,3956,14945,12,12,12,0,0,0,0,true,0,0,0,200.4,14835,14945,296,1733.3784333308538
2026-06-18T22:45:25Z,31,3989,14976,9,9,12,0,0,0,0,true,0,0,0,204.9,14866,14976,297,1740.1369333306948
2026-06-18T22:51:54Z,34,4020,15010,9,9,12,0,0,0,0,true,0,0,0,203.1,14900,15010,298,1746.6081499973932
2026-06-18T22:58:16Z,33,4057,15043,8,8,12,0,0,0,0,true,0,0,0,203.2,14933,15043,299,1752.9759666641553
2026-06-18T23:05:13Z,118,4106,15161,19,19,11,0,0,0,0,true,0,1,0,202.3,15051,15161,300,1759.9217999974887
2026-06-18T23:12:15Z,35,4140,15196,9,9,11,0,0,0,0,true,0,0,0,204.2,15086,15196,301,1766.9708666642507
2026-06-18T23:19:25Z,33,4176,15229,13,13,11,0,0,0,0,true,0,0,0,205.2,15119,15229,302,1774.1364166657129
2026-06-18T23:26:10Z,45,4220,15274,14,14,11,0,0,0,0,true,0,0,0,206.6,15164,15274,303,1780.8775999983152
2026-06-18T23:32:50Z,39,4258,15313,10,10,11,0,0,0,0,true,0,0,0,204.8,15203,15313,304,1787.5488166650136
2026-06-18T23:39:36Z,42,4303,15355,14,14,11,0,0,0,0,true,0,0,0,203.8,15245,15355,305,1794.3072166641552
2026-06-18T23:46:22Z,42,4344,15397,11,11,11,0,0,0,0,true,0,1,0,202.8,15287,15397,306,1801.0799999952317
2026-06-18T23:53:12Z,46,4389,15443,10,10,11,0,0,0,0,true,0,0,0,201.7,15333,15443,307,1807.9121666669846
2026-06-19T00:00:09Z,40,4432,15483,11,11,11,0,0,0,0,true,0,0,0,204.6,15373,15483,308,1814.86149999698
2026-06-19T00:09:59Z,309,4472,15792,7,7,11,0,0,0,0,true,0,0,0,219.4,15682,15792,309,1824.698616663615
2026-06-19T00:17:04Z,127,4511,15919,2,2,11,0,0,0,0,true,0,0,0,213.2,15809,15919,310,1831.7743833303452
2026-06-19T00:24:41Z,117,4567,16036,9,9,11,0,0,0,0,true,0,1,0,208.5,15926,16036,311,1839.3892166614532
2026-06-19T00:32:10Z,125,4627,16161,11,11,11,0,0,0,0,true,0,0,0,204.2,16051,16161,312,1846.8720833301545
2026-06-19T00:40:00Z,57,4681,16218,12,12,11,0,0,0,0,true,0,0,0,206.3,16108,16218,313,1854.7155833323798
2026-06-19T00:47:51Z,120,4735,16338,11,11,11,0,0,0,0,true,0,0,0,207.6,16228,16338,314,1862.562616666158
2026-06-19T00:55:38Z,57,4796,16395,14,14,11,0,0,0,0,true,0,0,0,205.7,16285,16395,315,1870.3414499998094
2026-06-19T01:03:35Z,58,4856,16453,15,15,11,0,0,0,0,true,0,0,0,208.9,16343,16453,316,1878.2884166638057
2026-06-19T01:07:55Z,57,2410,16510,12,12,18,0,0,0,0,true,0,0,0,204.9,16400,16510,317,1882.6231166640916
2026-06-19T01:11:32Z,91,750,16601,5,5,18,0,0,0,0,true,0,0,0,208.1,16491,16601,318,1886.2480333328247
2026-06-19T01:15:14Z,13,761,16614,3,3,18,0,0,0,0,true,0,0,0,212.2,16504,16614,319,1889.9385666648548
2026-06-19T01:18:52Z,10,767,16624,2,2,18,0,0,0,0,true,0,0,0,211,16514,16624,320,1893.5730333328247
2026-06-19T01:22:20Z,8,778,16632,3,3,18,0,0,0,0,true,0,1,0,211.3,16522,16632,321,1897.0393666664759
2026-06-19T01:26:11Z,23,809,16655,7,7,18,0,0,0,0,true,0,0,0,205.7,16545,16655,322,1900.8916333317757
2026-06-19T01:30:12Z,15,815,16670,5,5,18,0,0,0,0,true,0,0,0,211.9,16560,16670,323,1904.9152999957403
2026-06-19T01:33:53Z,12,829,16682,4,4,18,0,0,0,0,true,0,0,0,208.1,16572,16682,324,1908.5916833321253
2026-06-19T01:37:56Z,18,849,16700,7,7,18,0,0,0,0,true,0,0,0,203.5,16590,16700,325,1912.6381666660309
2026-06-19T01:41:53Z,49,864,16749,4,4,17,0,0,0,0,true,0,0,0,208,16639,16749,326,1916.6011666615805
2026-06-19T01:46:08Z,18,886,16767,5,5,17,0,0,0,0,true,0,0,0,208.9,16657,16767,327,1920.8400833288829
2026-06-19T01:50:33Z,25,913,16792,7,7,17,0,0,0,0,true,0,0,0,206.4,16682,16792,328,1925.270616666476
2026-06-19T01:54:40Z,28,935,16820,6,6,17,0,0,0,0,true,0,1,0,210.2,16710,16820,329,1929.384249997139
2026-06-19T01:58:50Z,14,949,16834,4,4,17,0,0,0,0,true,0,0,0,210.2,16724,16834,330,1933.550749997298
2026-06-19T02:03:03Z,15,965,16849,6,6,17,0,0,0,0,true,0,0,0,209.1,16739,16849,331,1937.7694499969482
2026-06-19T02:07:35Z,21,988,16870,5,5,17,0,0,0,0,true,0,0,0,206.6,16760,16870,332,1942.2962333281835
2026-06-19T02:11:50Z,17,1003,16887,4,4,17,0,0,0,0,true,0,0,0,211.5,16777,16887,333,1946.5472499966622
2026-06-19T02:15:56Z,15,1020,16902,6,6,17,0,0,0,0,true,0,0,0,210.8,16792,16902,334,1950.6412666638691
2026-06-19T02:20:15Z,15,1032,16917,6,6,17,0,0,0,0,true,0,0,0,208.2,16807,16917,335,1954.9694666624068
2026-06-19T02:24:37Z,13,1044,16930,5,5,17,0,0,0,0,true,0,0,0,210.4,16820,16930,336,1959.331999997298
2026-06-19T02:29:09Z,9,1053,16939,3,3,17,0,0,0,0,true,0,0,0,209.9,16829,16939,337,1963.8668666640917
2026-06-19T02:33:44Z,11,1066,16950,5,5,17,0,0,0,0,true,0,0,0,211.4,16840,16950,338,1968.4530499974887
2026-06-19T02:38:21Z,22,1090,16972,5,5,17,0,0,0,0,true,0,0,0,209.4,16862,16972,339,1973.0640666643778
2026-06-19T02:43:01Z,20,1113,16992,4,4,17,0,0,0,0,true,0,0,0,207.2,16882,16992,340,1977.737733332316
2026-06-19T02:47:50Z,26,1135,17018,4,4,17,0,0,0,0,true,0,0,0,204.9,16908,17018,341,1982.545583331585
2026-06-19T02:52:35Z,19,1152,17037,5,5,17,0,0,0,0,true,0,0,0,205.2,16927,17037,342,1987.296816666921
2026-06-19T02:57:33Z,27,1183,17064,12,12,17,0,0,0,0,true,0,1,0,203.9,16954,17064,343,1992.255516664187
2026-06-19T03:02:13Z,25,1209,17089,9,9,17,0,0,0,0,true,0,0,0,205.2,16979,17089,344,1996.9318166653316
2026-06-19T03:07:01Z,21,1226,17110,7,7,17,0,0,0,0,true,0,0,0,208.5,17000,17110,345,2001.7370833317439
2026-06-19T03:11:57Z,11,1238,17121,3,3,17,0,0,0,0,true,0,0,0,210.4,17011,17121,346,2006.6562833309174
2026-06-19T03:16:49Z,35,1273,17156,15,15,17,0,0,0,0,true,0,0,0,200.5,17046,17156,347,2011.5291833321253
2026-06-19T03:21:41Z,23,1299,17179,3,3,17,0,0,0,0,true,0,0,0,205.1,17069,17179,348,2016.3897166649501
2026-06-19T03:26:46Z,24,1324,17203,9,9,17,0,0,0,0,true,0,1,0,205,17093,17203,349,2021.4720666646958
2026-06-19T03:31:51Z,26,1348,17229,5,5,17,0,0,0,0,true,0,0,0,205.6,17119,17229,350,2026.5711833318076
2026-06-19T03:36:53Z,26,1375,17255,6,6,17,0,0,0,0,true,0,1,0,208.3,17145,17255,351,2031.5882333278655
2026-06-19T03:42:15Z,37,1416,17292,7,7,17,0,0,0,0,true,0,1,0,202.7,17182,17292,352,2036.9706833283105
2026-06-19T03:47:19Z,37,1451,17329,9,9,17,0,0,0,0,true,0,0,0,203.9,17219,17329,353,2042.0242999951045
2026-06-19T03:52:28Z,26,1477,17355,3,3,17,0,0,0,0,true,0,0,0,208,17245,17355,354,2047.1730499982834
2026-06-19T03:57:31Z,28,1503,17383,7,7,17,0,0,0,0,true,0,0,0,204.4,17273,17383,355,2052.2325999975205
2026-06-19T04:02:52Z,27,1532,17410,7,7,17,0,0,0,0,true,0,0,0,205.5,17300,17410,356,2057.5716833313304
2026-06-19T04:08:07Z,33,1565,17443,9,9,17,0,0,0,0,true,0,1,0,205.8,17333,17443,357,2062.8337833325068
2026-06-19T04:13:31Z,30,1591,17473,7,7,17,0,0,0,0,true,0,0,0,206.4,17363,17473,358,2068.2364833315214
2026-06-19T04:18:55Z,28,1625,17501,7,7,17,0,0,0,0,true,0,0,0,205.3,17391,17501,359,2073.635999997457
2026-06-19T04:24:34Z,39,1664,17540,8,8,17,0,0,0,0,true,0,0,0,199.9,17430,17540,360,2079.280049999555
2026-06-19T04:30:06Z,40,1704,17580,11,11,17,0,0,0,0,true,0,1,0,205.4,17470,17580,361,2084.817866663138
2026-06-19T04:35:33Z,32,1734,17612,6,6,17,0,0,0,0,true,0,0,0,206.9,17502,17612,362,2090.2654666662215
2026-06-19T04:41:17Z,30,1763,17642,6,6,17,0,0,0,0,true,0,0,0,206.5,17532,17642,363,2096.000316663583
2026-06-19T04:46:46Z,36,1805,17678,9,9,17,0,0,0,0,true,0,1,0,205.6,17568,17678,364,2101.475516664982
2026-06-19T04:52:28Z,38,1839,17716,9,9,17,0,0,0,0,true,0,0,0,202.3,17606,17716,365,2107.1787666638693
2026-06-19T04:58:15Z,33,1869,17749,8,8,17,0,0,0,0,true,0,0,0,204.4,17639,17749,366,2112.9596833308537
2026-06-19T05:03:54Z,38,1910,17787,9,9,17,0,0,0,0,true,0,1,0,206.4,17677,17787,367,2118.6188999970755
2026-06-19T05:09:43Z,32,1941,17819,8,8,17,0,0,0,0,true,0,0,0,204,17709,17819,368,2124.431799999873
2026-06-19T05:15:21Z,38,1981,17857,5,5,17,0,0,0,0,true,0,0,0,207.2,17747,17857,369,2130.0561999956767
2026-06-19T05:21:10Z,31,2007,17888,8,8,17,0,0,0,0,true,0,0,0,204.2,17778,17888,370,2135.886683328946
2026-06-19T05:26:54Z,35,2051,17923,3,3,17,0,0,0,0,true,0,0,0,206.7,17813,17923,371,2141.617716662089
2026-06-19T05:32:53Z,43,2090,17966,14,14,17,0,0,0,0,true,0,0,0,205.2,17856,17966,372,2147.5886499961216
2026-06-19T05:39:07Z,41,2134,18007,7,7,17,0,0,0,0,true,0,0,0,203.3,17897,18007,373,2153.8359333316484
2026-06-19T05:45:12Z,47,2179,18054,9,9,17,0,0,0,0,true,0,0,0,202.8,17944,18054,374,2159.9067833304407
2026-06-19T05:51:28Z,40,2221,18094,5,5,17,0,0,0,0,true,0,0,0,205.1,17984,18094,375,2166.1731833299
2026-06-19T05:57:32Z,45,2261,18139,11,11,17,0,0,0,0,true,0,0,0,205,18029,18139,376,2172.245883329709
2026-06-19T06:03:34Z,41,2306,18180,8,8,17,0,0,0,0,true,0,0,0,204.7,18070,18180,377,2178.2743499994276
2026-06-19T06:10:11Z,87,2359,18267,17,17,17,0,0,0,0,true,0,0,0,193.7,18157,18267,378,2184.893599994977
2026-06-19T06:16:14Z,44,2404,18311,11,11,17,0,0,0,0,true,0,1,0,204.9,18201,18311,379,2190.9453666647273
2026-06-19T06:22:42Z,53,2456,18364,15,15,17,0,0,0,0,true,0,0,0,205.4,18254,18364,380,2197.4135999997457
2026-06-19T06:29:17Z,47,2504,18411,8,8,17,0,0,0,0,true,0,0,0,206.2,18301,18411,381,2204.0042999982834
2026-06-19T06:36:01Z,41,2543,18452,11,11,17,0,0,0,0,true,0,0,0,202.7,18342,18452,382,2210.723333330949
2026-06-19T06:42:48Z,46,2590,18498,9,9,17,0,0,0,0,true,0,0,0,205.7,18388,18498,383,2217.5136999964716
2026-06-19T06:49:20Z,40,2630,18538,12,12,17,0,0,0,0,true,0,0,0,202.8,18428,18538,384,2224.0384333292645
2026-06-19T06:55:57Z,51,2680,18589,10,10,17,0,0,0,0,true,0,1,0,204,18479,18589,385,2230.658049996694
2026-06-19T07:02:45Z,48,2731,18637,9,9,17,0,0,0,0,true,0,0,0,205.1,18527,18637,386,2237.4671999971074
2026-06-19T07:09:41Z,34,2762,18671,10,10,17,0,0,0,0,true,0,0,0,198.3,18561,18671,387,2244.3989499966306
2026-06-19T07:16:31Z,41,2805,18712,8,8,17,0,0,0,0,true,0,0,0,203.9,18602,18712,388,2251.2378833293915
2026-06-19T07:23:24Z,51,2860,18763,10,10,17,0,0,0,0,true,0,1,0,203.1,18653,18763,389,2258.1189499974253
2026-06-19T07:29:55Z,50,2905,18813,12,12,17,0,0,0,0,true,0,0,0,205.2,18703,18813,390,2264.63713332812
2026-06-19T07:36:51Z,46,2957,18859,13,13,17,0,0,0,0,true,0,1,0,204.3,18749,18859,391,2271.565083328883
2026-06-19T07:43:37Z,45,2996,18904,12,12,17,0,0,0,0,true,0,0,0,207,18794,18904,392,2278.333583331108
2026-06-19T07:50:41Z,39,3037,18943,13,13,17,0,0,0,0,true,0,0,0,196.1,18833,18943,393,2285.4000333309173
2026-06-19T07:57:11Z,52,3088,18995,12,12,17,0,0,0,0,true,0,1,0,205.3,18885,18995,394,2291.902599998315
2026-06-19T08:03:56Z,35,3118,19030,13,13,17,0,0,0,0,true,0,0,0,201.4,18920,19030,395,2298.651833331585
2026-06-19T08:10:41Z,40,3163,19070,11,11,17,0,0,0,0,true,0,1,0,201.4,18960,19070,396,2305.3913666645685
2026-06-19T08:17:24Z,40,3202,19110,9,9,17,0,0,0,0,true,0,0,0,201.6,19000,19110,397,2312.114416662852
2026-06-19T08:24:07Z,44,3246,19154,11,11,17,0,0,0,0,true,0,0,0,200.3,19044,19154,398,2318.837733332316
2026-06-19T08:31:15Z,44,3293,19198,11,11,17,0,0,0,0,true,0,0,0,203.3,19088,19198,399,2325.9615166664125
2026-06-19T08:38:17Z,53,3348,19251,14,14,17,0,0,0,0,true,0,0,0,203.9,19141,19251,400,2332.99438333114
2026-06-19T08:45:11Z,59,3403,19310,16,16,17,0,0,0,0,true,0,0,0,203.7,19200,19310,401,2339.899849994977
2026-06-19T08:51:48Z,45,3453,19355,12,12,17,0,0,0,0,true,0,0,0,200.5,19245,19355,402,2346.5120999972028
2026-06-19T08:58:48Z,62,3511,19417,19,19,17,0,0,0,0,true,0,0,0,200.2,19307,19417,403,2353.5155999978383
2026-06-19T09:05:46Z,50,3563,19467,14,14,17,0,0,0,0,true,0,0,0,200.7,19357,19467,404,2360.4799666643144
2026-06-19T09:12:49Z,52,3614,19519,15,15,17,0,0,0,0,true,0,0,0,202.8,19409,19519,405,2367.5357833305993
2026-06-19T09:19:46Z,51,3666,19570,14,14,17,0,0,0,0,true,0,0,0,201.3,19460,19570,406,2374.4817499955493
2026-06-19T09:26:55Z,48,3709,19618,14,14,17,0,0,0,0,true,0,0,0,201.3,19508,19618,407,2381.627883330981
2026-06-19T09:33:55Z,51,3763,19669,12,12,17,0,0,0,0,true,0,0,0,196.6,19559,19669,408,2388.633316663901
2026-06-19T09:41:02Z,43,3806,19712,12,12,17,0,0,0,0,true,0,0,0,203.8,19602,19712,409,2395.7420833309493
2026-06-19T09:48:34Z,92,3865,19804,21,21,17,0,0,0,0,true,0,0,0,201.1,19694,19804,410,2403.2746499975524
2026-06-19T09:55:47Z,56,3924,19860,19,19,17,0,0,0,0,true,0,0,0,203.2,19750,19860,411,2410.498766664664
2026-06-19T10:03:01Z,56,3981,19916,15,15,17,0,0,0,0,true,0,0,0,201.3,19806,19916,412,2417.734100000064
2026-06-19T10:10:07Z,53,4033,19969,19,19,17,0,0,0,0,true,0,0,0,203.7,19859,19969,413,2424.8368666648867
2026-06-19T10:17:28Z,56,4091,20025,19,19,17,0,0,0,0,true,0,1,0,202.5,19915,20025,414,2432.1792333285016
2026-06-19T10:24:52Z,55,4145,20080,20,20,17,0,0,0,0,true,0,0,0,201,19970,20080,415,2439.5812833309174
2026-06-19T10:32:10Z,59,4204,20139,20,20,17,0,0,0,0,true,0,1,0,199.7,20029,20139,416,2446.8818833311398
2026-06-19T10:39:25Z,57,4261,20196,21,20,17,0,0,0,0,true,0,0,0,201.9,20086,20196,417,2454.1330333312353
2026-06-19T10:46:59Z,67,4324,20263,18,18,17,0,0,0,0,true,0,0,0,201,20153,20263,418,2461.68894999822
2026-06-19T10:54:19Z,59,4386,20322,19,19,17,0,0,0,0,true,0,0,0,203,20212,20322,419,2469.024933330218
2026-06-19T11:01:45Z,55,4444,20377,19,19,17,0,0,0,0,true,0,0,0,202.5,20267,20377,420,2476.46788333257
2026-06-19T11:09:03Z,58,4500,20435,20,20,17,0,0,0,0,true,0,0,0,202.7,20325,20435,421,2483.758233332634
2026-06-19T11:16:34Z,55,4555,20490,19,19,17,0,0,0,0,true,0,0,0,202.2,20380,20490,422,2491.287583331267
2026-06-19T11:24:13Z,49,4605,20539,19,19,17,0,0,0,0,true,0,0,0,200.9,20429,20539,423,2498.9221666653953
2026-06-19T11:31:49Z,60,4664,20599,22,22,17,0,0,0,0,true,0,0,0,201.5,20489,20599,424,2506.522399997711
2026-06-19T11:39:17Z,60,4724,20659,20,20,17,0,0,0,0,true,0,1,0,203.7,20549,20659,425,2513.9947999954225
2026-06-19T11:46:54Z,63,4787,20722,19,19,17,0,0,0,0,true,0,0,0,202.7,20612,20722,426,2521.621399998665
2026-06-19T11:54:43Z,59,4847,20781,22,22,17,0,0,0,0,true,0,1,0,199.7,20671,20781,427,2529.43251666228
2026-06-19T12:02:31Z,59,4907,20840,20,20,17,0,0,0,0,true,0,0,0,201.6,20730,20840,428,2537.2259666641553
2026-06-19T12:13:14Z,231,4962,21071,16,16,16,0,0,0,0,true,0,1,0,216,20961,21071,429,2547.9430166641873
2026-06-19T12:21:31Z,267,5006,21338,5,5,16,0,0,0,0,true,0,1,0,208.3,21228,21338,430,2556.2355166633924
2026-06-19T12:30:17Z,310,5063,21648,12,12,13,0,0,0,0,true,0,0,0,205.3,21538,21648,431,2564.9917999982836
2026-06-19T12:38:56Z,61,5124,21709,8,8,13,0,1,0,1,true,0,1,0,208,21599,21709,432,2573.6417333285012
2026-06-19T12:47:55Z,76,5206,21785,16,16,13,0,0,0,0,true,0,1,0,203.2,21675,21785,433,2582.625316663583
2026-06-19T13:05:26Z,197,5321,22093,9,8,13,0,0,0,0,true,0,0,0,216.9,21872,22093,434,2600.143216665586
2026-06-19T13:12:09Z,309,2586,22402,30,27,13,0,0,0,0,true,0,0,0,202.5,22181,22402,435,2606.8560166637103
2026-06-19T13:18:11Z,275,756,22677,15,15,13,0,0,0,0,true,0,0,0,204.3,22456,22677,436,2612.891149997711
2026-06-19T13:24:16Z,19,786,22696,10,10,13,0,0,0,0,true,0,0,0,209.4,22475,22696,437,2618.982233333588
2026-06-19T13:30:18Z,73,815,22769,22,22,13,0,0,0,0,true,0,0,0,204.1,22548,22769,438,2625.0152166644734
2026-06-19T13:38:13Z,324,837,23093,2,2,13,0,0,0,0,true,0,0,0,216,22872,23093,439,2632.9354833285015
2026-06-19T15:26:11Z,1165,908,24379,143,136,16,0,0,0,0,true,0,0,0,206.5,24037,24379,440,2740.902766664823
2026-06-19T15:32:04Z,236,944,24615,12,12,16,0,0,0,0,true,0,0,0,204.7,24273,24615,441,2746.7869166612627
2026-06-19T15:37:50Z,25,967,24640,6,6,13,0,0,0,0,true,0,0,0,208.6,24298,24640,442,2752.5405999978384
2026-06-19T15:43:29Z,28,991,24668,8,8,13,0,0,0,0,true,0,0,0,201.3,24326,24668,443,2758.2014499982197
2026-06-19T15:49:06Z,29,1021,24697,3,3,13,0,0,0,0,true,0,0,0,207.9,24355,24697,444,2763.811299999555
2026-06-19T15:54:43Z,27,1051,24724,3,3,13,0,0,0,0,true,0,0,0,205.6,24382,24724,445,2769.4275333325068
2026-06-19T16:00:30Z,29,1077,24753,3,3,13,0,0,0,0,true,0,0,0,204.3,24411,24753,446,2775.2070833285647
2026-06-19T16:06:20Z,23,1101,24776,2,2,13,0,0,0,0,true,0,0,0,204.8,24434,24776,447,2781.0484666665393
2026-06-19T16:12:01Z,32,1133,24808,5,5,16,0,0,0,0,true,0,0,0,204,24466,24808,448,2786.728233329455
2026-06-19T16:16:11Z,35,739,24843,6,6,17,0,0,0,0,true,0,0,0,199.2,24501,24843,449,2790.899966665109
2026-06-19T16:20:06Z,12,623,24855,0,0,17,2,0,0,0,true,0,0,0,204.9,24513,24855,450,2794.8062833309173
2026-06-19T16:23:57Z,16,636,24871,3,3,17,0,0,0,0,true,0,0,0,207.1,24529,24871,451,2798.6579666614534
2026-06-19T16:27:50Z,9,644,24880,1,1,17,0,0,0,0,true,0,0,0,206.6,24538,24880,452,2802.539766661326
2026-06-19T16:31:57Z,15,657,24895,2,2,14,0,0,0,0,true,0,0,0,204.4,24553,24895,453,2806.661783329646
2026-06-19T16:35:57Z,7,666,24902,1,1,14,0,0,0,0,true,0,0,0,208.3,24560,24902,454,2810.6693166653317
2026-06-19T16:40:02Z,11,678,24913,1,1,14,0,0,0,0,true,0,0,0,206.1,24571,24913,455,2814.7394333283105
2026-06-19T16:44:01Z,13,691,24926,2,2,14,0,0,0,0,true,0,0,0,208.8,24584,24926,456,2818.7320499976477
2026-06-19T16:48:09Z,13,704,24939,2,2,14,0,0,0,0,true,0,0,0,207.1,24597,24939,457,2822.8679333289465
2026-06-19T16:52:18Z,14,719,24953,1,1,14,0,0,0,0,true,0,0,0,206.7,24611,24953,458,2827.0204166650774
2026-06-19T16:56:34Z,15,739,24968,2,2,14,0,0,0,0,true,0,0,0,205.9,24626,24968,459,2831.281133329868
2026-06-19T17:00:50Z,24,757,24992,2,2,14,0,0,0,0,true,0,0,0,203.9,24650,24992,460,2835.5459499994913
2026-06-19T17:05:08Z,14,774,25006,2,2,14,0,0,0,0,true,0,0,0,207,24664,25006,461,2839.8479833285014
2026-06-19T17:09:33Z,22,793,25028,3,3,14,0,0,0,0,true,0,0,0,203.7,24686,25028,462,2844.2594999949138
2026-06-19T17:13:48Z,12,808,25040,2,2,14,0,0,0,0,true,0,0,0,205.4,24698,25040,463,2848.51634999911
2026-06-19T17:18:13Z,18,829,25058,4,4,14,0,0,0,0,true,0,0,0,206.8,24716,25058,464,2852.934199996789
2026-06-19T17:22:46Z,20,846,25078,2,2,14,0,0,0,0,true,0,0,0,205.4,24736,25078,465,2857.483433330059
2026-06-19T17:27:12Z,19,861,25097,3,3,14,0,0,0,0,true,0,0,0,203.1,24755,25097,466,2861.9163333336514
2026-06-19T17:31:52Z,14,880,25111,2,2,14,0,0,0,0,true,0,0,0,206,24769,25111,467,2866.5755499998727
2026-06-19T17:36:25Z,25,901,25136,4,4,14,0,0,0,0,true,0,0,0,203.2,24794,25136,468,2871.1331833283107
2026-06-19T17:41:01Z,18,918,25154,2,2,14,0,0,0,0,true,0,0,0,202.9,24812,25154,469,2875.724966665109
2026-06-19T17:45:33Z,15,938,25169,1,1,14,0,0,0,0,true,0,0,0,205.9,24827,25169,470,2880.261849999428
2026-06-19T17:50:16Z,15,954,25184,2,2,14,0,0,0,0,true,0,0,0,207.6,24842,25184,471,2884.9823499997456
2026-06-19T17:55:08Z,24,972,25208,5,5,14,0,0,0,0,true,0,0,0,206,24866,25208,472,2889.851016664505
2026-06-19T17:59:56Z,18,991,25226,2,2,14,0,0,0,0,true,0,0,0,204.4,24884,25226,473,2894.653699998061
2026-06-19T18:04:46Z,19,1009,25245,3,3,14,0,0,0,0,true,0,0,0,205,24903,25245,474,2899.4759333292645
2026-06-19T18:09:37Z,15,1025,25260,2,2,14,0,0,0,0,true,0,0,0,203.4,24918,25260,475,2904.3271166642508
2026-06-19T18:14:42Z,21,1048,25281,3,3,14,0,0,0,0,true,0,0,0,202.8,24939,25281,476,2909.419699994723
2026-06-19T18:19:50Z,23,1067,25304,3,3,14,0,0,0,0,true,0,0,0,201.7,24962,25304,477,2914.5457999984424
2026-06-19T18:24:54Z,18,1089,25322,1,1,14,0,0,0,0,true,0,0,0,201.9,24980,25322,478,2919.611099998156
2026-06-19T18:30:20Z,56,1118,25378,2,2,14,0,0,0,0,true,0,0,0,205.2,25036,25378,479,2925.054449995359
2026-06-19T18:36:10Z,60,1147,25438,4,4,14,0,0,0,0,true,0,0,0,205.7,25096,25438,480,2930.8787499984105
2026-06-19T18:41:42Z,40,1185,25478,10,10,14,0,0,0,0,true,0,0,0,201.2,25136,25478,481,2936.4077166636785
2026-06-19T18:47:30Z,31,1215,25509,9,9,14,0,0,0,0,true,0,0,0,200.5,25167,25509,482,2942.208233332634
2026-06-19T18:53:10Z,32,1249,25541,9,9,14,0,0,0,0,true,0,0,0,201.6,25199,25541,483,2947.873383331299
2026-06-19T18:59:03Z,31,1280,25572,11,11,14,0,0,0,0,true,0,0,0,205.3,25230,25572,484,2953.7582666635512
2026-06-19T19:05:05Z,70,1311,25642,10,10,14,0,0,0,0,true,0,0,0,202.7,25300,25642,485,2959.8010333299635
2026-06-19T19:11:01Z,34,1352,25676,10,10,14,0,0,0,0,true,0,0,0,201.5,25334,25676,486,2965.7266499996185
2026-06-19T19:17:19Z,30,1387,25706,9,9,14,0,0,0,0,true,0,0,0,204.9,25364,25706,487,2972.023649994532
2026-06-19T19:23:42Z,108,1422,25814,10,10,14,0,0,0,0,true,0,1,0,205.2,25472,25814,488,2978.4192833304405
2026-06-19T19:30:24Z,67,1460,25881,11,11,14,0,0,0,0,true,0,1,0,204.2,25539,25881,489,2985.1070999979975
2026-06-19T19:36:51Z,42,1504,25923,8,8,14,0,0,0,0,true,0,0,0,201.8,25581,25923,490,2991.567716662089
2026-06-19T19:43:22Z,44,1548,25967,9,9,14,0,0,0,0,true,0,0,0,202.4,25625,25967,491,2998.074349999428
2026-06-19T19:50:09Z,45,1593,26012,11,11,14,0,0,0,0,true,0,0,0,204.8,25670,26012,492,3004.8601166645685
2026-06-19T19:57:04Z,43,1635,26055,15,15,14,0,0,0,0,true,0,0,0,197,25713,26055,493,3011.7792666633923
2026-06-19T20:03:49Z,44,1678,26099,11,11,14,0,0,0,0,true,0,0,0,200.1,25757,26099,494,3018.5348166624703
2026-06-19T20:10:44Z,45,1727,26144,13,12,14,0,0,0,0,true,0,0,0,202.9,25802,26144,495,3025.4517166614532
2026-06-19T20:17:35Z,48,1773,26192,12,12,14,0,0,0,0,true,0,0,0,203.5,25850,26192,496,3032.3010666648547
2026-06-19T20:24:25Z,49,1818,26241,12,12,14,0,0,0,0,true,0,0,0,202.2,25899,26241,497,3039.1329666614533
2026-06-19T20:31:22Z,45,1867,26286,13,13,14,0,0,0,0,true,0,0,0,200,25944,26286,498,3046.072733330727
2026-06-19T20:38:46Z,50,1920,26336,13,13,14,0,0,0,0,true,0,0,0,201.4,25994,26336,499,3053.476799996694
2026-06-19T20:45:53Z,52,1968,26388,14,14,14,0,0,0,0,true,0,0,0,201.3,26046,26388,500,3060.6021833300592
2026-06-19T20:53:07Z,50,2017,26438,14,13,14,0,0,0,0,true,0,0,0,201.8,26096,26438,501,3067.8216666618982
2026-06-19T21:00:29Z,42,2060,26480,14,14,14,0,0,0,0,true,0,0,0,199.3,26138,26480,502,3075.1912166635198
2026-06-19T21:07:59Z,55,2116,26535,19,19,14,0,0,0,0,true,0,0,0,204.3,26193,26535,503,3082.6954499959947
2026-06-19T21:15:31Z,52,2171,26587,18,18,14,0,0,0,0,true,0,0,0,200.7,26245,26587,504,3090.2229499975842
2026-06-19T21:23:08Z,50,2224,26637,18,18,14,0,0,0,0,true,0,1,0,202.1,26295,26637,505,3097.8481666644416
2026-06-19T21:30:46Z,57,2280,26694,20,20,14,0,0,0,0,true,0,0,0,200.7,26352,26694,506,3105.4759166638055
2026-06-19T21:38:27Z,61,2336,26755,23,23,14,0,0,0,0,true,0,0,0,201.5,26413,26755,507,3113.156966662407
2026-06-19T21:46:07Z,58,2395,26813,24,24,14,0,0,0,0,true,0,1,0,203.2,26471,26813,508,3120.8263833284377
2026-06-19T21:54:06Z,53,2451,26866,20,20,14,0,0,0,0,true,0,0,0,199.7,26524,26866,509,3128.8134166638056
2026-06-19T22:01:50Z,59,2511,26925,22,22,14,0,0,0,0,true,0,1,0,200.7,26583,26925,510,3136.5410499970117
2026-06-19T22:09:39Z,58,2570,26983,25,25,14,0,0,0,0,true,0,0,0,200.7,26641,26983,511,3144.3585666656495
2026-06-19T22:17:15Z,55,2626,27038,21,21,14,0,0,0,0,true,0,1,0,201.4,26696,27038,512,3151.966199998061
2026-06-19T22:24:53Z,55,2680,27093,19,19,14,0,0,0,0,true,0,0,0,203.3,26751,27093,513,3159.594749999046
2026-06-19T22:32:34Z,55,2731,27148,22,22,14,0,0,0,0,true,0,0,0,201,26806,27148,514,3167.273716664314
2026-06-19T22:40:24Z,52,2780,27200,22,22,14,0,0,0,0,true,0,0,0,201.8,26858,27200,515,3175.1138833284376
2026-06-19T22:48:20Z,50,2830,27250,22,22,14,0,0,0,0,true,0,0,0,200.7,26908,27250,516,3183.0508333285647
2026-06-19T22:56:01Z,46,2879,27296,20,20,14,0,0,0,0,true,0,0,0,200.6,26954,27296,517,3190.7240999976793
2026-06-19T23:03:51Z,52,2932,27348,21,21,14,0,0,0,0,true,0,0,0,200.5,27006,27348,518,3198.5629666646323
2026-06-19T23:11:34Z,51,2982,27399,19,19,14,0,0,0,0,true,0,0,0,201.4,27057,27399,519,3206.2850333293277
2026-06-19T23:19:18Z,52,3033,27451,22,22,14,0,0,0,0,true,0,0,0,199.7,27109,27451,520,3214.010833330949
2026-06-19T23:27:07Z,51,3085,27502,18,18,14,0,0,0,0,true,0,1,0,199.2,27160,27502,521,3221.8301166613896
2026-06-19T23:35:06Z,57,3143,27559,24,24,14,0,0,0,0,true,0,0,0,200,27217,27559,522,3229.8196666638055
2026-06-19T23:42:52Z,61,3197,27620,24,24,14,0,0,0,0,true,0,0,0,202.8,27278,27620,523,3237.585416666667
2026-06-19T23:50:40Z,52,3249,27672,19,19,14,0,0,0,0,true,0,0,0,202.4,27330,27672,524,3245.3732833305994
2026-06-19T23:58:35Z,56,3311,27728,21,21,14,0,1,0,1,true,0,1,0,199.9,27386,27728,525,3253.3042333285016
2026-06-20T00:06:35Z,52,3367,27780,20,20,14,0,0,0,0,true,0,0,0,203.6,27438,27780,526,3261.2924999952315
2026-06-20T00:14:22Z,55,3417,27835,22,22,14,0,0,0,0,true,0,0,0,200.7,27493,27835,527,3269.077149995168
2026-06-20T00:22:28Z,52,3468,27887,22,22,14,0,0,0,0,true,0,0,0,199.8,27545,27887,528,3277.1838833332063
2026-06-20T00:30:37Z,57,3532,27944,23,23,14,0,0,0,0,true,0,0,0,199.6,27602,27944,529,3285.3251333316166
2026-06-20T00:38:35Z,59,3584,28003,24,24,14,0,0,0,0,true,0,1,0,200.4,27661,28003,530,3293.2881499965983
2026-06-20T00:46:40Z,53,3641,28056,20,20,14,0,0,0,0,true,0,0,0,202.1,27714,28056,531,3301.3763499975203
2026-06-20T00:54:44Z,53,3692,28109,18,18,14,0,0,0,0,true,0,0,0,198.3,27767,28109,532,3309.4505333304405
2026-06-20T01:02:31Z,56,3749,28165,24,24,14,0,0,0,0,true,0,0,0,201.8,27823,28165,533,3317.2342166662215
2026-06-20T01:10:37Z,49,3800,28214,20,20,14,0,0,0,0,true,0,0,0,201.3,27872,28214,534,3325.322049999237
2026-06-20T01:18:40Z,54,3859,28268,21,21,14,0,0,0,0,true,0,0,0,197.9,27926,28268,535,3333.3842999974886
2026-06-20T01:27:00Z,57,3910,28325,23,23,14,0,0,0,0,true,0,0,0,201.4,27983,28325,536,3341.719599997997
2026-06-20T01:35:02Z,57,3968,28382,25,25,14,0,0,0,0,true,0,0,0,199.5,28040,28382,537,3349.746166666349
2026-06-20T01:46:26Z,229,4009,28611,17,17,13,0,0,0,0,true,0,0,0,215,28269,28611,538,3361.1417666633924
2026-06-20T01:54:37Z,285,4047,28896,4,4,13,0,0,0,0,true,0,0,0,212,28554,28896,539,3369.3327833334606
2026-06-20T02:02:50Z,76,4094,28972,8,8,13,0,0,0,0,true,0,0,0,205.4,28630,28972,540,3377.5432833313944
2026-06-20T02:11:06Z,45,4152,29017,14,14,13,0,0,0,0,true,0,0,0,206.7,28675,29017,541,3385.814133330186
2026-06-20T02:19:30Z,65,4216,29082,14,14,13,0,0,0,0,true,0,0,0,202.8,28740,29082,542,3394.2116999983787
2026-06-20T02:27:59Z,71,4284,29153,18,18,13,0,0,0,0,true,0,0,0,203.7,28811,29153,543,3402.702850000064
2026-06-20T02:36:33Z,51,4346,29204,18,18,13,0,0,0,0,true,0,0,0,204.2,28862,29204,544,3411.2588999986647
2026-06-20T02:42:02Z,65,3893,29269,21,21,17,0,0,0,0,true,0,0,0,204.6,28927,29269,545,3416.741866664092
2026-06-20T02:46:02Z,100,696,29369,7,7,17,0,0,0,0,true,0,0,0,204.6,29027,29369,546,3420.7393166621528
2026-06-20T02:49:55Z,14,707,29383,6,6,17,0,0,0,0,true,0,1,0,208.6,29041,29383,547,3424.623799999555
2026-06-20T02:54:42Z,22,744,29405,5,5,17,0,0,0,0,true,0,0,0,196.2,29063,29405,548,3429.420816663901
2026-06-20T02:58:37Z,35,771,29440,13,13,17,0,0,0,0,true,0,1,0,203.8,29098,29440,549,3433.336249995232
2026-06-20T03:03:19Z,31,801,29471,10,10,17,0,0,0,0,true,0,0,0,198.3,29129,29471,550,3438.0250166654587
2026-06-20T03:07:42Z,52,819,29523,4,4,17,0,0,0,0,true,0,0,0,202.7,29181,29523,551,3442.4140833298366
2026-06-20T03:12:17Z,18,836,29541,6,4,17,0,0,0,0,true,0,0,0,204.5,29199,29541,552,3446.9922166665397
2026-06-20T03:16:48Z,48,850,29589,5,5,17,0,0,0,0,true,0,0,0,204,29247,29589,553,3451.5094666639966
2026-06-20T03:21:35Z,16,866,29605,6,6,17,0,0,0,0,true,0,0,0,203.6,29263,29605,554,3456.302066663901
2026-06-20T03:26:06Z,60,896,29665,9,9,17,0,0,0,0,true,0,0,0,203.5,29323,29665,555,3460.820066666603
2026-06-20T03:31:25Z,59,926,29724,10,10,17,0,0,0,0,true,0,0,0,203.1,29382,29724,556,3466.1346999963125
2026-06-20T03:36:31Z,36,956,29760,15,15,17,0,0,0,0,true,0,0,0,195.1,29418,29760,557,3471.2345999956133
2026-06-20T03:41:39Z,27,986,29787,10,10,17,0,0,0,0,true,0,0,0,202.6,29445,29787,558,3476.3703999996187
2026-06-20T03:47:01Z,28,1012,29815,9,9,17,0,0,0,0,true,0,0,0,199.9,29473,29815,559,3481.736516666412
2026-06-20T03:52:22Z,21,1033,29836,9,9,17,0,0,0,0,true,0,0,0,205.6,29494,29836,560,3487.076416663329
2026-06-20T03:57:51Z,21,1061,29857,7,7,17,0,0,0,0,true,0,0,0,200.3,29515,29857,561,3492.5591666618984
2026-06-20T04:03:13Z,30,1083,29887,10,10,17,0,0,0,0,true,0,0,0,203.5,29545,29887,562,3497.9274333318076
2026-06-20T04:08:42Z,20,1108,29907,6,6,17,0,0,0,0,true,0,0.5,0,203.9,29565,29907,563,3503.4055833299954
2026-06-20T04:14:19Z,29,1134,29936,9,9,17,0,0,0,0,true,0,0,0,200,29594,29936,564,3509.0299999952317
2026-06-20T04:19:55Z,27,1165,29963,13,13,17,0,0,0,0,true,0,1,0,201.1,29621,29963,565,3514.635983331998
2026-06-20T04:25:26Z,35,1204,29998,13,12,17,0,0,0,0,true,0,0,0,200.6,29656,29998,566,3520.1449499964715
2026-06-20T04:31:30Z,78,1247,30076,20,20,17,0,0,0,0,true,0,0,0,201.4,29734,30076,567,3526.212983330091
2026-06-20T04:37:34Z,37,1283,30113,16,16,17,0,0,0,0,true,0,0,0,202.5,29771,30113,568,3532.2733333309493
2026-06-20T04:43:44Z,34,1316,30147,11,11,17,0,0,0,0,true,0,0,0,200.8,29805,30147,569,3538.4430499951045
2026-06-20T04:49:22Z,39,1361,30186,14,14,17,0,0,0,0,true,0,0,0,199.6,29844,30186,570,3544.0841666618985
2026-06-20T04:55:34Z,46,1402,30232,18,18,17,0,0,0,0,true,0,1,0,201.7,29890,30232,571,3550.273299996058
2026-06-20T05:01:42Z,35,1431,30267,16,16,17,0,0,0,0,true,0,1,0,203.4,29925,30267,572,3556.420733332634
2026-06-20T05:08:08Z,31,1470,30298,15,15,17,0,0,0,0,true,0,1,0,198.8,29956,30298,573,3562.8467166662217
2026-06-20T05:14:34Z,46,1517,30344,15,15,17,0,0,0,0,true,0,1,0,198.3,30002,30344,574,3569.2725499947865
2026-06-20T05:20:58Z,43,1555,30387,19,19,17,0,0,0,0,true,0,0,0,197.6,30045,30387,575,3575.68713332812
2026-06-20T05:27:28Z,46,1608,30433,14,14,17,0,0,0,0,true,0,0,0,197.3,30091,30433,576,3582.1833666642506
2026-06-20T05:34:12Z,40,1644,30473,19,19,17,0,0,0,0,true,0,0,0,195.1,30131,30473,577,3588.9073999961215
2026-06-20T05:40:47Z,50,1694,30523,18,18,17,0,0,0,0,true,0,0,0,199.4,30181,30523,578,3595.4953999996187
2026-06-20T05:47:08Z,39,1735,30562,16,16,17,0,0,0,0,true,0,1,0,195.6,30220,30562,579,3601.8468333323794
2026-06-20T05:53:56Z,39,1774,30601,15,15,17,0,0,0,0,true,0,0,0,200.7,30259,30601,580,3608.643916662534
2026-06-20T06:00:57Z,47,1818,30648,17,17,17,0,0,0,0,true,0,0,0,199.6,30306,30648,581,3615.6665666659674
2026-06-20T06:07:56Z,47,1871,30695,15,15,17,0,0,0,0,true,0,0,0,198.8,30353,30695,582,3622.6445166667304
2026-06-20T06:15:03Z,49,1912,30744,21,21,17,0,0,0,0,true,0,0,0,198.8,30402,30744,583,3629.7604999979335
2026-06-20T06:21:59Z,40,1955,30784,11,11,17,0,0,0,0,true,0,0,0,202.4,30442,30784,584,3636.6926999966304
2026-06-20T06:29:02Z,46,2000,30830,10,10,17,0,0,0,0,true,0,0,0,194.5,30488,30830,585,3643.7414166649182
2026-06-20T06:36:08Z,42,2044,30872,10,10,17,0,0,0,0,true,0,0,0,199.2,30530,30872,586,3650.845733332634
2026-06-20T06:43:19Z,49,2092,30921,13,13,17,0,0,0,0,true,0,0,0,204.8,30579,30921,587,3658.0345499992372
2026-06-20T06:50:37Z,47,2141,30968,10,10,17,0,0,0,0,true,0,1,0,199.5,30626,30968,588,3665.3287666638694
2026-06-20T06:57:50Z,52,2193,31020,11,11,17,0,0,0,0,true,0,1,0,200,30678,31020,589,3672.538866662979
2026-06-20T07:05:15Z,42,2237,31062,11,11,17,0,0,0,0,true,0,0,0,201.4,30720,31062,590,3679.9620999972026
2026-06-20T07:12:36Z,53,2286,31115,10,10,17,0,0,0,0,true,0,0,0,202.1,30773,31115,591,3687.310316665967
2026-06-20T07:20:01Z,39,2330,31154,9,9,17,0,0,0,0,true,0,0,0,199.8,30812,31154,592,3694.7330999970436
2026-06-20T07:27:28Z,55,2386,31209,11,11,17,0,0,0,0,true,0,0,0,198.1,30867,31209,593,3702.1826666633287
2026-06-20T07:34:47Z,48,2430,31257,11,11,17,0,0,0,0,true,0,0,0,201.8,30915,31257,594,3709.5016499996186
2026-06-20T07:42:24Z,46,2478,31303,12,12,17,0,0,0,0,true,0,0,0,204.1,30961,31303,595,3717.117049996058
2026-06-20T07:50:14Z,57,2530,31360,10,10,17,0,0,0,0,true,0,0,0,202.7,31018,31360,596,3724.9537166635196
2026-06-20T07:58:05Z,55,2591,31415,13,13,17,0,0,0,0,true,0,0,0,199.4,31073,31415,597,3732.7910999973615
2026-06-20T08:05:49Z,53,2641,31468,12,12,17,0,0,0,0,true,0,0,0,198.4,31126,31468,598,3740.5372833331426
2026-06-20T08:13:36Z,51,2695,31519,16,16,17,0,0,0,0,true,0,0,0,199.3,31177,31519,599,3748.3061166644097
2026-06-20T08:21:22Z,54,2748,31573,12,12,17,0,0,0,0,true,0,0,0,200.2,31231,31573,600,3756.076366662979
2026-06-20T08:29:18Z,54,2804,31627,13,13,17,0,0,0,0,true,0,0,0,201.5,31285,31627,601,3764.00933333238
2026-06-20T08:37:08Z,55,2861,31682,10,10,17,0,0,0,0,true,0,0,0,198.8,31340,31682,602,3771.8478499968846
2026-06-20T08:45:11Z,53,2910,31735,15,15,17,0,0,0,0,true,0,0,0,200.5,31393,31735,603,3779.902066663901
2026-06-20T08:53:06Z,56,2963,31791,11,11,17,0,0,0,0,true,0,0,0,202.1,31449,31791,604,3787.810033329328
2026-06-20T09:01:02Z,53,3022,31844,13,13,17,0,0,0,0,true,0,0,0,200.9,31502,31844,605,3795.740566666921
2026-06-20T09:08:45Z,55,3070,31899,12,12,17,0,0,0,0,true,0,0,0,200.3,31557,31899,606,3803.4658666650453
2026-06-20T09:16:33Z,48,3114,31947,13,13,17,0,0,0,0,true,0,0,0,200.5,31605,31947,607,3811.261849999428
2026-06-20T09:24:33Z,48,3170,31995,16,16,17,0,0,0,0,true,0,0,0,198.8,31653,31995,608,3819.2560666640597
2026-06-20T09:32:35Z,54,3216,32049,17,17,17,0,0,0,0,true,0,0,0,200.8,31707,32049,609,3827.3018499970435
2026-06-20T09:40:56Z,42,3268,32091,15,15,17,0,0,0,0,true,0,0,0,198.9,31749,32091,610,3835.638333328565
2026-06-20T09:49:24Z,54,3321,32145,20,20,17,0,0,0,0,true,0,0,0,199.1,31803,32145,611,3844.1078833301863
2026-06-20T09:57:40Z,54,3368,32199,19,19,17,0,0,0,0,true,0,0,0,197.9,31857,32199,612,3852.3765333334604
2026-06-20T10:06:11Z,47,3414,32246,18,18,17,0,0,0,0,true,0,0,0,201,31904,32246,613,3860.8971999963123
2026-06-20T10:14:29Z,45,3470,32291,21,21,17,0,0,0,0,true,0,1,0,201.6,31949,32291,614,3869.188883328438
2026-06-20T10:24:32Z,223,3507,32514,18,18,16,0,0,0,0,true,0,0,0.8571,217.2,32172,32514,615,3879.246699996789
2026-06-20T10:33:26Z,327,3549,32841,5,5,16,0,0,0,0,true,0,0,0.8571,212.9,32499,32841,616,3888.153183333079
2026-06-20T10:42:20Z,113,3614,32954,13,13,16,0,0,0,0,true,0,0,0.8571,208.1,32612,32954,617,3897.0420333305997
2026-06-20T10:51:52Z,138,3689,33092,26,26,16,0,0,0,0,true,0,0,0.8571,202.5,32750,33092,618,3906.572533329328
2026-06-20T11:01:07Z,108,3758,33200,25,25,16,0,0,0,0,true,0,0,0.8571,205.1,32858,33200,619,3915.825016665459
2026-06-20T11:10:28Z,65,3820,33265,24,24,16,0,0,0,0,true,0,0,0.8571,202.2,32923,33265,620,3925.1735499978067
2026-06-20T11:19:43Z,64,3891,33329,25,25,16,0,0,0,0,true,0,0,0.8571,200,32987,33329,621,3934.4351999998094
2026-06-20T11:25:40Z,68,2044,33397,24,24,17,0,0,0,0,true,0,0,1,203.8,33055,33397,622,3940.3868666648864
2026-06-20T11:30:18Z,46,769,33443,16,16,17,0,0,0,0,true,0,0,0,203.4,33101,33443,623,3945.0103999972343
2026-06-20T11:35:03Z,30,801,33473,11,11,17,0,0,0,0,true,0,0,0,204.5,33131,33473,624,3949.769266664982
2026-06-20T11:40:05Z,29,828,33502,7,7,17,0,0,0,0,true,0,0,0,207,33160,33502,625,3954.7924499988558
2026-06-20T11:44:54Z,20,853,33522,6,6,17,0,0,0,0,true,0,1,0,202.7,33180,33522,626,3959.6143499970435
2026-06-20T11:49:45Z,31,881,33553,12,12,17,0,0,0,0,true,0,0,0,204.6,33211,33553,627,3964.460799996058
2026-06-20T11:54:18Z,29,912,33582,10,10,17,0,0,0,0,true,0,0,0,198.7,33240,33582,628,3969.016116666794
2026-06-20T11:59:46Z,106,951,33688,19,19,17,0,0,0,0,true,0,0,0,197.3,33346,33688,629,3974.4787166635197
2026-06-20T12:05:00Z,31,980,33719,14,14,17,0,0,0,0,true,0,0,0,202.5,33377,33719,630,3979.716916664441
2026-06-20T12:10:32Z,31,1011,33750,14,14,17,0,0,0,0,true,0,0,0,202.5,33408,33750,631,3985.2457166632016
2026-06-20T12:16:02Z,60,1041,33810,11,11,17,0,0,0,0,true,0,0,0,203.5,33468,33810,632,3990.7382333278656
2026-06-20T12:21:49Z,36,1082,33846,14,14,17,0,0,0,0,true,0,1,0,200.9,33504,33846,633,3996.5256166617078
2026-06-20T12:27:27Z,67,1107,33913,13,13,17,0,0,0,0,true,0,0,0,204.9,33571,33913,634,4002.1582499980927
2026-06-20T12:33:18Z,27,1144,33940,14,14,17,0,0,0,0,true,0,0,0,203.8,33598,33940,635,4008.006449997425
2026-06-20T12:39:20Z,33,1173,33973,14,14,17,0,0,0,0,true,0,0,0,197.9,33631,33973,636,4014.0462333281835
2026-06-20T12:45:11Z,32,1200,34005,13,13,17,0,0,0,0,true,0,0,0,202.2,33663,34005,637,4019.9039833307265
2026-06-20T12:51:03Z,35,1240,34040,12,12,17,0,0,0,0,true,0,0,0,201,33698,34040,638,4025.756733330091
2026-06-20T12:57:12Z,31,1274,34071,13,13,17,0,0,0,0,true,0,0,0,200.6,33729,34071,639,4031.9066833337147
2026-06-20T13:03:27Z,38,1309,34109,14,14,17,0,0,0,0,true,0,1,0,202.1,33767,34109,640,4038.1661833286284
2026-06-20T13:09:33Z,38,1348,34147,12,12,17,0,0,0,0,true,0,0,0,201.1,33805,34147,641,4044.2709166646005
2026-06-20T13:15:46Z,39,1386,34186,16,16,17,0,0,0,0,true,0,0,0,202.5,33844,34186,642,4050.4721999963126
2026-06-20T13:21:59Z,35,1417,34221,14,14,17,0,0,0,0,true,0,1,0,200.7,33879,34221,643,4056.701783331235
2026-06-20T13:28:35Z,39,1462,34260,16,16,17,0,0,0,0,true,0,0,0,193.6,33918,34260,644,4063.28971666495
2026-06-20T13:35:01Z,40,1499,34300,14,14,17,0,0,0,0,true,0,1,0,197.1,33958,34300,645,4069.7378333330153
2026-06-20T13:42:03Z,33,1538,34333,15,15,17,0,0,0,0,true,0,0,0,201.5,33991,34333,646,4076.762466665109
2026-06-20T13:48:32Z,39,1572,34372,17,16,17,0,0,0,0,true,0,0,0,200.7,34030,34372,647,4083.239233330886
2026-06-20T13:55:10Z,44,1619,34416,12,12,17,0,0,0,0,true,0,0,0,202.4,34074,34416,648,4089.8733999967576
2026-06-20T14:01:50Z,44,1661,34460,15,15,17,0,0,0,0,true,0,0,0,199,34118,34460,649,4096.547766661644
2026-06-20T14:08:38Z,42,1706,34502,16,16,17,0,0,0,0,true,0,0,0,195.4,34160,34502,650,4103.342433333397
2026-06-20T14:15:30Z,42,1745,34544,14,14,17,0,0,0,0,true,0,0,0,197.3,34202,34544,651,4110.204883329074
2026-06-20T14:22:42Z,40,1789,34584,14,14,17,0,0,0,0,true,0,0,0,199.8,34242,34584,652,4117.411666663488
2026-06-20T14:29:50Z,50,1840,34634,22,22,17,0,1,0,1,true,0,1,0,203.2,34292,34634,653,4124.542666665713
2026-06-20T14:37:17Z,49,1891,34683,17,17,17,0,0,0,0,true,0,0,0,193.6,34341,34683,654,4131.988166666031
2026-06-20T14:44:36Z,53,1940,34736,18,18,17,0,0,0,0,true,0,0,0,203.6,34394,34736,655,4139.3097499966625
2026-06-20T14:52:13Z,46,1990,34782,17,17,17,0,0,0,0,true,0,0,0,201.3,34440,34782,656,4146.92794999679
2026-06-20T14:59:38Z,50,2037,34832,17,17,17,0,0,0,0,true,0,0,0,204.4,34490,34832,657,4154.349266664187
2026-06-20T15:07:17Z,47,2088,34879,18,18,17,0,0,0,0,true,0,0,0,201.9,34537,34879,658,4161.999533331395
2026-06-20T15:14:59Z,58,2145,34937,22,22,17,0,0,0,0,true,0,0,0,199.8,34595,34937,659,4169.69749999841
2026-06-20T15:22:37Z,52,2195,34989,20,20,17,0,0,0,0,true,0,0,0,201.1,34647,34989,660,4177.330849997203
2026-06-20T15:30:31Z,55,2256,35044,21,21,17,0,0,0,0,true,0,0,0,201.2,34702,35044,661,4185.225783332189
2026-06-20T15:38:42Z,66,2319,35110,22,22,17,0,0,0,0,true,0,1,0,200.9,34768,35110,662,4193.413449994723
2026-06-20T15:46:25Z,59,2373,35169,22,22,17,0,0,0,0,true,0,0,0,200,34827,35169,663,4201.1289166649185
2026-06-20T15:54:39Z,52,2431,35221,21,21,17,0,0,0,0,true,0,0,0,200.6,34879,35221,664,4209.36779999733
2026-06-20T16:02:34Z,56,2486,35277,18,18,17,0,0,0,0,true,0,0,0,200.2,34935,35277,665,4217.275049996376
2026-06-20T16:10:52Z,59,2547,35336,24,24,17,0,0,0,0,true,0,0,0,201.4,34994,35336,666,4225.577833330632
2026-06-20T16:18:55Z,61,2605,35397,20,20,17,0,0,0,0,true,0,0,0,199.1,35055,35397,667,4233.624266664187
2026-06-20T16:27:28Z,59,2669,35456,21,21,17,0,0,0,0,true,0,0,0,203.6,35114,35456,668,4242.173966662089
2026-06-20T16:36:12Z,60,2734,35516,16,16,17,0,0,0,0,true,0,0,0,201.9,35174,35516,669,4250.912999995549
2026-06-20T16:45:01Z,65,2796,35581,19,19,17,0,1,0,1,true,0,1,0,198.4,35239,35581,670,4259.728833333651
2026-06-20T16:53:53Z,72,2866,35653,17,17,17,0,0,0,0,true,0,0,0,200.7,35311,35653,671,4268.595816663901
2026-06-20T17:02:24Z,69,2933,35722,16,16,17,0,0,0,0,true,0,0,0,202.4,35380,35722,672,4277.111749998729
2026-06-20T17:11:05Z,63,2996,35785,16,16,17,0,0,0,0,true,0,0,0,199.9,35443,35785,673,4285.79274999698
2026-06-20T17:19:56Z,60,3061,35845,13,13,17,0,0,0,0,true,0,0,0,200.6,35503,35845,674,4294.643533333143
2026-06-20T17:28:51Z,70,3125,35915,16,16,17,0,0,0,0,true,0,0,0,202.5,35573,35915,675,4303.566949995359
2026-06-20T17:37:53Z,52,3179,35967,14,14,17,0,0,0,0,true,0,0,0,202.5,35625,35967,676,4312.590366665522
2026-06-20T17:47:04Z,61,3239,36028,14,14,17,0,0,0,0,true,0,0,0,202.8,35686,36028,677,4321.779366664092
2026-06-20T17:56:12Z,71,3315,36099,19,19,17,0,0,0,0,true,0,0,0,199.8,35757,36099,678,4330.907366665205
2026-06-20T18:04:56Z,72,3384,36171,20,19,17,0,0,0,0,true,0,0,0,202.5,35829,36171,679,4339.638316663107
2026-06-20T18:14:04Z,66,3455,36237,23,23,17,0,0,0,0,true,0,0,0,199.7,35895,36237,680,4348.7856833299
2026-06-20T18:23:20Z,77,3536,36314,26,26,14,0,0,0,0,true,0,0,0,202.1,35972,36314,681,4358.04211666584
2026-06-20T18:32:38Z,75,3600,36389,29,29,14,0,0,0,0,true,0,0,0,199.5,36047,36389,682,4367.34509999752
2026-06-20T18:42:25Z,73,3689,36462,22,22,14,0,0,0,0,true,0,0,0,199.1,36120,36462,683,4377.131216665109
2026-06-20T18:51:56Z,84,3758,36546,30,30,14,0,0,0,0,true,0,0,0,202.6,36204,36546,684,4386.642049996058
2026-06-20T19:01:49Z,66,3829,36612,29,28,14,0,0,0,0,true,0,0,0,203.2,36270,36612,685,4396.52961666584
2026-06-20T19:12:06Z,78,3916,36690,29,29,14,0,0,0,0,true,0,0,0,200.6,36348,36690,686,4406.810649998983
2026-06-20T19:22:42Z,86,4000,36776,29,29,14,0,0,0,0,true,0,0,0,198.6,36434,36776,687,4417.417049996058
2026-06-20T19:33:45Z,80,4082,36856,29,27,14,0,0,0,0,true,0,0,0,201.8,36514,36856,688,4428.463733331362
2026-06-20T19:45:33Z,91,4182,36947,46,33,14,0,0,0,0,true,0,1,0,201.7,36605,36947,689,4440.260599994659
2026-06-20T19:58:28Z,100,4286,37047,37,32,14,0,0,0,0,true,0,0,0,200.2,36705,37047,690,4453.182316664855
2026-06-20T23:49:59Z,2077,1861,2077,1823,510,40,0,0,0,0,true,0,0,0,220.9,38782,38782,691,4684.6938499967255
2026-06-20T23:52:17Z,347,313,2424,0,0,40,2,0,0,0,true,0,0,0,217.1,39129,39129,692,4686.994966665904
2026-06-20T23:54:41Z,10,327,2434,1,1,40,0,1,0,1,true,0,1,0,214.2,39139,39139,693,4689.404266663392
2026-06-20T23:57:14Z,20,347,2454,2,2,40,0,0,0,0,true,0,1,0,212.9,39159,39159,694,4691.952533332506
2026-06-20T23:59:51Z,8,352,2462,3,3,40,0,0,0,0,true,0,0,0,214.3,39167,39167,695,4694.558149997393
2026-06-21T00:02:31Z,6,359,2468,1,1,40,0,0,0,0,true,0,0,0,211.4,39173,39173,696,4697.228099997838
2026-06-21T00:05:52Z,214,383,2682,4,4,40,0,0,0,0,true,0,1,0,208.8,39387,39387,697,4700.585499997934
2026-06-21T00:08:46Z,14,387,2696,5,5,40,0,0,0,0,true,0,0,0,214.3,39401,39401,698,4703.486449996631
2026-06-21T00:11:50Z,5,391,2701,1,1,40,0,0,0,0,true,0,0,0,210.2,39406,39406,699,4706.5543666640915
2026-06-21T00:14:54Z,9,408,2710,0,0,40,2,0,0,0,true,0,1,0,207.5,39415,39415,700,4709.617483329773
2026-06-21T00:18:06Z,12,412,2722,3,3,40,0,0,0,0,true,0,0,0,212.6,39427,39427,701,4712.809716661771
2026-06-21T00:21:11Z,5,420,2727,2,2,40,0,1,0,1,true,0,0,0,211.3,39432,39432,702,4715.904533330599
2026-06-21T00:26:43Z,248,438,2975,4,3,40,0,0,0,0,true,0,0,1,219.5,39680,39680,703,4721.422683330377
2026-06-21T00:31:29Z,321,478,3296,0,0,40,3,0,0,0,true,0,1,1,211.8,40001,40001,704,4726.201016664505
2026-06-21T00:36:45Z,34,511,3330,7,7,40,0,0,0,0,true,0,0.5,1,210.8,40035,40035,705,4731.4655833323795
2026-06-21T00:41:42Z,99,532,3429,6,6,40,0,0,0,0,true,0,0,1,211.3,40134,40134,706,4736.421233328184
2026-06-21T00:45:57Z,81,552,3510,4,4,40,0,0,0,0,true,0,0,1,202.7,40215,40215,707,4740.6591000000635
2026-06-21T00:51:15Z,16,562,3526,6,4,40,0,0,0,0,true,0,0,1,211.5,40231,40231,708,4745.9642833312355
2026-06-21T00:56:45Z,17,583,3543,3,3,40,0,0,0,0,true,0,0,1,207.4,40248,40248,709,4751.4649166663485
2026-06-21T01:02:03Z,20,608,3563,6,6,40,0,0,0,0,true,0,0,1,206.8,40268,40268,710,4756.764616664251
2026-06-21T01:07:34Z,31,644,3594,8,8,40,0,0,0,0,true,0,0,1,204.4,40299,40299,711,4762.271516664823
2026-06-21T01:13:03Z,30,669,3624,3,3,40,0,0,0,0,true,0,0,1,203.1,40329,40329,712,4767.7626166661585
2026-06-21T01:18:38Z,24,697,3648,4,4,40,0,0,0,0,true,0,0,1,204.3,40353,40353,713,4773.340416661898
2026-06-21T01:23:42Z,31,732,3679,10,10,40,0,0,0,0,true,0,0,1,207.5,40384,40384,714,4778.413566664854
2026-06-21T01:26:59Z,32,606,3711,5,5,40,0,0,0,0,true,0,1,0,210.3,40416,40416,715,4781.70298333168
2026-06-21T01:30:12Z,6,611,3717,1,1,40,0,0,0,0,true,0,0,0,211.2,40422,40422,716,4784.9091000000635
2026-06-21T01:33:30Z,7,623,3724,2,2,40,0,0,0,0,true,0,0,0,211.2,40429,40429,717,4788.2173666636145
2026-06-21T01:37:02Z,16,634,3740,3,3,40,0,0,0,0,true,0,1,0,211.2,40445,40445,718,4791.7471666653955
2026-06-21T01:40:26Z,13,649,3753,5,4,40,0,0,0,0,true,0,0,0,205.6,40458,40458,719,4795.152083333333
2026-06-21T01:43:51Z,5,653,3758,4,3,40,0,0,0,0,true,0,0,0,211.3,40463,40463,720,4798.55838332971
2026-06-21T01:47:25Z,9,659,3767,1,1,40,0,0,0,0,true,0,0,0,211,40472,40472,721,4802.132033332189
2026-06-21T01:51:28Z,8,678,3775,4,4,40,0,0,0,0,true,0,0,0,206.3,40480,40480,722,4806.186799995105
2026-06-21T01:55:33Z,17,695,3792,5,4,40,0,0,0,0,true,0,0,0,202,40497,40497,723,4810.254983329773
2026-06-21T01:59:23Z,20,706,3812,3,2,40,0,0,0,0,true,0,0,0,198.4,40517,40517,724,4814.099883329868
2026-06-21T02:02:56Z,4,715,3816,1,0,40,0,0,0,0,true,0,0,0,209.5,40521,40521,725,4817.649549996853
2026-06-21T02:06:34Z,9,721,3825,2,2,40,0,0,0,0,true,0,0,0,207.3,40530,40530,726,4821.284449998538
2026-06-21T02:10:30Z,10,730,3835,2,2,40,0,0,0,0,true,0,0,0,208.2,40540,40540,727,4825.218549998602
2026-06-21T02:14:21Z,8,737,3843,2,2,40,0,0,0,0,true,0,0,0,209.6,40548,40548,728,4829.057166663805
2026-06-21T02:18:10Z,7,742,3850,1,1,40,0,0,0,0,true,0,0,0,208.5,40555,40555,729,4832.881216665109
2026-06-21T02:22:00Z,8,755,3858,3,3,40,0,0,0,0,true,0,0,0,204,40563,40563,730,4836.710649998983
2026-06-21T02:26:05Z,12,770,3870,2,2,40,0,0,0,0,true,0,1,0,204.2,40575,40575,731,4840.798216664791
2026-06-21T02:30:12Z,18,788,3888,7,5,40,0,0,0,0,true,0,0,0,206.4,40593,40593,732,4844.905999998252
2026-06-21T02:34:24Z,18,806,3906,5,5,40,0,0,0,0,true,0,0,0,206.6,40611,40611,733,4849.120833333333
2026-06-21T02:38:36Z,19,826,3925,6,6,40,0,0,0,0,true,0,0,0,207,40630,40630,734,4853.316616662343
2026-06-21T02:43:06Z,22,849,3947,10,7,40,0,0,0,0,true,0,0,0,207.1,40652,40652,735,4857.817416663965
2026-06-21T02:47:38Z,24,876,3971,3,3,40,0,0,0,0,true,0,0,0,202.5,40676,40676,736,4862.354583330949
2026-06-21T02:52:09Z,29,905,4000,6,6,40,0,0,0,0,true,0,0,0,204.4,40705,40705,737,4866.857333330313
2026-06-21T02:56:28Z,19,921,4019,4,2,40,0,0,0,0,true,0,0,0,209.4,40724,40724,738,4871.172333327929
2026-06-21T03:00:44Z,18,934,4037,3,3,40,0,0,0,0,true,0,0,0,207.5,40742,40742,739,4875.447549994787
2026-06-21T03:05:04Z,11,949,4048,2,2,40,0,0,0,0,true,0,0,0,206.3,40753,40753,740,4879.780316662788
2026-06-21T03:09:22Z,16,961,4064,6,6,40,0,0,0,0,true,0,0,0,206.2,40769,40769,741,4884.0876499970755
2026-06-21T03:13:46Z,12,973,4076,4,4,40,0,0,0,0,true,0,0,0,202.7,40781,40781,742,4888.475133331617
2026-06-21T03:18:21Z,8,987,4084,2,2,40,0,0,0,0,true,0,0,0,206.6,40789,40789,743,4893.055233331522
2026-06-21T03:23:21Z,24,1017,4108,10,10,40,0,0,0,0,true,0,0,0,204.1,40813,40813,744,4898.062983330091
2026-06-21T03:28:00Z,35,1046,4143,6,6,40,0,0,0,0,true,0,1,0,205,40848,40848,745,4902.711149994532
2026-06-21T03:32:39Z,20,1067,4163,4,4,40,0,0,0,0,true,0,0,0,208.4,40868,40868,746,4907.366449999809
2026-06-21T03:37:15Z,22,1086,4185,4,4,40,0,0,0,0,true,0,0,0,209.9,40890,40890,747,4911.963249997298
2026-06-21T03:41:49Z,15,1101,4200,2,2,40,0,0,0,0,true,0,0,0,209.3,40905,40905,748,4916.532249999046
2026-06-21T03:46:35Z,22,1123,4222,4,4,40,0,0,0,0,true,0,0,0,207.4,40927,40927,749,4921.296383333206
