action,target,priority,allowed,reason
reserve-discovery,coverage-guided+focused+strict+protocol+lower-level+browser+existing-code+existing-pr,P0,yes,"active_discovery=4 meets min=3; discovery_protected=no, resource_reason=deadline_benchmark_canary_cap; discovery reserve healthy; preserve reserve while allowing cheap PR progress"
update-controller-rule,discovery/reserve-protected,P0,yes,deny heavy PR dispatch when active discovery would fall below 3; cheap publish manifest/accounting and analysis-only remain allowed
launch-branch-repair,any-heavy-pr-when-discovery-below-3,P0,no,discovery reserve policy blocks heavy PR jobs unless the action is cheap publication/accounting or analysis-only
publish-ready,canonical-ready-product-pr-set/accounting-only,high,yes,already-published real-fix branches remain maintainer-facing accounting inputs; no heavy validation implied
publish-ready,deferred/rtc-reload-hydration-20260702T063152Z@e8b64d56a18586be22e7922a9f6c144bd5b8d431,P0,yes,valid build-clean manifest is in current-push-manifest; publish/adopt/same-head-prove/reject/downscope to clear the hold
publish-ready,deferred/rtc-reload-hydration-20260701T164054Z@e8b64d56a18586be22e7922a9f6c144bd5b8d431,P0,no,stale same-head manifest is superseded by 20260702T063152Z
update-controller-rule,reload-hydration/manifest-disposition,P0,yes,"suppress generic relaunch until exact manifest is disposed, expired, rejected, or fresh product evidence appears"
cooldown-diagnostic,reload-hydration/generic-reducer-owner-probe,P0,yes,valid manifest is held; generic reducer or owner probe relaunch is duplicate diagnostic churn
launch-branch-repair,reload-hydration/generic-reducer-owner-probe,P0,no,consume the current exact manifest before any deferred diagnostic relaunch
include-candidate,PR07C,P0,yes,current policy includes PR07C as net-risk-reducing; lack of owner proof is not exclusion
include-candidate,repair/pr07c-exact-stack-build-20260525T004721Z@9617d576354444657e7278c0dd9abc5d4f05dcb9,P0,yes,exact repaired build-clean head is required for same-head proof accounting
repair-ready,repair/pr07c-exact-stack-build-20260525T004721Z@9617d576354444657e7278c0dd9abc5d4f05dcb9,P0,yes,canonical repaired PR07C head is published/materialized; exact validation and fuzz gates still apply
run-exact-validation,repair/pr07c-exact-stack-build-20260525T004721Z@9617d576354444657e7278c0dd9abc5d4f05dcb9,P0,yes,verify same-head exact stack and benchmark canary behavior; remove only on concrete attributable regression
publish-ready,ready/rtc-pr07c-reload-record-snapshots,low,no,stale direct PR07C head lacks build/type repair and is superseded
launch-owner-matrix,PR07C/HOLD-07C,high,no,owner matrix is runtime-held and consumed; reopen only with newer owner evidence
launch-branch-repair,benchmark-canary-product-failure,P0,yes,"runnable blocker; active_PR_jobs=0/2 and reserve healthy, so launch one bounded product repair if no duplicate active owner"
repair-branch,benchmark-canary-product-failure,P0,yes,keep aggregate repair owner on retained/nonzero canary product rows; reread live status at dispatch
repair-branch,benchmark-canary/novelty-http-persistence-probe,P0,yes,largest live retained product bucket; repair or evidence-backed downscope first after oracle accounting
repair-branch,benchmark-canary/novelty-http-rtc-reference-oracle,P0,yes,"active seed 1260103 exact job stays under aggregate product-failure until same-head replay, repair, or downscope"
launch-branch-repair,benchmark-canary/novelty-http-rtc-reference-oracle,P0,no,active same-target exact continuation already exists; duplicate launch is churn
cooldown-diagnostic,benchmark-canary/current-run-green-only-closure,P0,yes,current_run_green alone cannot clear retained product evidence or exact blockers
cooldown-diagnostic,benchmark-canary/coverage-retarget-retained-product-rows,P0,yes,"retained/nonzero product rows require repair or downscope plus same-head replay, not coverage retarget"
update-controller-rule,benchmark-canary/retained-product-evidence-closure,P0,yes,"clear only with product-failure triage, exact-blocker status, classification, repair branch or explicit downscope, and same-head replay"
update-controller-rule,dispatch/live-status-reread,P0,yes,benchmark-canary status is live-updating; reread before assigning product or coverage slots
coverage-materialization,benchmark-canary/status-only-open-blockers,high,yes,allow protected materialization or explicit downscope for zero-product open canary rows without broadening coverage capacity
repair-branch,benchmark-canary/status-only-open-blockers,high,no,no product repair credit unless retained evidence or product-failure state appears
update-controller-rule,lower-level/table-query-array-crdt-yield-accounting,high,yes,hold until a representative maps to product_failure_key/product_yield or explicit downscope lands
update-controller-rule,lower-level/product-key-oracle,high,yes,allow bounded oracle/accounting classification before product promotion or broader lower-level runs
cooldown-diagnostic,lower-level/broad-or-same-corpus-relaunch,high,yes,current status has product_yield=0 and empty product_failure_key across 2146 rows; more lower-level capacity is churn
repair-branch,lower-level/table-query-array-crdt,high,no,no branch repair credit without product-keyed accounting
cooldown-diagnostic,pre-save-search-live-collapse,medium,yes,downscope consumed; reopen only with repeatable core/search first-loss evidence
cooldown-diagnostic,rich-text-suffix-corruption,medium,yes,downscope consumed; reopen only with deterministic suffix/content first-loss evidence
publish-ready,ready/rtc-pr06b-malformed-save-request-payload,low,no,superseded by already-published PR06B minimal branch
cooldown-diagnostic,malformed-save-payload,medium,yes,canonical PR06B minimal is published; raw malformed-save heads are superseded
publish-ready,ready/rtc-pr15a-fallback-group-move-green,high,no,superseded by already-published PR14B-based variant
publish-ready,ready/rtc-pr15b-fallback-group-insert-anchor-green,high,no,superseded by already-published PR14B-based variant
publish-ready,ready/rtc-pr15c-fallback-group-delete-green,high,no,superseded by already-published PR14B-based variant
cooldown-diagnostic,pre-published-ready-pr-families,medium,yes,PR02A PR03B PR06B-minimal PR07B PR09 PR10 PR11A PR11B PR14 PR14B and PR15-on-PR14B variants are already published; reopen only with fresh product evidence
update-controller-rule,productive-analysis/feed-action-accounting,P0,yes,group duplicate feed rows by target while preserving explicit allow and reject decisions
publish-ready,final-rtc-stack,P0,no,blocked until benchmark-canary product/oracle closure and reload-hydration disposition proof complete
publish-ready,final-maintainer-snapshot,P0,no,blocked until final stack closure evidence and deliberate downscopes are available
hold-publication,PR07C,P0,no,current benchmark-canary status has 2 promotion-blocked rows lacking current_run_green=yes or explicit_downscope=yes: /media/volume/danluu-fuzz-data/rtc-coverage-guided-20260515/run-20260702T043946Z/benchmark-canary-coverage-status.tsv
