timestamp,message,event_type
2026-07-02T06:15:15Z,not launching PR07C owner matrix: latest no-promote classification already consumed current owner evidence,other
2026-07-02T06:17:18Z,launched persona controller round 20260702T061718Z,persona round launched
2026-07-02T06:17:18Z,not launching PR07C owner matrix: latest no-promote classification already consumed current owner evidence,other
2026-07-02T06:19:21Z,not launching PR07C owner matrix: latest no-promote classification already consumed current owner evidence,other
2026-07-02T06:21:24Z,not launching PR07C owner matrix: latest no-promote classification already consumed current owner evidence,other
2026-07-02T06:23:27Z,not launching PR07C owner matrix: latest no-promote classification already consumed current owner evidence,other
2026-07-02T06:25:30Z,launched persona controller round 20260702T062530Z,persona round launched
2026-07-02T06:25:30Z,not launching PR07C owner matrix: latest no-promote classification already consumed current owner evidence,other
2026-07-02T06:27:33Z,not launching PR07C owner matrix: latest no-promote classification already consumed current owner evidence,other
2026-07-02T06:29:36Z,not launching PR07C owner matrix: latest no-promote classification already consumed current owner evidence,other
2026-07-02T06:31:39Z,not launching PR07C owner matrix: latest no-promote classification already consumed current owner evidence,other
2026-07-02T06:33:42Z,launched persona controller round 20260702T063342Z,persona round launched
2026-07-02T06:33:43Z,not launching PR07C owner matrix: latest no-promote classification already consumed current owner evidence,other
2026-07-02T06:35:46Z,not launching PR07C owner matrix: latest no-promote classification already consumed current owner evidence,other
2026-07-02T06:37:49Z,not launching PR07C owner matrix: latest no-promote classification already consumed current owner evidence,other
2026-07-02T06:39:52Z,not launching PR07C owner matrix: latest no-promote classification already consumed current owner evidence,other
2026-07-02T06:41:54Z,launched persona controller round 20260702T064154Z,persona round launched
2026-07-02T06:41:55Z,not launching PR07C owner matrix: latest no-promote classification already consumed current owner evidence,other
2026-07-02T06:43:58Z,not launching PR07C owner matrix: latest no-promote classification already consumed current owner evidence,other
2026-07-02T06:46:01Z,not launching PR07C owner matrix: latest no-promote classification already consumed current owner evidence,other
2026-07-02T06:48:04Z,not launching PR07C owner matrix: latest no-promote classification already consumed current owner evidence,other
2026-07-02T06:50:07Z,not launching PR07C owner matrix: latest no-promote classification already consumed current owner evidence,other
2026-07-02T06:52:10Z,not launching PR07C owner matrix: latest no-promote classification already consumed current owner evidence,other
2026-07-02T06:54:13Z,launched persona controller round 20260702T065412Z,persona round launched
2026-07-02T06:54:13Z,not launching PR07C owner matrix: latest no-promote classification already consumed current owner evidence,other
2026-07-02T06:56:16Z,not launching PR07C owner matrix: latest no-promote classification already consumed current owner evidence,other
2026-07-02T06:58:19Z,not launching PR07C owner matrix: latest no-promote classification already consumed current owner evidence,other
2026-07-02T07:00:22Z,not launching PR07C owner matrix: latest no-promote classification already consumed current owner evidence,other
2026-07-02T07:02:25Z,not launching PR07C owner matrix: latest no-promote classification already consumed current owner evidence,other
2026-07-02T07:04:28Z,not launching PR07C owner matrix: latest no-promote classification already consumed current owner evidence,other
2026-07-02T07:06:30Z,launched persona controller round 20260702T070630Z,persona round launched
2026-07-02T07:06:31Z,not launching PR07C owner matrix: latest no-promote classification already consumed current owner evidence,other
2026-07-02T07:08:34Z,not launching PR07C owner matrix: latest no-promote classification already consumed current owner evidence,other
2026-07-02T07:10:37Z,not launching PR07C owner matrix: latest no-promote classification already consumed current owner evidence,other
2026-07-02T07:12:40Z,not launching PR07C owner matrix: latest no-promote classification already consumed current owner evidence,other
2026-07-02T07:14:43Z,launched persona controller round 20260702T071443Z,persona round launched
2026-07-02T07:14:43Z,not launching PR07C owner matrix: latest no-promote classification already consumed current owner evidence,other
2026-07-02T07:16:46Z,not launching PR07C owner matrix: latest no-promote classification already consumed current owner evidence,other
2026-07-02T07:18:49Z,not launching PR07C owner matrix: latest no-promote classification already consumed current owner evidence,other
2026-07-02T07:20:52Z,not launching PR07C owner matrix: latest no-promote classification already consumed current owner evidence,other
2026-07-02T07:22:55Z,launched persona controller round 20260702T072255Z,persona round launched
2026-07-02T07:22:55Z,not launching PR07C owner matrix: latest no-promote classification already consumed current owner evidence,other
2026-07-02T07:24:58Z,not launching PR07C owner matrix: latest no-promote classification already consumed current owner evidence,other
2026-07-02T07:27:01Z,not launching PR07C owner matrix: latest no-promote classification already consumed current owner evidence,other
2026-07-02T07:29:04Z,not launching PR07C owner matrix: latest no-promote classification already consumed current owner evidence,other
2026-07-02T07:31:07Z,not launching PR07C owner matrix: latest no-promote classification already consumed current owner evidence,other
2026-07-02T07:33:10Z,not launching PR07C owner matrix: latest no-promote classification already consumed current owner evidence,other
2026-07-02T07:35:13Z,launched persona controller round 20260702T073513Z,persona round launched
2026-07-02T07:35:13Z,not launching PR07C owner matrix: latest no-promote classification already consumed current owner evidence,other
2026-07-02T07:37:17Z,not launching PR07C owner matrix: latest no-promote classification already consumed current owner evidence,other
2026-07-02T07:39:19Z,not launching PR07C owner matrix: latest no-promote classification already consumed current owner evidence,other
2026-07-02T07:41:22Z,not launching PR07C owner matrix: latest no-promote classification already consumed current owner evidence,other
2026-07-02T07:43:25Z,launched persona controller round 20260702T074325Z,persona round launched
2026-07-02T07:43:25Z,not launching PR07C owner matrix: latest no-promote classification already consumed current owner evidence,other
2026-07-02T07:45:28Z,not launching PR07C owner matrix: latest no-promote classification already consumed current owner evidence,other
2026-07-02T07:47:31Z,not launching PR07C owner matrix: latest no-promote classification already consumed current owner evidence,other
2026-07-02T07:49:34Z,not launching PR07C owner matrix: latest no-promote classification already consumed current owner evidence,other
2026-07-02T07:51:36Z,launched persona controller round 20260702T075136Z,persona round launched
2026-07-02T07:51:37Z,not launching PR07C owner matrix: latest no-promote classification already consumed current owner evidence,other
2026-07-02T07:53:39Z,not launching PR07C owner matrix: latest no-promote classification already consumed current owner evidence,other
2026-07-02T07:55:42Z,not launching PR07C owner matrix: latest no-promote classification already consumed current owner evidence,other
2026-07-02T07:57:45Z,not launching PR07C owner matrix: latest no-promote classification already consumed current owner evidence,other
2026-07-02T07:59:47Z,launched persona controller round 20260702T075947Z,persona round launched
2026-07-02T07:59:48Z,not launching PR07C owner matrix: latest no-promote classification already consumed current owner evidence,other
2026-07-02T08:01:50Z,not launching PR07C owner matrix: latest no-promote classification already consumed current owner evidence,other
2026-07-02T08:03:53Z,not launching PR07C owner matrix: latest no-promote classification already consumed current owner evidence,other
2026-07-02T08:05:56Z,not launching PR07C owner matrix: latest no-promote classification already consumed current owner evidence,other
2026-07-02T08:07:59Z,not launching PR07C owner matrix: latest no-promote classification already consumed current owner evidence,other
2026-07-02T08:10:02Z,not launching PR07C owner matrix: latest no-promote classification already consumed current owner evidence,other
2026-07-02T08:12:05Z,launched persona controller round 20260702T081204Z,persona round launched
2026-07-02T08:12:05Z,not launching PR07C owner matrix: latest no-promote classification already consumed current owner evidence,other
2026-07-02T08:14:08Z,not launching PR07C owner matrix: latest no-promote classification already consumed current owner evidence,other
2026-07-02T08:16:11Z,not launching PR07C owner matrix: latest no-promote classification already consumed current owner evidence,other
2026-07-02T08:18:14Z,not launching PR07C owner matrix: latest no-promote classification already consumed current owner evidence,other
2026-07-02T08:20:17Z,not launching PR07C owner matrix: latest no-promote classification already consumed current owner evidence,other
2026-07-02T08:22:20Z,not launching PR07C owner matrix: latest no-promote classification already consumed current owner evidence,other
2026-07-02T08:24:23Z,launched persona controller round 20260702T082423Z,persona round launched
2026-07-02T08:24:23Z,not launching PR07C owner matrix: latest no-promote classification already consumed current owner evidence,other
2026-07-02T08:26:27Z,not launching PR07C owner matrix: latest no-promote classification already consumed current owner evidence,other
2026-07-02T08:28:30Z,not launching PR07C owner matrix: latest no-promote classification already consumed current owner evidence,other
2026-07-02T08:30:33Z,not launching PR07C owner matrix: latest no-promote classification already consumed current owner evidence,other
2026-07-02T08:32:35Z,not launching PR07C owner matrix: latest no-promote classification already consumed current owner evidence,other
2026-07-02T08:34:38Z,not launching PR07C owner matrix: latest no-promote classification already consumed current owner evidence,other
2026-07-02T08:36:41Z,launched persona controller round 20260702T083641Z,persona round launched
2026-07-02T08:36:41Z,not launching PR07C owner matrix: latest no-promote classification already consumed current owner evidence,other
2026-07-02T08:38:45Z,not launching PR07C owner matrix: latest no-promote classification already consumed current owner evidence,other
2026-07-02T08:40:48Z,not launching PR07C owner matrix: latest no-promote classification already consumed current owner evidence,other
2026-07-02T08:42:51Z,not launching PR07C owner matrix: latest no-promote classification already consumed current owner evidence,other
2026-07-02T08:44:54Z,not launching PR07C owner matrix: latest no-promote classification already consumed current owner evidence,other
2026-07-02T08:46:57Z,not launching PR07C owner matrix: latest no-promote classification already consumed current owner evidence,other
2026-07-02T08:48:59Z,launched persona controller round 20260702T084859Z,persona round launched
2026-07-02T08:49:00Z,not launching PR07C owner matrix: latest no-promote classification already consumed current owner evidence,other
2026-07-02T08:51:03Z,not launching PR07C owner matrix: latest no-promote classification already consumed current owner evidence,other
2026-07-02T08:53:06Z,not launching PR07C owner matrix: latest no-promote classification already consumed current owner evidence,other
2026-07-02T08:55:09Z,not launching PR07C owner matrix: latest no-promote classification already consumed current owner evidence,other
2026-07-02T08:57:12Z,not launching PR07C owner matrix: latest no-promote classification already consumed current owner evidence,other
2026-07-02T08:59:15Z,not launching PR07C owner matrix: latest no-promote classification already consumed current owner evidence,other
2026-07-02T09:01:17Z,launched persona controller round 20260702T090117Z,persona round launched
2026-07-02T09:01:18Z,not launching PR07C owner matrix: latest no-promote classification already consumed current owner evidence,other
2026-07-02T09:03:21Z,not launching PR07C owner matrix: latest no-promote classification already consumed current owner evidence,other
