timestamp,commit,pr,scope,files,additions,deletions,net_loc,status
2026-05-19T18:51:28Z,6d0d515cb6fd21c410e7a5c69f6ff07b04f1e343,PR 1,HTTP polling generated update size guard,2,181,19,162,verified content; Cycle428 local manifest audit complete; GitHub filing still blocked
2026-05-19T18:51:28Z,6d0d515cb6fd21c410e7a5c69f6ff07b04f1e343,PR 10,CRDT block reconciliation foundation after PR9,2,145,4,141,verified content; current progress: published at `ba7235bc88254fece4cd7e7d2fce81bc17c901bf`; published to refs/heads/danluu/rtc-pr-progress-rtc-pr10-crdt-block-rebase
2026-05-19T18:51:28Z,6d0d515cb6fd21c410e7a5c69f6ff07b04f1e343,PR 13A,Observed-delete top-level provenance,2,1151,25,1126,repaired verified content; use this audited ref for PR13A
2026-05-19T18:51:28Z,6d0d515cb6fd21c410e7a5c69f6ff07b04f1e343,PR 13B,Cross-parent source retirement,2,1672,4,1668,repaired verified content; use this audited ref for PR13B unless a later audit publishes PR13B0-B3 links
2026-05-19T18:51:28Z,6d0d515cb6fd21c410e7a5c69f6ff07b04f1e343,PR 13C,Stale block identity smear guard,2,345,51,294,repaired verified content; use this audited ref for PR13C unless a later audit publishes PR13B0-B3 links
2026-05-19T18:51:28Z,6d0d515cb6fd21c410e7a5c69f6ff07b04f1e343,PR 14,Table body nested array merge,2,294,18,276,verified content; seed `7110017` still shows PR14 alone is incomplete; current progress: published at `9b090fc7e6602b961dc798533dd994d51284e556`; published to refs/heads/danluu/rtc-pr-progress-rtc-pr14-table-body-array-green
2026-05-19T18:51:28Z,6d0d515cb6fd21c410e7a5c69f6ff07b04f1e343,PR 15A,Fallback-group move green on PR14B,2,123,4,119,"verified component content; filing still waits on exact publication links, owner gates, and final validation; current progress: published at `125b5d030d8c2ae07fb9ff5156361d495248dfd9`; published to refs/heads/danluu/rtc-pr-progress-rtc-pr15a-fallback-group-move-green-on-pr14b"
2026-05-19T18:51:28Z,6d0d515cb6fd21c410e7a5c69f6ff07b04f1e343,PR 15B,Fallback-group insert-anchor green on PR14B,2,197,4,193,"verified component content; filing still waits on exact publication links, owner gates, and final validation; current progress: published at `acb367667da14d23628ae0280584a1e9e0dc739c`; published to refs/heads/danluu/rtc-pr-progress-rtc-pr15b-fallback-group-insert-anchor-green-on-pr14b"
2026-05-19T18:51:28Z,6d0d515cb6fd21c410e7a5c69f6ff07b04f1e343,PR 15C,Fallback-group delete green on PR14B,2,161,4,157,"canonical endpoint; Cycle432 reload replay failures mean reload hydration is still an owner-comparison/evidence queue, not a PR15C filing blocker by itself; current progress: published at `8decb9081f9f0715831c634548dc032dbafad54e`; published to refs/heads/danluu/rtc-pr-progress-rtc-pr15c-fallback-group-delete-green-on-pr14b"
2026-05-19T18:51:28Z,6d0d515cb6fd21c410e7a5c69f6ff07b04f1e343,PR 2,HTTP polling storage read window,2,57,5,52,verified content; Cycle428 local manifest audit complete; GitHub filing still blocked
2026-05-19T18:51:28Z,6d0d515cb6fd21c410e7a5c69f6ff07b04f1e343,PR 3,Revision restore CRDT meta reset,2,58,5,53,verified content; released by lower-boundary classification and local manifest audit
2026-05-19T18:51:28Z,6d0d515cb6fd21c410e7a5c69f6ff07b04f1e343,PR 4,Persisted CRDT save-meta idempotence,2,160,1,159,verified content; Cycle428 local manifest audit complete; GitHub filing still blocked
2026-05-19T18:51:28Z,6d0d515cb6fd21c410e7a5c69f6ff07b04f1e343,PR 9,Core-data lock fairness from PR06D,2,185,2,183,verified content; Cycle428 local manifest audit complete; GitHub filing still blocked; current progress: published at `87b82b3be6577b791d11500e2bdbc18a62495f39`; published to refs/heads/danluu/rtc-pr-progress-rtc-pr09-store-lock-fairness
