efd66c496097	http	http-polling-sync-json-oom-on-persisted-collection-sync-step2-history	/Users/danluu/dev/fuzz/gutenberg/test/e2e/specs/editor/collaboration/triage-82da2e8aba73-realistic.spec.ts	/Users/danluu/dev/fuzz/gutenberg-rtc-known-fixes-refresh-20260505/fuzz-handoff/distinct-manifest-20260505/likely-real-issues.jsonl
28e600fa97ba	websocket	rtc_websocket_checkpoint_body_corruption_after_reload	/Users/danluu/dev/fuzz/gutenberg/test/e2e/specs/editor/collaboration/websocket/triage-e86f08576521-realistic.spec.ts	/Users/danluu/dev/fuzz/gutenberg-rtc-known-fixes-refresh-20260505/fuzz-handoff/distinct-manifest-20260505/likely-real-issues.jsonl
58a3229d7ac7	http	rtc_move_reconciliation_rewrites_neighboring_block_types_after_remote_shifts	/Users/danluu/dev/fuzz/gutenberg/test/e2e/specs/editor/collaboration/triage-64edf2f8cbab-realistic.spec.ts	/Users/danluu/dev/fuzz/gutenberg-rtc-known-fixes-refresh-20260505/fuzz-handoff/distinct-manifest-20260505/likely-real-issues.jsonl
445d4b755b6d	http	rtc_title_diverges_after_reload_without_save	/Users/danluu/dev/fuzz/gutenberg/test/e2e/specs/editor/collaboration/triage-4ba23abee72f-realistic.spec.ts	/Users/danluu/dev/fuzz/gutenberg-rtc-known-fixes-refresh-20260505/fuzz-handoff/distinct-manifest-20260505/likely-real-issues.jsonl
5bc6fa356c7c	http	rtc_saved_search_checkpoint_reload_corrupts_crdt	/Users/danluu/dev/fuzz/gutenberg/artifacts/rtc-browser-fuzz/mixed-http-ws-supervised-20260502-0007/ws-gen-12-20260502T091028Z/.triage-watcher/signatures/6207ce325716/repro-realistic.spec.ts	/Users/danluu/dev/fuzz/gutenberg-rtc-known-fixes-refresh-20260505/fuzz-handoff/distinct-manifest-20260505/likely-real-issues.jsonl
4ebafacb6e10	websocket	Top-level stale-local reconciliation cancels a later local delete of a remotely inserted block	/Users/danluu/dev/fuzz/gutenberg/test/e2e/specs/editor/collaboration/websocket/triage-31ae5f481d4c-realistic.spec.ts	/Users/danluu/dev/fuzz/gutenberg-rtc-known-fixes-refresh-20260505/fuzz-handoff/distinct-manifest-20260505/likely-real-issues.jsonl
74dd38f291e0	http	rtc_collaboration_move_reconciliation_duplicates_remote_paragraph	/Users/danluu/dev/fuzz/gutenberg/test/e2e/specs/editor/collaboration/triage-74dd38f291e0-realistic.spec.ts	/Users/danluu/dev/fuzz/gutenberg-rtc-known-fixes-refresh-20260505/fuzz-handoff/distinct-manifest-20260505/likely-real-issues.jsonl
9db3d5fce72d	websocket	rtc_collab_save_stale_title_content_after_real_edits	/Users/danluu/dev/fuzz/gutenberg/test/e2e/specs/editor/collaboration/triage-6a8ab2e09b56-realistic.spec.ts	/Users/danluu/dev/fuzz/gutenberg-rtc-known-fixes-refresh-20260505/fuzz-handoff/distinct-manifest-20260505/likely-real-issues.jsonl
37c69948c4ea	http	rtc_title_only_reload_divergence	/Users/danluu/dev/fuzz/gutenberg/test/e2e/specs/editor/collaboration/triage-4ba23abee72f-realistic.spec.ts	/Users/danluu/dev/fuzz/gutenberg-rtc-known-fixes-refresh-20260505/fuzz-handoff/distinct-manifest-20260505/likely-real-issues.jsonl
b143e4f23158	websocket	rtc-websocket-collaborator-state-diverges-after-block-insert	/Users/danluu/dev/fuzz/gutenberg/test/e2e/specs/editor/collaboration/websocket/triage-b143e4f23158-realistic.spec.ts	/Users/danluu/dev/fuzz/gutenberg-rtc-known-fixes-refresh-20260505/fuzz-handoff/distinct-manifest-20260505/likely-real-issues.jsonl
5103347eaffd	http	rtc_top_level_move_reconciliation_shift_corrupts_heterogeneous_blocks	/Users/danluu/dev/fuzz/gutenberg/test/e2e/specs/editor/collaboration/triage-64edf2f8cbab-realistic.spec.ts	/Users/danluu/dev/fuzz/gutenberg-rtc-known-fixes-refresh-20260505/fuzz-handoff/distinct-manifest-20260505/likely-real-issues.jsonl
40b91aaca7bb	websocket	rtc-crdt-top-level-insert-merge-corrupts-block-identity-and-attributes	/Users/danluu/dev/fuzz/gutenberg/test/e2e/specs/editor/collaboration/websocket/collaboration-triage-7eb444df9516-realistic.spec.ts	/Users/danluu/dev/fuzz/gutenberg-rtc-known-fixes-refresh-20260505/fuzz-handoff/distinct-manifest-20260505/likely-real-issues.jsonl
7892f5ef7d92	http	rtc_cross_type_attribute_grafting_on_stale_top_level_reorder	/Users/danluu/dev/fuzz/gutenberg/test/e2e/specs/editor/collaboration/triage-64edf2f8cbab-realistic.spec.ts	/Users/danluu/dev/fuzz/gutenberg-rtc-known-fixes-refresh-20260505/fuzz-handoff/distinct-manifest-20260505/likely-real-issues.jsonl
8bd178f95d29	http	remote-pullquote-survives-deletion-while-being-edited	/Users/danluu/dev/fuzz/gutenberg/test/e2e/specs/editor/collaboration/triage-8bd178f95d29-realistic.spec.ts	/Users/danluu/dev/fuzz/gutenberg-rtc-known-fixes-refresh-20260505/fuzz-handoff/distinct-manifest-20260505/likely-real-issues.jsonl
1e0ade5ec5a8	http	rtc_collaboration_empty_content_save_with_nonempty_crdt_after_save	/Users/danluu/dev/fuzz/gutenberg/test/e2e/specs/editor/collaboration/triage-7f69406e25e7-realistic.spec.ts	/Users/danluu/dev/fuzz/gutenberg-rtc-known-fixes-refresh-20260505/fuzz-handoff/distinct-manifest-20260505/likely-real-issues.jsonl
e2e33c526e4a	websocket	rtc_collaboration_save_reload_move_order_split	/Users/danluu/dev/fuzz/gutenberg/test/e2e/specs/editor/collaboration/websocket/triage-e2e33c526e4a-realistic.spec.ts	/Users/danluu/dev/fuzz/gutenberg-rtc-known-fixes-refresh-20260505/fuzz-handoff/distinct-manifest-20260505/likely-real-issues.jsonl
9a939083ec8b	websocket	rtc_reload_checkpoint_followup_edits_corrupt_adjacent_paragraph_text	/Users/danluu/dev/fuzz/gutenberg/test/e2e/specs/editor/collaboration/triage-9a939083ec8b-realistic.spec.ts	/Users/danluu/dev/fuzz/gutenberg-rtc-known-fixes-refresh-20260505/fuzz-handoff/distinct-manifest-20260505/likely-real-issues.jsonl
4a4d8ed3518a	websocket	rtc_save_path_persists_empty_content_while_title_and_crdt_survive	/Users/danluu/dev/fuzz/gutenberg/artifacts/rtc-browser-fuzz/mixed-http-ws-supervised-20260502-0007/ws-gen-14-20260502T225744Z/.triage-watcher/signatures/4a4d8ed3518a/realistic-family-probe.spec.ts	/Users/danluu/dev/fuzz/gutenberg-rtc-known-fixes-refresh-20260505/fuzz-handoff/distinct-manifest-20260505/likely-real-issues.jsonl
f95a84583581	websocket	rtc_search_block_save_reload_persistence_corruption	/Users/danluu/dev/fuzz/gutenberg/test/e2e/specs/editor/collaboration/triage-0c03c4c64627-realistic.spec.ts	/Users/danluu/dev/fuzz/gutenberg-rtc-known-fixes-refresh-20260505/fuzz-handoff/distinct-manifest-20260505/likely-real-issues.jsonl
75b21da1beba	http	rtc_search_checkpoint_block_corruption_after_move_under_faulty_sync	/Users/danluu/dev/fuzz/gutenberg/test/e2e/specs/editor/collaboration/triage-814b5e3b7b80-realistic.spec.ts	/Users/danluu/dev/fuzz/gutenberg-rtc-known-fixes-refresh-20260505/fuzz-handoff/distinct-manifest-20260505/likely-real-issues.jsonl
373089edd5a5	websocket	rtc_ws_concurrent_top_level_paragraph_insert_corruption	/Users/danluu/dev/fuzz/gutenberg/test/e2e/specs/editor/collaboration/websocket/collaboration-triage-5ea8f8413df3-realistic.spec.ts	/Users/danluu/dev/fuzz/gutenberg-rtc-known-fixes-refresh-20260505/fuzz-handoff/distinct-manifest-20260505/likely-real-issues.jsonl
27a6a45298fe	websocket	rtc_ws_crdt_stale_snapshot_reorder_duplicates_remote_paragraph	/Users/danluu/dev/fuzz/gutenberg/test/e2e/specs/editor/collaboration/triage-27a6a45298fe-realistic.spec.ts	/Users/danluu/dev/fuzz/gutenberg-rtc-known-fixes-refresh-20260505/fuzz-handoff/distinct-manifest-20260505/likely-real-issues.jsonl
0b1e58467037	websocket	rtc_ws_crdt_state_churn_save_loop_after_collaborator_save	/Users/danluu/dev/fuzz/gutenberg/test/e2e/specs/editor/collaboration/triage-9a0c73d7f39c-realistic.spec.ts	/Users/danluu/dev/fuzz/gutenberg-rtc-known-fixes-refresh-20260505/fuzz-handoff/distinct-manifest-20260505/likely-real-issues.jsonl
185aeebeb2a3	websocket	rtc_ws_delete_of_recently_appended_top_level_paragraph_not_propagated	/Users/danluu/dev/fuzz/gutenberg/artifacts/rtc-browser-fuzz/mixed-http-ws-supervised-20260502-0007/ws-gen-13-20260502T225226Z/.triage-watcher/signatures/185aeebeb2a3/realistic-repro.spec.ts	/Users/danluu/dev/fuzz/gutenberg-rtc-known-fixes-refresh-20260505/fuzz-handoff/distinct-manifest-20260505/likely-real-issues.jsonl
5742d02c2bd9	websocket	rtc_ws_paragraph_move_into_group_leaves_nested_and_top_level_duplicate	/Users/danluu/dev/fuzz/gutenberg/test/e2e/specs/editor/collaboration/triage-5742d02c2bd9-realistic.spec.ts	/Users/danluu/dev/fuzz/gutenberg-rtc-known-fixes-refresh-20260505/fuzz-handoff/distinct-manifest-20260505/likely-real-issues.jsonl
8e93920b7432	websocket	rtc_ws_remote_pullquote_delete_leaves_stale_top_level_pullquote	/Users/danluu/dev/fuzz/gutenberg/artifacts/rtc-browser-fuzz/mixed-http-ws-supervised-20260502-0007/ws-gen-17-20260504T165737Z/.triage-watcher/signatures/8e93920b7432/realistic-pullquote-delete.spec.ts	/Users/danluu/dev/fuzz/gutenberg-rtc-known-fixes-refresh-20260505/fuzz-handoff/distinct-manifest-20260505/likely-real-issues.jsonl
c30da48d353a	websocket	rtc-ws-collaboration-block-tree-corruption	/Users/danluu/dev/fuzz/gutenberg/test/e2e/specs/editor/collaboration/triage-c30da48d353a-realistic.spec.ts	/Users/danluu/dev/fuzz/gutenberg-rtc-known-fixes-refresh-20260505/fuzz-handoff/distinct-manifest-20260505/likely-real-issues.jsonl
45c313bc2541	http	top_level_move_reconciliation_preserves_wrong_yblock_after_remote_insert	/Users/danluu/dev/fuzz/gutenberg/test/e2e/specs/editor/collaboration/triage-64edf2f8cbab-realistic.spec.ts	/Users/danluu/dev/fuzz/gutenberg-rtc-known-fixes-refresh-20260505/fuzz-handoff/distinct-manifest-20260505/likely-real-issues.jsonl
4d8aec7d7a06	http	rtc_collab_content_regression_to_search_only_before_save	/Users/danluu/dev/fuzz/gutenberg/artifacts/rtc-browser-fuzz/mixed-http-ws-supervised-20260502-0007/ws-gen-12-20260502T091028Z/.triage-watcher/signatures/4d8aec7d7a06/realistic-refresh-resync-save-loss.spec.ts	/Users/danluu/dev/fuzz/gutenberg-rtc-known-fixes-refresh-20260505/fuzz-handoff/distinct-manifest-20260505/likely-real-issues.jsonl
3ac375556552	websocket	rtc_delete_of_recent_remote_top_level_insert_lost_by_stale_local_reconcile	/Users/danluu/dev/fuzz/gutenberg/test/e2e/specs/editor/collaboration/websocket/collaboration-triage-3ac375556552-realistic.spec.ts	/Users/danluu/dev/fuzz/gutenberg-rtc-known-fixes-refresh-20260505/fuzz-handoff/distinct-manifest-20260505/likely-real-issues.jsonl
69f024e5e4c4	websocket	rtc_delete_of_remote_concurrent_insert_readded_by_stale_local_reconcile	/Users/danluu/dev/fuzz/gutenberg/test/e2e/specs/editor/collaboration/websocket/collaboration-triage-44ad7b17993d-realistic.spec.ts	/Users/danluu/dev/fuzz/gutenberg-rtc-known-fixes-refresh-20260505/fuzz-handoff/distinct-manifest-20260505/likely-real-issues.jsonl
e87fc90859a8	http	rtc_empty_content_persisted_after_delete_plus_pullquote_edit	/Users/danluu/dev/fuzz/gutenberg/test/e2e/specs/editor/collaboration/triage-7f69406e25e7-realistic.spec.ts	/Users/danluu/dev/fuzz/gutenberg-rtc-known-fixes-refresh-20260505/fuzz-handoff/distinct-manifest-20260505/likely-real-issues.jsonl
bcbe66104201	websocket	rtc_group_reparent_wrapper_corruption_after_move_into_group	/Users/danluu/dev/fuzz/gutenberg/test/e2e/specs/editor/collaboration/websocket/collaboration-202ccabd7496-realistic.spec.ts	/Users/danluu/dev/fuzz/gutenberg-rtc-known-fixes-refresh-20260505/fuzz-handoff/distinct-manifest-20260505/likely-real-issues.jsonl
d3da847aa279	websocket	rtc_move_into_group_replays_stale_top_level_block	/Users/danluu/dev/fuzz/gutenberg/test/e2e/specs/editor/collaboration/triage-d3da847aa279-realistic.spec.ts	/Users/danluu/dev/fuzz/gutenberg-rtc-known-fixes-refresh-20260505/fuzz-handoff/distinct-manifest-20260505/likely-real-issues.jsonl
acf2880f01d6	websocket	rtc_pullquote_delete_leaves_remote_peer_with_stale_top_level_pullquote	/Users/danluu/dev/fuzz/gutenberg/test/e2e/specs/editor/collaboration/triage-8bd178f95d29-realistic.spec.ts	/Users/danluu/dev/fuzz/gutenberg-rtc-known-fixes-refresh-20260505/fuzz-handoff/distinct-manifest-20260505/likely-real-issues.jsonl
513786743f99	websocket	rtc_reload_move_nonconvergence_under_sync_faults	/Users/danluu/dev/fuzz/gutenberg/test/e2e/specs/editor/collaboration/websocket/triage-513786743f99-realistic.spec.ts	/Users/danluu/dev/fuzz/gutenberg-rtc-known-fixes-refresh-20260505/fuzz-handoff/distinct-manifest-20260505/likely-real-issues.jsonl
da6c1f4bcecd	http	rtc_save_reload_persistence_corruption	/Users/danluu/dev/fuzz/gutenberg/test/e2e/specs/editor/collaboration/triage-9b9e7ccf5599-realistic.spec.ts	/Users/danluu/dev/fuzz/gutenberg-rtc-known-fixes-refresh-20260505/fuzz-handoff/distinct-manifest-20260505/likely-real-issues.jsonl
7423aed9058a	websocket	rtc_top_level_move_divergence_duplicate_heading_after_fallback_group_insert	/Users/danluu/dev/fuzz/gutenberg/test/e2e/specs/editor/collaboration/triage-7423aed9058a-shared-realistic.spec.ts	/Users/danluu/dev/fuzz/gutenberg-rtc-known-fixes-refresh-20260505/fuzz-handoff/distinct-manifest-20260505/likely-real-issues.jsonl
a81ea0fc772d	http	rtc_top_level_move_group_shape_corruption	/Users/danluu/dev/fuzz/gutenberg/test/e2e/specs/editor/collaboration/triage-a81ea0fc772d-realistic.spec.ts	/Users/danluu/dev/fuzz/gutenberg-rtc-known-fixes-refresh-20260505/fuzz-handoff/distinct-manifest-20260505/likely-real-issues.jsonl
939a21e9690b	websocket	rtc_ws_checkpoint_save_persists_corrupted_block_markup	/Users/danluu/dev/fuzz/gutenberg/test/e2e/specs/editor/collaboration/triage-2d8f07c173fd-realistic.spec.ts	/Users/danluu/dev/fuzz/gutenberg-rtc-known-fixes-refresh-20260505/fuzz-handoff/distinct-manifest-20260505/likely-real-issues.jsonl
62db5968059e	websocket	rtc_ws_delete_of_recent_remote_heading_not_replayed_to_other_peer	/Users/danluu/dev/fuzz/gutenberg/test/e2e/specs/editor/collaboration/websocket/triage-4b50d5ef2b68-realistic.spec.ts	/Users/danluu/dev/fuzz/gutenberg-rtc-known-fixes-refresh-20260505/fuzz-handoff/distinct-manifest-20260505/likely-real-issues.jsonl
60e483562733	websocket	rtc_ws_move_into_group_hangs_other_collaborator_after_structural_edits	/Users/danluu/dev/fuzz/gutenberg/artifacts/rtc-browser-fuzz/mixed-http-ws-supervised-20260502-0007/ws-gen-13-20260502T225226Z/.triage-watcher/signatures/0ff2fa0be1f3/repros/realistic-preseeded-paragraph-into-group.spec.ts	/Users/danluu/dev/fuzz/gutenberg-rtc-known-fixes-refresh-20260505/fuzz-handoff/distinct-manifest-20260505/likely-real-issues.jsonl
2f060b0d43fe	websocket	rtc_ws_persisted_block_markup_corruption_stuck_save	/Users/danluu/dev/fuzz/gutenberg/artifacts/rtc-browser-fuzz/mixed-http-ws-supervised-20260502-0007/ws-gen-13-20260502T225226Z/.triage-watcher/signatures/2f060b0d43fe/repros/realistic-reload-heading-group-save.spec.ts	/Users/danluu/dev/fuzz/gutenberg-rtc-known-fixes-refresh-20260505/fuzz-handoff/distinct-manifest-20260505/likely-real-issues.jsonl
87ea40a2fdb1	websocket	rtc_ws_table_move_into_group_leaves_stale_top_level_table_duplicate	/Users/danluu/dev/fuzz/gutenberg/test/e2e/specs/editor/collaboration/triage-87ea40a2fdb1-realistic.spec.ts	/Users/danluu/dev/fuzz/gutenberg-rtc-known-fixes-refresh-20260505/fuzz-handoff/distinct-manifest-20260505/likely-real-issues.jsonl
440c86261e16	websocket	rtc-entity-normalization-save-loop	/Users/danluu/dev/fuzz/gutenberg/test/e2e/specs/editor/collaboration/triage-440c86261e16-realistic.spec.ts	/Users/danluu/dev/fuzz/gutenberg-rtc-known-fixes-refresh-20260505/fuzz-handoff/distinct-manifest-20260505/likely-real-issues.jsonl
64edf2f8cbab	http	rtc-top-level-move-after-remote-insert-paragraph-into-table-duplication	/Users/danluu/dev/fuzz/gutenberg/test/e2e/specs/editor/collaboration/triage-64edf2f8cbab-realistic.spec.ts	/Users/danluu/dev/fuzz/gutenberg-rtc-known-fixes-refresh-20260505/fuzz-handoff/distinct-manifest-20260505/likely-real-issues.jsonl
703ef0771ea5	http	stale-local structural table body merge after remote append	/Users/danluu/dev/fuzz/gutenberg/test/e2e/specs/editor/collaboration/triage-703ef0771ea5-realistic.spec.ts	/Users/danluu/dev/fuzz/gutenberg-rtc-known-fixes-refresh-20260505/fuzz-handoff/distinct-manifest-20260505/likely-real-issues.jsonl
58b782e101aa	http	collaboration_revision_restore_reload_resurrects_newer_blocks	/Users/danluu/dev/fuzz/gutenberg/test/e2e/specs/editor/collaboration/triage-58b782e101aa-realistic.spec.ts	/Users/danluu/dev/fuzz/gutenberg-rtc-known-fixes-refresh-20260505/fuzz-handoff/distinct-manifest-20260505/likely-real-issues.jsonl
d465f26f6b79	http	cross_scope_move_duplicates_block_after_group_insert	/Users/danluu/dev/fuzz/gutenberg/artifacts/rtc-browser-fuzz/mixed-http-ws-supervised-20260502-0007/ws-gen-18-20260504T170250Z/.triage-watcher/signatures/d465f26f6b79/repros/realistic-d465f26f6b79.spec.ts	/Users/danluu/dev/fuzz/gutenberg-rtc-known-fixes-refresh-20260505/fuzz-handoff/distinct-manifest-20260505/likely-real-issues.jsonl
85a36d801db9	http	mergeYArrayLocalChanges-drops-stale-local-table-row-append-after-remote-divergence	/Users/danluu/dev/fuzz/gutenberg/test/e2e/specs/editor/collaboration/triage-85a36d801db9-realistic.spec.ts	/Users/danluu/dev/fuzz/gutenberg-rtc-known-fixes-refresh-20260505/fuzz-handoff/distinct-manifest-20260505/likely-real-issues.jsonl
ecae18a9f40b	websocket	RTC nested delete divergence after a converged move-into-group leaves a stale checkpoint paragraph on one collaborator	/Users/danluu/dev/fuzz/gutenberg/artifacts/rtc-browser-fuzz/mixed-http-ws-supervised-20260502-0007/ws-gen-13-20260502T225226Z/.triage-watcher/signatures/ecae18a9f40b/realistic-delete-after-move-into-group.spec.ts	/Users/danluu/dev/fuzz/gutenberg-rtc-known-fixes-refresh-20260505/fuzz-handoff/distinct-manifest-20260505/likely-real-issues.jsonl
2cc4a4a920f5	websocket	RTC save/REST divergence where the save response and CRDT meta advance but later persisted title/content reads stay stale	/Users/danluu/dev/fuzz/gutenberg/test/e2e/specs/editor/collaboration/websocket/triage-2cc4a4a920f5-realistic.spec.ts	/Users/danluu/dev/fuzz/gutenberg-rtc-known-fixes-refresh-20260505/fuzz-handoff/distinct-manifest-20260505/likely-real-issues.jsonl
cf62e53692ba	websocket	RTC title persistence gap on reload after move-block + edit-title	/Users/danluu/dev/fuzz/gutenberg/test/e2e/specs/editor/collaboration/websocket/collaboration-cf62e53692ba-realistic.spec.ts	/Users/danluu/dev/fuzz/gutenberg-rtc-known-fixes-refresh-20260505/fuzz-handoff/distinct-manifest-20260505/likely-real-issues.jsonl
a2e6705b1ea0	http	rtc_block_tree_collapse_after_delete_and_followup_persistence	/Users/danluu/dev/fuzz/gutenberg/test/e2e/specs/editor/collaboration/triage-a2e6705b1ea0-realistic.spec.ts	/Users/danluu/dev/fuzz/gutenberg-rtc-known-fixes-refresh-20260505/fuzz-handoff/distinct-manifest-20260505/likely-real-issues.jsonl
2f1615fef9d1	http	rtc_chained_top_level_reorder_drops_heading_and_duplicates_adjacent_paragraph	/Users/danluu/dev/fuzz/gutenberg/test/e2e/specs/editor/collaboration/triage-2f1615fef9d1-realistic.spec.ts	/Users/danluu/dev/fuzz/gutenberg-rtc-known-fixes-refresh-20260505/fuzz-handoff/distinct-manifest-20260505/likely-real-issues.jsonl
a88b8bf04f5f	websocket	rtc_checkpoint_body_reverts_to_prior_checkpoint_while_title_advances	/Users/danluu/dev/fuzz/gutenberg/test/e2e/specs/editor/collaboration/websocket/collaboration-triage-a88b8bf04f5f-realistic.spec.ts	/Users/danluu/dev/fuzz/gutenberg-rtc-known-fixes-refresh-20260505/fuzz-handoff/distinct-manifest-20260505/likely-real-issues.jsonl
e3ab170829f6	websocket	rtc_checkpoint_reload_followup_body_edit_desync	/Users/danluu/dev/fuzz/gutenberg/test/e2e/specs/editor/collaboration/websocket/triage-e86f08576521-realistic.spec.ts	/Users/danluu/dev/fuzz/gutenberg-rtc-known-fixes-refresh-20260505/fuzz-handoff/distinct-manifest-20260505/likely-real-issues.jsonl
c07bdb1e2373	http	rtc_checkpoint_reload_heading_insert_duplicates_baseline_suffix	/Users/danluu/dev/fuzz/gutenberg/test/e2e/specs/editor/collaboration/triage-c07bdb1e2373-realistic.spec.ts	/Users/danluu/dev/fuzz/gutenberg-rtc-known-fixes-refresh-20260505/fuzz-handoff/distinct-manifest-20260505/likely-real-issues.jsonl
baa3b9ef6312	websocket	rtc_checkpoint_reload_trailing_table_delete_lost	/Users/danluu/dev/fuzz/gutenberg/artifacts/rtc-browser-fuzz/mixed-http-ws-supervised-20260502-0007/ws-gen-12-20260502T091028Z/.triage-watcher/signatures/baa3b9ef6312/realistic-table-delete-after-checkpoint.spec.ts	/Users/danluu/dev/fuzz/gutenberg-rtc-known-fixes-refresh-20260505/fuzz-handoff/distinct-manifest-20260505/likely-real-issues.jsonl
e1b81f6e98b9	http	rtc_checkpoint_save_oscillates_between_corrupted_title_and_empty_content_after_reload	/Users/danluu/dev/fuzz/gutenberg/test/e2e/specs/editor/collaboration/triage-952a4411c155-realistic.spec.ts	/Users/danluu/dev/fuzz/gutenberg-rtc-known-fixes-refresh-20260505/fuzz-handoff/distinct-manifest-20260505/likely-real-issues.jsonl
549d46417342	http	rtc_checkpoint_save_reload_partial_serialized_body_behind_visible_block_tree	/Users/danluu/dev/fuzz/gutenberg/test/e2e/specs/editor/collaboration/triage-a2e6705b1ea0-realistic.spec.ts	/Users/danluu/dev/fuzz/gutenberg-rtc-known-fixes-refresh-20260505/fuzz-handoff/distinct-manifest-20260505/likely-real-issues.jsonl
9f310b30e0b7	http	rtc_checkpoint_save_reload_persisted_markup_corruption	/Users/danluu/dev/fuzz/gutenberg/test/e2e/specs/editor/collaboration/triage-1d593405f298-realistic.spec.ts	/Users/danluu/dev/fuzz/gutenberg-rtc-known-fixes-refresh-20260505/fuzz-handoff/distinct-manifest-20260505/likely-real-issues.jsonl
7d6faa1f8935	http	rtc_checkpoint_save_stale_full_record_clobbers_fields	/Users/danluu/dev/fuzz/gutenberg/test/e2e/specs/editor/collaboration/triage-f9012fe22f5d-realistic.spec.ts	/Users/danluu/dev/fuzz/gutenberg-rtc-known-fixes-refresh-20260505/fuzz-handoff/distinct-manifest-20260505/likely-real-issues.jsonl
6e3ddc0030a8	http	rtc_checkpoint_second_save_content_collapse_after_reload	/Users/danluu/dev/fuzz/gutenberg/test/e2e/specs/editor/collaboration/triage-15322705b364-realistic.spec.ts	/Users/danluu/dev/fuzz/gutenberg-rtc-known-fixes-refresh-20260505/fuzz-handoff/distinct-manifest-20260505/likely-real-issues.jsonl
9a90b69f2672	websocket	rtc_collab_heading_group_tree_corruption_after_move_into_group_then_top_level_move	/Users/danluu/dev/fuzz/gutenberg/test/e2e/specs/editor/collaboration/triage-5d01e9eb73c9-realistic.spec.ts	/Users/danluu/dev/fuzz/gutenberg-rtc-known-fixes-refresh-20260505/fuzz-handoff/distinct-manifest-20260505/likely-real-issues.jsonl
f1637972ea57	http	rtc_collaboration_delete_then_move_heading_order_split	/Users/danluu/dev/fuzz/gutenberg/test/e2e/specs/editor/collaboration/triage-f1637972ea57-realistic.spec.ts	/Users/danluu/dev/fuzz/gutenberg-rtc-known-fixes-refresh-20260505/fuzz-handoff/distinct-manifest-20260505/likely-real-issues.jsonl
b60eecd4ac03	http	rtc_collaboration_malformed_heading_transiently_saves_empty_post_then_rolls_back	/Users/danluu/dev/fuzz/gutenberg/test/e2e/specs/editor/collaboration/triage-b60eecd4ac03-realistic.spec.ts	/Users/danluu/dev/fuzz/gutenberg-rtc-known-fixes-refresh-20260505/fuzz-handoff/distinct-manifest-20260505/likely-real-issues.jsonl
04ac84e75930	websocket	rtc_collaboration_top_level_move_reload_reconciliation_divergence_with_mixed_group_list_content	/Users/danluu/dev/fuzz/gutenberg/test/e2e/specs/editor/collaboration/websocket/collaboration-triage-04ac84e75930-realistic.spec.ts	/Users/danluu/dev/fuzz/gutenberg-rtc-known-fixes-refresh-20260505/fuzz-handoff/distinct-manifest-20260505/likely-real-issues.jsonl
213a2b68b661	http	rtc_collaboration_transient_empty_body_on_reload	/Users/danluu/dev/fuzz/gutenberg/test/e2e/specs/editor/collaboration/triage-b89fb1e674e8-realistic.spec.ts	/Users/danluu/dev/fuzz/gutenberg-rtc-known-fixes-refresh-20260505/fuzz-handoff/distinct-manifest-20260505/likely-real-issues.jsonl
ab1b60fc6f4a	websocket	rtc_concurrent_append_after_checkpoint_interleaves_text	/Users/danluu/dev/fuzz/gutenberg/test/e2e/specs/editor/collaboration/triage-ab1b60fc6f4a-realistic.spec.ts	/Users/danluu/dev/fuzz/gutenberg-rtc-known-fixes-refresh-20260505/fuzz-handoff/distinct-manifest-20260505/likely-real-issues.jsonl
5fe795b32c10	websocket	rtc_concurrent_tail_insert_corrupts_or_diverges_top_level_paragraphs	/Users/danluu/dev/fuzz/gutenberg/test/e2e/specs/editor/collaboration/websocket/triage-5fe795b32c10-add-after-realistic.spec.ts	/Users/danluu/dev/fuzz/gutenberg-rtc-known-fixes-refresh-20260505/fuzz-handoff/distinct-manifest-20260505/likely-real-issues.jsonl
222f6c558dee	http	rtc_crdt_merge_reorder_after_fallback_group_insert_duplicates_heading_and_drops_paragraph	/Users/danluu/dev/fuzz/gutenberg/artifacts/rtc-browser-fuzz/mixed-http-ws-supervised-20260502-0007/ws-gen-13-20260502T225226Z/.triage-watcher/signatures/222f6c558dee/realistic-repro.spec.ts	/Users/danluu/dev/fuzz/gutenberg-rtc-known-fixes-refresh-20260505/fuzz-handoff/distinct-manifest-20260505/likely-real-issues.jsonl
4492f7048c22	websocket	rtc_crdt_move_after_fallback_group_insert_duplicates_baseline_and_drops_shared_paragraph	/Users/danluu/dev/fuzz/gutenberg/test/e2e/specs/editor/collaboration/websocket/collaboration-triage-4492f7048c22-realistic.spec.ts	/Users/danluu/dev/fuzz/gutenberg-rtc-known-fixes-refresh-20260505/fuzz-handoff/distinct-manifest-20260505/likely-real-issues.jsonl
30316f449e06	websocket	rtc_crdt_top_level_search_move_after_checkpoint_churn_duplicates_multibyte_heading	/Users/danluu/dev/fuzz/gutenberg/test/e2e/specs/editor/collaboration/triage-30316f449e06-realistic.spec.ts	/Users/danluu/dev/fuzz/gutenberg-rtc-known-fixes-refresh-20260505/fuzz-handoff/distinct-manifest-20260505/likely-real-issues.jsonl
a48cbaacb3c8	websocket	rtc_delete_nested_after_converged_move_into_group_leaves_stale_moved_paragraph	/Users/danluu/dev/fuzz/gutenberg/artifacts/rtc-browser-fuzz/mixed-http-ws-supervised-20260502-0007/ws-gen-13-20260502T225226Z/.triage-watcher/signatures/a48cbaacb3c8/realistic-delete-after-move.spec.ts	/Users/danluu/dev/fuzz/gutenberg-rtc-known-fixes-refresh-20260505/fuzz-handoff/distinct-manifest-20260505/likely-real-issues.jsonl
ae9a3cdc8424	http	rtc_delete_propagation_loss_due_to_stale_local_block_cache	/Users/danluu/dev/fuzz/gutenberg/artifacts/rtc-browser-fuzz/mixed-http-ws-supervised-20260502-0007/ws-gen-12-20260502T091028Z/.triage-watcher/signatures/ae9a3cdc8424/realistic-heading-delete-after-checkpoint.spec.ts	/Users/danluu/dev/fuzz/gutenberg-rtc-known-fixes-refresh-20260505/fuzz-handoff/distinct-manifest-20260505/likely-real-issues.jsonl
08d6f3fb22ac	http	rtc_distinct_user_reload_title_divergence	/Users/danluu/dev/fuzz/gutenberg/test/e2e/specs/editor/collaboration/triage-4ba23abee72f-realistic.spec.ts	/Users/danluu/dev/fuzz/gutenberg-rtc-known-fixes-refresh-20260505/fuzz-handoff/distinct-manifest-20260505/likely-real-issues.jsonl
712b98ba96ff	http	rtc_formatted_richtext_programmatic_update_diverges_to_trailing_gt_after_recovery	/Users/danluu/dev/fuzz/gutenberg/artifacts/rtc-browser-fuzz/mixed-http-ws-supervised-20260502-0007/http-gen-2-20260502T071408Z/.triage-watcher/signatures/712b98ba96ff/repro/formatted-richtext-natural-repro.spec.ts	/Users/danluu/dev/fuzz/gutenberg-rtc-known-fixes-refresh-20260505/fuzz-handoff/distinct-manifest-20260505/likely-real-issues.jsonl
0c33bad2fdd0	http	rtc_heading_insert_position_diverges_across_collaborators	/Users/danluu/dev/fuzz/gutenberg/test/e2e/specs/editor/collaboration/triage-0c33bad2fdd0-realistic.spec.ts	/Users/danluu/dev/fuzz/gutenberg-rtc-known-fixes-refresh-20260505/fuzz-handoff/distinct-manifest-20260505/likely-real-issues.jsonl
fc99825fb6c2	http	rtc_http_polling_sync_server_oom_blocks_mutual_discovery	/Users/danluu/dev/fuzz/gutenberg/test/e2e/specs/editor/collaboration/triage-fc99825fb6c2-realistic.spec.js	/Users/danluu/dev/fuzz/gutenberg-rtc-known-fixes-refresh-20260505/fuzz-handoff/distinct-manifest-20260505/likely-real-issues.jsonl
e2ce526255c8	http	rtc_http_reload_title_only_divergence	/Users/danluu/dev/fuzz/gutenberg/test/e2e/specs/editor/collaboration/triage-4ba23abee72f-realistic.spec.ts	/Users/danluu/dev/fuzz/gutenberg-rtc-known-fixes-refresh-20260505/fuzz-handoff/distinct-manifest-20260505/likely-real-issues.jsonl
007e79caf228	websocket	rtc_insert_before_then_delete_original_first_paragraph_not_propagated	/Users/danluu/dev/fuzz/gutenberg/test/e2e/specs/editor/collaboration/websocket/triage-007e79caf228-realistic.spec.ts	/Users/danluu/dev/fuzz/gutenberg-rtc-known-fixes-refresh-20260505/fuzz-handoff/distinct-manifest-20260505/likely-real-issues.jsonl
7b809e0f5ed7	websocket	rtc_local_add_before_then_delete_original_paragraph_not_propagated	/Users/danluu/dev/fuzz/gutenberg/test/e2e/specs/editor/collaboration/websocket/triage-e76dcda2cf8a-realistic.spec.ts	/Users/danluu/dev/fuzz/gutenberg-rtc-known-fixes-refresh-20260505/fuzz-handoff/distinct-manifest-20260505/likely-real-issues.jsonl
9edcec098762	http	rtc_move_after_save_checkpoint_cross_block_attribute_smear	/Users/danluu/dev/fuzz/gutenberg/test/e2e/specs/editor/collaboration/triage-64edf2f8cbab-realistic.spec.ts	/Users/danluu/dev/fuzz/gutenberg-rtc-known-fixes-refresh-20260505/fuzz-handoff/distinct-manifest-20260505/likely-real-issues.jsonl
ed6758c9a8fd	websocket	rtc_move_into_group_heading_misparented_subtree	/Users/danluu/dev/fuzz/gutenberg/test/e2e/specs/editor/collaboration/websocket/collaboration-triage-ed6758c9a8fd-realistic.spec.ts	/Users/danluu/dev/fuzz/gutenberg-rtc-known-fixes-refresh-20260505/fuzz-handoff/distinct-manifest-20260505/likely-real-issues.jsonl
6702c6f22cac	websocket	rtc_move_into_group_reparent_leaves_stale_top_level_table_duplicate	/Users/danluu/dev/fuzz/gutenberg/artifacts/rtc-browser-fuzz/mixed-http-ws-supervised-20260502-0007/ws-gen-12-20260502T091028Z/.triage-watcher/signatures/6702c6f22cac/realistic-table-into-group.spec.ts	/Users/danluu/dev/fuzz/gutenberg-rtc-known-fixes-refresh-20260505/fuzz-handoff/distinct-manifest-20260505/likely-real-issues.jsonl
dd8bd32535fe	websocket	rtc_move_into_group_stale_source_heading	/Users/danluu/dev/fuzz/gutenberg/test/e2e/specs/editor/collaboration/triage-dd8bd32535fe-realistic.spec.ts	/Users/danluu/dev/fuzz/gutenberg-rtc-known-fixes-refresh-20260505/fuzz-handoff/distinct-manifest-20260505/likely-real-issues.jsonl
119ba10cc277	http	rtc_move_reconciliation_duplicates_remote_paragraph	/Users/danluu/dev/fuzz/gutenberg/artifacts/rtc-browser-fuzz/mixed-http-ws-supervised-20260502-0007/ws-gen-12-20260502T091028Z/.triage-watcher/signatures/119ba10cc277/realistic-repro.spec.ts	/Users/danluu/dev/fuzz/gutenberg-rtc-known-fixes-refresh-20260505/fuzz-handoff/distinct-manifest-20260505/likely-real-issues.jsonl
0524a603bf29	http	rtc_opening_fresh_collab_post_can_persist_foreign_stale_state	/Users/danluu/dev/fuzz/gutenberg/artifacts/rtc-browser-fuzz/mixed-http-ws-supervised-20260502-0007/ws-gen-12-20260502T091028Z/.triage-watcher/signatures/0524a603bf29/repro-realistic.spec.ts	/Users/danluu/dev/fuzz/gutenberg-rtc-known-fixes-refresh-20260505/fuzz-handoff/distinct-manifest-20260505/likely-real-issues.jsonl
1d593405f298	http	rtc_persisted_crdt_doc_ping_pong_save_loop	/Users/danluu/dev/fuzz/gutenberg/test/e2e/specs/editor/collaboration/triage-1d593405f298-realistic.spec.ts	/Users/danluu/dev/fuzz/gutenberg-rtc-known-fixes-refresh-20260505/fuzz-handoff/distinct-manifest-20260505/likely-real-issues.jsonl
8603b500fd0c	http	rtc_pullquote_drag_into_group_leaves_stale_top_level_duplicate	/Users/danluu/dev/fuzz/gutenberg/test/e2e/specs/editor/collaboration/triage-8603b500fd0c-realistic.spec.ts	/Users/danluu/dev/fuzz/gutenberg-rtc-known-fixes-refresh-20260505/fuzz-handoff/distinct-manifest-20260505/likely-real-issues.jsonl
06ad9594b636	http	rtc_quote_move_group_to_quote_absorption	/Users/danluu/dev/fuzz/gutenberg/artifacts/rtc-browser-fuzz/mixed-http-ws-supervised-20260502-0007/ws-gen-12-20260502T091028Z/.triage-watcher/signatures/06ad9594b636/repros/triage-06ad9594b636-realistic.spec.ts	/Users/danluu/dev/fuzz/gutenberg-rtc-known-fixes-refresh-20260505/fuzz-handoff/distinct-manifest-20260505/likely-real-issues.jsonl
9b8e54918df2	http	rtc_recent_remote_insert_deleted_by_peer_is_reinserted_from_stale_local_snapshot	/Users/danluu/dev/fuzz/gutenberg/artifacts/rtc-browser-fuzz/mixed-http-ws-supervised-20260502-0007/ws-gen-12-20260502T091028Z/.triage-watcher/signatures/9b8e54918df2/triage-9b8e54918df2-realistic.spec.ts	/Users/danluu/dev/fuzz/gutenberg-rtc-known-fixes-refresh-20260505/fuzz-handoff/distinct-manifest-20260505/likely-real-issues.jsonl
59ce833d5884	http	rtc_reload_reconciliation_persists_stale_or_empty_post_state	/Users/danluu/dev/fuzz/gutenberg/test/e2e/specs/editor/collaboration/triage-4ba23abee72f-realistic.spec.ts	/Users/danluu/dev/fuzz/gutenberg-rtc-known-fixes-refresh-20260505/fuzz-handoff/distinct-manifest-20260505/likely-real-issues.jsonl
4dbfc625566b	websocket	rtc_remote_delete_after_paragraph_and_heading_insert_leaves_primary_stale	/Users/danluu/dev/fuzz/gutenberg/test/e2e/specs/editor/collaboration/websocket/triage-4dbfc625566b-realistic.spec.ts	/Users/danluu/dev/fuzz/gutenberg-rtc-known-fixes-refresh-20260505/fuzz-handoff/distinct-manifest-20260505/likely-real-issues.jsonl
cfc514d1e7f6	websocket	rtc_remote_delete_of_original_second_paragraph_after_move_under_sync_recovery	/Users/danluu/dev/fuzz/gutenberg/test/e2e/specs/editor/collaboration/websocket/triage-cfc514d1e7f6-realistic.spec.ts	/Users/danluu/dev/fuzz/gutenberg-rtc-known-fixes-refresh-20260505/fuzz-handoff/distinct-manifest-20260505/likely-real-issues.jsonl
53698ca4ec37	websocket	rtc_remote_top_level_move_stale_reconciliation_duplicate_heading_dropped_paragraph	/Users/danluu/dev/fuzz/gutenberg/test/e2e/specs/editor/collaboration/websocket/collaboration-53698ca4ec37-realistic.spec.ts	/Users/danluu/dev/fuzz/gutenberg-rtc-known-fixes-refresh-20260505/fuzz-handoff/distinct-manifest-20260505/likely-real-issues.jsonl
98e7f896ffb0	websocket	rtc_remote_top_level_table_delete_reintroduced_after_remote_insert	/Users/danluu/dev/fuzz/gutenberg/test/e2e/specs/editor/collaboration/websocket/collaboration-triage-98e7f896ffb0-realistic.spec.ts	/Users/danluu/dev/fuzz/gutenberg-rtc-known-fixes-refresh-20260505/fuzz-handoff/distinct-manifest-20260505/likely-real-issues.jsonl
4776bffd5407	websocket	rtc_save_response_clears_crdt_document_while_title_and_content_survive	/Users/danluu/dev/fuzz/gutenberg/artifacts/rtc-browser-fuzz/mixed-http-ws-supervised-20260502-0007/ws-gen-14-20260502T225744Z/.triage-watcher/signatures/4776bffd5407/realistic-crdt-empty-probe.spec.ts	/Users/danluu/dev/fuzz/gutenberg-rtc-known-fixes-refresh-20260505/fuzz-handoff/distinct-manifest-20260505/likely-real-issues.jsonl
c7a887ede5f0	http	rtc_search_checkpoint_block_dropped_and_adjacent_table_duplicated_after_reload_fault	/Users/danluu/dev/fuzz/gutenberg/test/e2e/specs/editor/collaboration/triage-c7a887ede5f0-realistic.spec.ts	/Users/danluu/dev/fuzz/gutenberg-rtc-known-fixes-refresh-20260505/fuzz-handoff/distinct-manifest-20260505/likely-real-issues.jsonl
a35026ecc6ae	websocket	rtc_stale_local_group_move_then_remote_formatted_paragraph_delete	/Users/danluu/dev/fuzz/gutenberg/test/e2e/specs/editor/collaboration/websocket/collaboration-triage-a35026ecc6ae-realistic.spec.ts	/Users/danluu/dev/fuzz/gutenberg-rtc-known-fixes-refresh-20260505/fuzz-handoff/distinct-manifest-20260505/likely-real-issues.jsonl
84c9beee6288	websocket	rtc_stale_local_reconciliation_preserves_deleted_remote_top_level_insert	/Users/danluu/dev/fuzz/gutenberg/test/e2e/specs/editor/collaboration/websocket/triage-31ae5f481d4c-realistic.spec.ts	/Users/danluu/dev/fuzz/gutenberg-rtc-known-fixes-refresh-20260505/fuzz-handoff/distinct-manifest-20260505/likely-real-issues.jsonl
e52fa38cd263	websocket	rtc_stale_local_top_level_move_duplicates_paragraph_after_remote_inserts	/Users/danluu/dev/fuzz/gutenberg/artifacts/rtc-browser-fuzz/mixed-http-ws-supervised-20260502-0007/ws-gen-14-20260502T225744Z/.triage-watcher/signatures/e52fa38cd263/realistic-e52fa38cd263.spec.ts	/Users/danluu/dev/fuzz/gutenberg-rtc-known-fixes-refresh-20260505/fuzz-handoff/distinct-manifest-20260505/likely-real-issues.jsonl
d9b18e772b71	websocket	rtc_stale_previous_local_blocks_group_move_content_smear	/Users/danluu/dev/fuzz/gutenberg/artifacts/rtc-browser-fuzz/mixed-http-ws-supervised-20260502-0007/ws-gen-13-20260502T225226Z/.triage-watcher/signatures/d9b18e772b71/realistic-repro.spec.ts	/Users/danluu/dev/fuzz/gutenberg-rtc-known-fixes-refresh-20260505/fuzz-handoff/distinct-manifest-20260505/likely-real-issues.jsonl
d1df9521f0ab	http	rtc_stale_snapshot_block_merge_corrupts_search_paragraph_pair_after_move	/Users/danluu/dev/fuzz/gutenberg/test/e2e/specs/editor/collaboration/triage-ea7be85af4b5-realistic.spec.ts	/Users/danluu/dev/fuzz/gutenberg-rtc-known-fixes-refresh-20260505/fuzz-handoff/distinct-manifest-20260505/likely-real-issues.jsonl
ec09ca4e7437	websocket	rtc_stale_snapshot_top_level_reorder_hybrid_adjacent_group_pullquote_corruption	/Users/danluu/dev/fuzz/gutenberg/test/e2e/specs/editor/collaboration/triage-ec09ca4e7437-realistic.spec.ts	/Users/danluu/dev/fuzz/gutenberg-rtc-known-fixes-refresh-20260505/fuzz-handoff/distinct-manifest-20260505/likely-real-issues.jsonl
7143a7ab3462	http	rtc_supported_programmatic_paragraph_update_drop_after_group_insert	/Users/danluu/dev/fuzz/gutenberg/artifacts/rtc-browser-fuzz/mixed-http-ws-supervised-20260502-0007/ws-gen-14-20260502T225744Z/.triage-watcher/signatures/7143a7ab3462/repros/repro-7143a7ab3462.spec.ts	/Users/danluu/dev/fuzz/gutenberg-rtc-known-fixes-refresh-20260505/fuzz-handoff/distinct-manifest-20260505/likely-real-issues.jsonl
4af28404874c	http	rtc_sync_http_polling_oom_due_to_oversized_shared_rooms	/Users/danluu/dev/fuzz/gutenberg/test/e2e/specs/editor/collaboration/collaboration-stress.spec.ts	/Users/danluu/dev/fuzz/gutenberg-rtc-known-fixes-refresh-20260505/fuzz-handoff/distinct-manifest-20260505/likely-real-issues.jsonl
929934d4a4b6	websocket	rtc_table_array_edit_then_top_level_group_delete_diverges	/Users/danluu/dev/fuzz/gutenberg/test/e2e/specs/editor/collaboration/websocket/collaboration-triage-929934d4a4b6-realistic.spec.ts	/Users/danluu/dev/fuzz/gutenberg-rtc-known-fixes-refresh-20260505/fuzz-handoff/distinct-manifest-20260505/likely-real-issues.jsonl
9000e0395bb1	websocket	rtc_table_prepend_after_remote_cell_edit_truncates_trailing_row	/Users/danluu/dev/fuzz/gutenberg/test/e2e/specs/editor/collaboration/websocket/triage-9000e0395bb1-realistic.spec.ts	/Users/danluu/dev/fuzz/gutenberg-rtc-known-fixes-refresh-20260505/fuzz-handoff/distinct-manifest-20260505/likely-real-issues.jsonl
fd4ecd64ab6e	websocket	rtc_table_remote_prepend_stale_local_edit_of_prepended_row_truncates_tail	/Users/danluu/dev/fuzz/gutenberg/test/e2e/specs/editor/collaboration/websocket/triage-fd4ecd64ab6e-realistic.spec.ts	/Users/danluu/dev/fuzz/gutenberg-rtc-known-fixes-refresh-20260505/fuzz-handoff/distinct-manifest-20260505/likely-real-issues.jsonl
4fd77a5be5ae	http	rtc_title_reload_divergence_with_stale_persisted_title	/Users/danluu/dev/fuzz/gutenberg/test/e2e/specs/editor/collaboration/triage-4ba23abee72f-realistic.spec.ts	/Users/danluu/dev/fuzz/gutenberg-rtc-known-fixes-refresh-20260505/fuzz-handoff/distinct-manifest-20260505/likely-real-issues.jsonl
00ff770eeb4a	websocket	rtc_title_sync_merge_corruption	/Users/danluu/dev/fuzz/gutenberg/test/e2e/specs/editor/collaboration/websocket/triage-00ff770eeb4a-realistic.spec.ts	/Users/danluu/dev/fuzz/gutenberg-rtc-known-fixes-refresh-20260505/fuzz-handoff/distinct-manifest-20260505/likely-real-issues.jsonl
07f8eb5c4218	http	rtc_top_level_block_move_duplicates_paragraph_and_drops_sibling_after_collaborative_structural_edits	/Users/danluu/dev/fuzz/gutenberg/test/e2e/specs/editor/collaboration/triage-ec47d94c5251-realistic.spec.ts	/Users/danluu/dev/fuzz/gutenberg-rtc-known-fixes-refresh-20260505/fuzz-handoff/distinct-manifest-20260505/likely-real-issues.jsonl
307c654614e0	http	rtc_top_level_block_order_divergence_after_sequential_inserts	/Users/danluu/dev/fuzz/gutenberg/artifacts/rtc-browser-fuzz/mixed-http-ws-supervised-20260502-0007/ws-gen-18-20260504T170250Z/.triage-watcher/signatures/307c654614e0/triage-307c654614e0-realistic.spec.ts	/Users/danluu/dev/fuzz/gutenberg-rtc-known-fixes-refresh-20260505/fuzz-handoff/distinct-manifest-20260505/likely-real-issues.jsonl
062d1b861312	websocket	rtc_top_level_delete_then_reorder_then_reorder_duplicates_remote_paragraph	/Users/danluu/dev/fuzz/gutenberg/artifacts/rtc-browser-fuzz/mixed-http-ws-supervised-20260502-0007/ws-gen-15-20260503T125422Z/.triage-watcher/signatures/062d1b861312/triage-062d1b861312-realistic.spec.ts	/Users/danluu/dev/fuzz/gutenberg-rtc-known-fixes-refresh-20260505/fuzz-handoff/distinct-manifest-20260505/likely-real-issues.jsonl
22b58ebf28c7	websocket	rtc_top_level_group_delete_diverges_after_collaborator_insert	/Users/danluu/dev/fuzz/gutenberg/test/e2e/specs/editor/collaboration/websocket/collaboration-triage-22b58ebf28c7-realistic.spec.ts	/Users/danluu/dev/fuzz/gutenberg-rtc-known-fixes-refresh-20260505/fuzz-handoff/distinct-manifest-20260505/likely-real-issues.jsonl
7998ba6d900b	http	rtc_top_level_group_insert_order_divergence	/Users/danluu/dev/fuzz/gutenberg/artifacts/rtc-browser-fuzz/mixed-http-ws-supervised-20260502-0007/ws-gen-13-20260502T225226Z/.triage-watcher/signatures/7998ba6d900b/realistic-group-order-probe.spec.ts	/Users/danluu/dev/fuzz/gutenberg-rtc-known-fixes-refresh-20260505/fuzz-handoff/distinct-manifest-20260505/likely-real-issues.jsonl
ed4e7b0d24e7	websocket	rtc_top_level_move_after_reload_and_pullquote_duplicates_adjacent_paragraph	/Users/danluu/dev/fuzz/gutenberg/test/e2e/specs/editor/collaboration/triage-ed4e7b0d24e7-realistic.spec.ts	/Users/danluu/dev/fuzz/gutenberg-rtc-known-fixes-refresh-20260505/fuzz-handoff/distinct-manifest-20260505/likely-real-issues.jsonl
d35fb4f769f7	websocket	rtc_top_level_move_after_remote_group_insert_smears_table_attributes_onto_paragraph	/Users/danluu/dev/fuzz/gutenberg/test/e2e/specs/editor/collaboration/triage-d35fb4f769f7-realistic.spec.ts	/Users/danluu/dev/fuzz/gutenberg-rtc-known-fixes-refresh-20260505/fuzz-handoff/distinct-manifest-20260505/likely-real-issues.jsonl
da9e95b74781	websocket	rtc_top_level_move_duplicates_block_and_drops_sibling	/Users/danluu/dev/fuzz/gutenberg/test/e2e/specs/editor/collaboration/triage-62fcdcbdd427-realistic.spec.ts	/Users/danluu/dev/fuzz/gutenberg-rtc-known-fixes-refresh-20260505/fuzz-handoff/distinct-manifest-20260505/likely-real-issues.jsonl
82ddc9be3dc6	http	rtc_top_level_move_duplicates_heading_and_drops_paragraph	/Users/danluu/dev/fuzz/gutenberg/artifacts/rtc-browser-fuzz/mixed-http-ws-supervised-20260502-0007/ws-gen-14-20260502T225744Z/.triage-watcher/signatures/82ddc9be3dc6/repros/realistic-82ddc9be3dc6.spec.ts	/Users/danluu/dev/fuzz/gutenberg-rtc-known-fixes-refresh-20260505/fuzz-handoff/distinct-manifest-20260505/likely-real-issues.jsonl
82c5ac8c27b9	http	rtc_top_level_move_duplicates_inserted_heading_and_drops_moved_paragraph	/Users/danluu/dev/fuzz/gutenberg/test/e2e/specs/editor/collaboration/triage-ec47d94c5251-realistic.spec.ts	/Users/danluu/dev/fuzz/gutenberg-rtc-known-fixes-refresh-20260505/fuzz-handoff/distinct-manifest-20260505/likely-real-issues.jsonl
5ee0be2f9b7d	http	rtc_top_level_move_reconciliation_duplicates_adjacent_paragraph_and_drops_moved_paragraph_after_structural_edits	/Users/danluu/dev/fuzz/gutenberg/test/e2e/specs/editor/collaboration/triage-ec47d94c5251-realistic.spec.ts	/Users/danluu/dev/fuzz/gutenberg-rtc-known-fixes-refresh-20260505/fuzz-handoff/distinct-manifest-20260505/likely-real-issues.jsonl
48e8cc0cda16	http	rtc_top_level_move_reconciliation_duplicates_one_concurrent_paragraph_and_drops_sibling	/Users/danluu/dev/fuzz/gutenberg/artifacts/rtc-browser-fuzz/mixed-http-ws-supervised-20260502-0007/ws-gen-12-20260502T091028Z/.triage-watcher/signatures/48e8cc0cda16/repros/realistic-move-after-concurrent-paragraphs.spec.ts	/Users/danluu/dev/fuzz/gutenberg-rtc-known-fixes-refresh-20260505/fuzz-handoff/distinct-manifest-20260505/likely-real-issues.jsonl
c71d49e9ecf9	http	rtc_top_level_move_reconciliation_leaves_peer_on_pre_move_order_after_remote_structural_edits	/Users/danluu/dev/fuzz/gutenberg/test/e2e/specs/editor/collaboration/triage-ec47d94c5251-realistic.spec.ts	/Users/danluu/dev/fuzz/gutenberg-rtc-known-fixes-refresh-20260505/fuzz-handoff/distinct-manifest-20260505/likely-real-issues.jsonl
66edd42bfa52	http	rtc_top_level_move_reconciliation_preserves_inserted_block_and_drops_moved_sibling	/Users/danluu/dev/fuzz/gutenberg/test/e2e/specs/editor/collaboration/triage-ec47d94c5251-realistic.spec.ts	/Users/danluu/dev/fuzz/gutenberg-rtc-known-fixes-refresh-20260505/fuzz-handoff/distinct-manifest-20260505/likely-real-issues.jsonl
a55350721046	http	rtc_top_level_move_reconciliation_preserves_inserted_heading_and_drops_moved_sibling_after_checkpoint_churn	/Users/danluu/dev/fuzz/gutenberg/test/e2e/specs/editor/collaboration/triage-ec47d94c5251-realistic.spec.ts	/Users/danluu/dev/fuzz/gutenberg-rtc-known-fixes-refresh-20260505/fuzz-handoff/distinct-manifest-20260505/likely-real-issues.jsonl
f71f8a233356	http	rtc_top_level_move_reconciliation_reuses_wrong_yblock_and_leaks_stale_attrs_innerblocks	/Users/danluu/dev/fuzz/gutenberg/artifacts/rtc-browser-fuzz/mixed-http-ws-supervised-20260502-0007/ws-gen-12-20260502T091028Z/.triage-watcher/signatures/f71f8a233356/repro-f71f8a233356-realistic.spec.ts	/Users/danluu/dev/fuzz/gutenberg-rtc-known-fixes-refresh-20260505/fuzz-handoff/distinct-manifest-20260505/likely-real-issues.jsonl
41a3318628fe	http	rtc_top_level_order_divergence_after_group_insert	/Users/danluu/dev/fuzz/gutenberg/test/e2e/specs/editor/collaboration/triage-41a3318628fe-realistic.spec.ts	/Users/danluu/dev/fuzz/gutenberg-rtc-known-fixes-refresh-20260505/fuzz-handoff/distinct-manifest-20260505/likely-real-issues.jsonl
ec47d94c5251	http	rtc_top_level_paragraph_move_duplicates_and_drops_sibling_after_delete_plus_add_before	/Users/danluu/dev/fuzz/gutenberg/test/e2e/specs/editor/collaboration/triage-ec47d94c5251-realistic.spec.ts	/Users/danluu/dev/fuzz/gutenberg-rtc-known-fixes-refresh-20260505/fuzz-handoff/distinct-manifest-20260505/likely-real-issues.jsonl
da361be57ba6	websocket	rtc_top_level_shared_paragraph_delete_lost_after_prior_delete_and_table_insert	/Users/danluu/dev/fuzz/gutenberg/test/e2e/specs/editor/collaboration/websocket/triage-da361be57ba6-realistic.spec.ts	/Users/danluu/dev/fuzz/gutenberg-rtc-known-fixes-refresh-20260505/fuzz-handoff/distinct-manifest-20260505/likely-real-issues.jsonl
ecd3f7f7d760	websocket	rtc_websocket_empty_table_insert_then_delete_earlier_paragraph_leaks_deleted_paragraph	/Users/danluu/dev/fuzz/gutenberg/test/e2e/specs/editor/collaboration/websocket/triage-ecd3f7f7d760-realistic.spec.ts	/Users/danluu/dev/fuzz/gutenberg-rtc-known-fixes-refresh-20260505/fuzz-handoff/distinct-manifest-20260505/likely-real-issues.jsonl
cda9feafe80e	websocket	rtc_ws_adjacent_top_level_move_order_split	/Users/danluu/dev/fuzz/gutenberg/artifacts/rtc-browser-fuzz/mixed-http-ws-supervised-20260502-0007/ws-gen-13-20260502T225226Z/.triage-watcher/signatures/cda9feafe80e/realistic-repro.spec.ts	/Users/danluu/dev/fuzz/gutenberg-rtc-known-fixes-refresh-20260505/fuzz-handoff/distinct-manifest-20260505/likely-real-issues.jsonl
228eba775c28	websocket	rtc_ws_append_then_remote_delete_desync_after_programmatic_block_ops	/Users/danluu/dev/fuzz/gutenberg/test/e2e/specs/editor/collaboration/websocket/collaboration-triage-228eba775c28-realistic.spec.ts	/Users/danluu/dev/fuzz/gutenberg-rtc-known-fixes-refresh-20260505/fuzz-handoff/distinct-manifest-20260505/likely-real-issues.jsonl
41c14cfb3bc3	websocket	rtc_ws_checkpoint_reload_corrupts_title_and_persisted_block_markup	/Users/danluu/dev/fuzz/gutenberg/test/e2e/specs/editor/collaboration/triage-41c14cfb3bc3-realistic.spec.ts	/Users/danluu/dev/fuzz/gutenberg-rtc-known-fixes-refresh-20260505/fuzz-handoff/distinct-manifest-20260505/likely-real-issues.jsonl
a0555cca5e5d	websocket	rtc_ws_checkpoint_reload_then_later_append_resurrects_stale_top_level_subtree	/Users/danluu/dev/fuzz/gutenberg/test/e2e/specs/editor/collaboration/triage-a0555cca5e5d-realistic.spec.ts	/Users/danluu/dev/fuzz/gutenberg-rtc-known-fixes-refresh-20260505/fuzz-handoff/distinct-manifest-20260505/likely-real-issues.jsonl
c00f0d531042	websocket	rtc_ws_checkpoint_save_persists_empty_or_flattened_canonical_content_after_reload	/Users/danluu/dev/fuzz/gutenberg/test/e2e/specs/editor/collaboration/triage-9b9e7ccf5599-realistic.spec.ts	/Users/danluu/dev/fuzz/gutenberg-rtc-known-fixes-refresh-20260505/fuzz-handoff/distinct-manifest-20260505/likely-real-issues.jsonl
0d27c057d6ea	websocket	rtc_ws_checkpoint_search_move_duplicates_search_and_drops_inserted_heading	/Users/danluu/dev/fuzz/gutenberg/test/e2e/specs/editor/collaboration/websocket/collaboration-triage-0d27c057d6ea-realistic.spec.ts	/Users/danluu/dev/fuzz/gutenberg-rtc-known-fixes-refresh-20260505/fuzz-handoff/distinct-manifest-20260505/likely-real-issues.jsonl
7647898476fc	websocket	rtc_ws_checkpoint_search_move_duplicates_search_and_drops_intervening_paragraph	/Users/danluu/dev/fuzz/gutenberg/artifacts/rtc-browser-fuzz/mixed-http-ws-supervised-20260502-0007/ws-gen-13-20260502T225226Z/.triage-watcher/signatures/7647898476fc/realistic-search-move.spec.ts	/Users/danluu/dev/fuzz/gutenberg-rtc-known-fixes-refresh-20260505/fuzz-handoff/distinct-manifest-20260505/likely-real-issues.jsonl
fa80f806cfc1	websocket	rtc_ws_collaborator_reload_stale_persisted_content_and_crdt	/Users/danluu/dev/fuzz/gutenberg/test/e2e/specs/editor/collaboration/websocket/collaboration-fa80f806cfc1-realistic.spec.ts	/Users/danluu/dev/fuzz/gutenberg-rtc-known-fixes-refresh-20260505/fuzz-handoff/distinct-manifest-20260505/likely-real-issues.jsonl
aee89c6ef556	websocket	rtc_ws_concurrent_paragraph_insert_corruption_before_reload	/Users/danluu/dev/fuzz/gutenberg/test/e2e/specs/editor/collaboration/websocket/collaboration-triage-aee89c6ef556-realistic.spec.ts	/Users/danluu/dev/fuzz/gutenberg-rtc-known-fixes-refresh-20260505/fuzz-handoff/distinct-manifest-20260505/likely-real-issues.jsonl
8ab2174870df	websocket	rtc_ws_concurrent_top_level_paragraph_insert_divergence	/Users/danluu/dev/fuzz/gutenberg/test/e2e/specs/editor/collaboration/websocket/collaboration-triage-8ab2174870df-realistic.spec.ts	/Users/danluu/dev/fuzz/gutenberg-rtc-known-fixes-refresh-20260505/fuzz-handoff/distinct-manifest-20260505/likely-real-issues.jsonl
a58adfbbd531	websocket	rtc_ws_delete_of_just_appended_top_level_paragraph_does_not_propagate_after_prior_structural_convergence	/Users/danluu/dev/fuzz/gutenberg/artifacts/rtc-browser-fuzz/mixed-http-ws-supervised-20260502-0007/ws-gen-13-20260502T225226Z/.triage-watcher/signatures/a58adfbbd531/realistic-repro.spec.ts	/Users/danluu/dev/fuzz/gutenberg-rtc-known-fixes-refresh-20260505/fuzz-handoff/distinct-manifest-20260505/likely-real-issues.jsonl
1761db98813c	websocket	rtc_ws_delete_then_adjacent_move_top_level_order_split	/Users/danluu/dev/fuzz/gutenberg/artifacts/rtc-browser-fuzz/mixed-http-ws-supervised-20260502-0007/ws-gen-17-20260504T165737Z/.triage-watcher/signatures/1761db98813c/repros/realistic-delete-move-order.spec.ts	/Users/danluu/dev/fuzz/gutenberg-rtc-known-fixes-refresh-20260505/fuzz-handoff/distinct-manifest-20260505/likely-real-issues.jsonl
e2446c196e23	websocket	rtc_ws_move_into_group_after_reload_hangs_other_collaborator	/Users/danluu/dev/fuzz/gutenberg/test/e2e/specs/editor/collaboration/triage-e2446c196e23-realistic.spec.ts	/Users/danluu/dev/fuzz/gutenberg-rtc-known-fixes-refresh-20260505/fuzz-handoff/distinct-manifest-20260505/likely-real-issues.jsonl
74369be1e6ba	websocket	rtc_ws_move_into_group_leaves_stale_top_level_paragraph_on_one_peer	/Users/danluu/dev/fuzz/gutenberg/artifacts/rtc-browser-fuzz/mixed-http-ws-supervised-20260502-0007/ws-gen-13-20260502T225226Z/.triage-watcher/signatures/74369be1e6ba/repros/realistic-stale-top-level-paragraph.spec.ts	/Users/danluu/dev/fuzz/gutenberg-rtc-known-fixes-refresh-20260505/fuzz-handoff/distinct-manifest-20260505/likely-real-issues.jsonl
1b8d9dade86d	websocket	rtc_ws_paragraph_update_lost_on_peer_after_reload	/Users/danluu/dev/fuzz/gutenberg/test/e2e/specs/editor/collaboration/websocket/collaboration-triage-1b8d9dade86d-realistic.spec.ts	/Users/danluu/dev/fuzz/gutenberg-rtc-known-fixes-refresh-20260505/fuzz-handoff/distinct-manifest-20260505/likely-real-issues.jsonl
15df6c950a26	websocket	rtc_ws_post_checkpoint_concurrent_tail_append_drops_one_remote_paragraph	/Users/danluu/dev/fuzz/gutenberg/test/e2e/specs/editor/collaboration/triage-15df6c950a26-realistic.spec.ts	/Users/danluu/dev/fuzz/gutenberg-rtc-known-fixes-refresh-20260505/fuzz-handoff/distinct-manifest-20260505/likely-real-issues.jsonl
dad5f11586ad	websocket	rtc_ws_programmatic_formatted_insert_then_top_level_move_leaves_one_peer_on_old_order	/Users/danluu/dev/fuzz/gutenberg/test/e2e/specs/editor/collaboration/triage-dad5f11586ad-realistic.spec.ts	/Users/danluu/dev/fuzz/gutenberg-rtc-known-fixes-refresh-20260505/fuzz-handoff/distinct-manifest-20260505/likely-real-issues.jsonl
87101fb17dd3	websocket	rtc_ws_quote_move_into_group_reparents_group_children_under_heading	/Users/danluu/dev/fuzz/gutenberg/test/e2e/specs/editor/collaboration/triage-87101fb17dd3-realistic.spec.ts	/Users/danluu/dev/fuzz/gutenberg-rtc-known-fixes-refresh-20260505/fuzz-handoff/distinct-manifest-20260505/likely-real-issues.jsonl
06970bc4f230	websocket	rtc_ws_recent_top_level_append_delete_lost_delete	/Users/danluu/dev/fuzz/gutenberg/test/e2e/specs/editor/collaboration/websocket/collaboration-triage-228eba775c28-realistic.spec.ts	/Users/danluu/dev/fuzz/gutenberg-rtc-known-fixes-refresh-20260505/fuzz-handoff/distinct-manifest-20260505/likely-real-issues.jsonl
de1eca8cefcd	websocket	rtc_ws_remote_delete_of_empty_top_level_group_leaves_stale_group_after_nested_cleanup	/Users/danluu/dev/fuzz/gutenberg/artifacts/rtc-browser-fuzz/mixed-http-ws-supervised-20260502-0007/ws-gen-13-20260502T225226Z/.triage-watcher/signatures/de1eca8cefcd/realistic-empty-group-delete.spec.ts	/Users/danluu/dev/fuzz/gutenberg-rtc-known-fixes-refresh-20260505/fuzz-handoff/distinct-manifest-20260505/likely-real-issues.jsonl
c1c8ee8f4449	websocket	rtc_ws_remote_heading_insert_then_local_move_duplicates_trailing_paragraph	/Users/danluu/dev/fuzz/gutenberg/test/e2e/specs/editor/collaboration/websocket/collaboration-triage-c1c8ee8f4449-realistic.spec.ts	/Users/danluu/dev/fuzz/gutenberg-rtc-known-fixes-refresh-20260505/fuzz-handoff/distinct-manifest-20260505/likely-real-issues.jsonl
f1f427a47ebb	websocket	rtc_ws_save_persists_stale_post_content_with_advanced_crdt_document	/Users/danluu/dev/fuzz/gutenberg/artifacts/rtc-browser-fuzz/mixed-http-ws-supervised-20260502-0007/ws-gen-13-20260502T225226Z/.triage-watcher/signatures/f1f427a47ebb/realistic-repro.spec.ts	/Users/danluu/dev/fuzz/gutenberg-rtc-known-fixes-refresh-20260505/fuzz-handoff/distinct-manifest-20260505/likely-real-issues.jsonl
d853dbb76bf7	websocket	rtc_ws_save_reverts_post_title_and_content_to_stale_snapshot_while_crdt_document_advances	/Users/danluu/dev/fuzz/gutenberg/artifacts/rtc-browser-fuzz/mixed-http-ws-supervised-20260502-0007/ws-gen-13-20260502T225226Z/.triage-watcher/signatures/d853dbb76bf7/realistic-repro.spec.ts	/Users/danluu/dev/fuzz/gutenberg-rtc-known-fixes-refresh-20260505/fuzz-handoff/distinct-manifest-20260505/likely-real-issues.jsonl
926a40bf71d0	websocket	rtc_ws_search_block_absorbs_group_children_after_remote_move_into_group	/Users/danluu/dev/fuzz/gutenberg/test/e2e/specs/editor/collaboration/triage-926a40bf71d0-realistic.spec.ts	/Users/danluu/dev/fuzz/gutenberg-rtc-known-fixes-refresh-20260505/fuzz-handoff/distinct-manifest-20260505/likely-real-issues.jsonl
917b18171038	websocket	rtc_ws_search_checkpoint_smear_after_reload_move_into_group_then_move	/Users/danluu/dev/fuzz/gutenberg/test/e2e/specs/editor/collaboration/triage-814b5e3b7b80-realistic.spec.ts	/Users/danluu/dev/fuzz/gutenberg-rtc-known-fixes-refresh-20260505/fuzz-handoff/distinct-manifest-20260505/likely-real-issues.jsonl
d39229e2059a	websocket	rtc_ws_search_replaced_by_duplicate_table_after_pullquote_move_into_group	/Users/danluu/dev/fuzz/gutenberg/artifacts/rtc-browser-fuzz/mixed-http-ws-supervised-20260502-0007/ws-gen-13-20260502T225226Z/.triage-watcher/signatures/d39229e2059a/realistic-pullquote-into-group-table-dup.spec.ts	/Users/danluu/dev/fuzz/gutenberg-rtc-known-fixes-refresh-20260505/fuzz-handoff/distinct-manifest-20260505/likely-real-issues.jsonl
61f5c082d358	websocket	rtc_ws_stale_previous_local_move_group_search_paragraph_smear	/Users/danluu/dev/fuzz/gutenberg/test/e2e/specs/editor/collaboration/websocket/collaboration-triage-61f5c082d358-realistic.spec.ts	/Users/danluu/dev/fuzz/gutenberg-rtc-known-fixes-refresh-20260505/fuzz-handoff/distinct-manifest-20260505/likely-real-issues.jsonl
ab4a89947ac3	websocket	rtc_ws_stale_snapshot_quote_move_smears_quote_into_adjacent_paragraph	/Users/danluu/dev/fuzz/gutenberg/artifacts/rtc-browser-fuzz/mixed-http-ws-supervised-20260502-0007/ws-gen-13-20260502T225226Z/.triage-watcher/signatures/ab4a89947ac3/repros/realistic-quote-move-after-remote-delete.spec.ts	/Users/danluu/dev/fuzz/gutenberg-rtc-known-fixes-refresh-20260505/fuzz-handoff/distinct-manifest-20260505/likely-real-issues.jsonl
7b3744b0dc4c	websocket	rtc_ws_table_block_insert_lost_after_reload	/Users/danluu/dev/fuzz/gutenberg/test/e2e/specs/editor/collaboration/triage-7b3744b0dc4c-realistic.spec.ts	/Users/danluu/dev/fuzz/gutenberg-rtc-known-fixes-refresh-20260505/fuzz-handoff/distinct-manifest-20260505/likely-real-issues.jsonl
6588affd5149	websocket	rtc_ws_top_level_group_insert_anchor_misplacement	/Users/danluu/dev/fuzz/gutenberg/test/e2e/specs/editor/collaboration/websocket/collaboration-6588affd5149-realistic.spec.ts	/Users/danluu/dev/fuzz/gutenberg-rtc-known-fixes-refresh-20260505/fuzz-handoff/distinct-manifest-20260505/likely-real-issues.jsonl
f659a4bd72c9	websocket	rtc_ws_top_level_group_move_duplicates_moved_group_and_drops_sibling	/Users/danluu/dev/fuzz/gutenberg/test/e2e/specs/editor/collaboration/triage-f659a4bd72c9-realistic.spec.ts	/Users/danluu/dev/fuzz/gutenberg-rtc-known-fixes-refresh-20260505/fuzz-handoff/distinct-manifest-20260505/likely-real-issues.jsonl
55b54272df37	websocket	rtc_ws_top_level_move_after_save_checkpoint_smears_paragraph_into_empty_group	/Users/danluu/dev/fuzz/gutenberg/test/e2e/specs/editor/collaboration/triage-814b5e3b7b80-realistic.spec.ts	/Users/danluu/dev/fuzz/gutenberg-rtc-known-fixes-refresh-20260505/fuzz-handoff/distinct-manifest-20260505/likely-real-issues.jsonl
e76f422906d6	websocket	rtc_ws_top_level_move_drops_search_and_duplicates_moved_paragraph_after_checkpoint	/Users/danluu/dev/fuzz/gutenberg/test/e2e/specs/editor/collaboration/websocket/collaboration-e76f422906d6-realistic.spec.ts	/Users/danluu/dev/fuzz/gutenberg-rtc-known-fixes-refresh-20260505/fuzz-handoff/distinct-manifest-20260505/likely-real-issues.jsonl
891a5cde299d	websocket	rtc_ws_top_level_move_duplicates_tail_paragraph_and_drops_heading	/Users/danluu/dev/fuzz/gutenberg/test/e2e/specs/editor/collaboration/triage-891a5cde299d-realistic.spec.ts	/Users/danluu/dev/fuzz/gutenberg-rtc-known-fixes-refresh-20260505/fuzz-handoff/distinct-manifest-20260505/likely-real-issues.jsonl
a4dbbc0df63f	websocket	rtc_ws_top_level_move_order_divergence_after_delete	/Users/danluu/dev/fuzz/gutenberg/test/e2e/specs/editor/collaboration/websocket/collaboration-a4dbbc0df63f-realistic.spec.ts	/Users/danluu/dev/fuzz/gutenberg-rtc-known-fixes-refresh-20260505/fuzz-handoff/distinct-manifest-20260505/likely-real-issues.jsonl
810c2d35f443	websocket	rtc_ws_top_level_paragraph_insert_reconciliation_corruption	/Users/danluu/dev/fuzz/gutenberg/test/e2e/specs/editor/collaboration/websocket/collaboration-triage-810c2d35f443-family.spec.ts	/Users/danluu/dev/fuzz/gutenberg-rtc-known-fixes-refresh-20260505/fuzz-handoff/distinct-manifest-20260505/likely-real-issues.jsonl
f28395e2bbfa	http	rtc-collab stale top-level copy after root-to-group move	/Users/danluu/dev/fuzz/gutenberg/artifacts/rtc-browser-fuzz/mixed-http-ws-supervised-20260502-0007/ws-gen-15-20260503T125422Z/.triage-watcher/signatures/f28395e2bbfa/repros/realistic-shared-heading-into-group.spec.ts	/Users/danluu/dev/fuzz/gutenberg-rtc-known-fixes-refresh-20260505/fuzz-handoff/distinct-manifest-20260505/likely-real-issues.jsonl
b95607b694bc	http	rtc-collab top-level move divergence after transient sync-server failures	/Users/danluu/dev/fuzz/gutenberg/test/e2e/specs/editor/collaboration/triage-b95607b694bc-realistic.spec.ts	/Users/danluu/dev/fuzz/gutenberg-rtc-known-fixes-refresh-20260505/fuzz-handoff/distinct-manifest-20260505/likely-real-issues.jsonl
0f44e4d158a3	http	rtc-collaboration-live-state-corruption-after-save-reload-and-group-move	/Users/danluu/dev/fuzz/gutenberg/test/e2e/specs/editor/collaboration/triage-0f44e4d158a3-realistic.spec.ts	/Users/danluu/dev/fuzz/gutenberg-rtc-known-fixes-refresh-20260505/fuzz-handoff/distinct-manifest-20260505/likely-real-issues.jsonl
7eb444df9516	websocket	rtc-crdt-top-level-reorder-creates-ghost-group-with-paragraph-content	/Users/danluu/dev/fuzz/gutenberg/test/e2e/specs/editor/collaboration/websocket/collaboration-triage-7eb444df9516-realistic.spec.ts	/Users/danluu/dev/fuzz/gutenberg-rtc-known-fixes-refresh-20260505/fuzz-handoff/distinct-manifest-20260505/likely-real-issues.jsonl
4b50d5ef2b68	websocket	rtc-delete-not-propagated-after-saved-remote-insert	/Users/danluu/dev/fuzz/gutenberg/test/e2e/specs/editor/collaboration/websocket/triage-4b50d5ef2b68-realistic.spec.ts	/Users/danluu/dev/fuzz/gutenberg-rtc-known-fixes-refresh-20260505/fuzz-handoff/distinct-manifest-20260505/likely-real-issues.jsonl
1ff6022506e5	websocket	rtc-revisions-ui-loses-slider-after-collaboration-churn	/Users/danluu/dev/fuzz/gutenberg/artifacts/rtc-browser-fuzz/mixed-http-ws-supervised-20260502-0007/ws-gen-6-20260502T074648Z/.triage-watcher/signatures/1ff6022506e5/realistic-repro.spec.ts	/Users/danluu/dev/fuzz/gutenberg-rtc-known-fixes-refresh-20260505/fuzz-handoff/distinct-manifest-20260505/likely-real-issues.jsonl
6f589c89600c	http	rtc-safe-sync-title-lost-after-reload	/Users/danluu/dev/fuzz/gutenberg/test/e2e/specs/editor/collaboration/collaboration-same-user-title-loss.spec.ts	/Users/danluu/dev/fuzz/gutenberg-rtc-known-fixes-refresh-20260505/fuzz-handoff/distinct-manifest-20260505/likely-real-issues.jsonl
47950776c34e	http	rtc-save-reconciliation-empty-block-tree-on-entity-stress-content	/Users/danluu/dev/fuzz/gutenberg/artifacts/rtc-browser-fuzz/mixed-http-ws-supervised-20260502-0007/ws-gen-3-20260502T070839Z/.triage-watcher/signatures/47950776c34e/repro-same-user-entity-save.spec.js	/Users/danluu/dev/fuzz/gutenberg-rtc-known-fixes-refresh-20260505/fuzz-handoff/distinct-manifest-20260505/likely-real-issues.jsonl
48a5d9feeb2e	http	rtc-stale-reparent-duplicates-moved-block	/Users/danluu/dev/fuzz/gutenberg/artifacts/rtc-browser-fuzz/mixed-http-ws-supervised-20260502-0007/ws-gen-12-20260502T091028Z/.triage-watcher/signatures/48a5d9feeb2e/repros/realistic-repro.spec.ts	/Users/danluu/dev/fuzz/gutenberg-rtc-known-fixes-refresh-20260505/fuzz-handoff/distinct-manifest-20260505/likely-real-issues.jsonl
fa621013afa9	websocket	rtc-websocket top-level insert-after-delete ordering divergence	/Users/danluu/dev/fuzz/gutenberg/test/e2e/specs/editor/collaboration/websocket/collaboration-fa621013afa9-realistic.spec.ts	/Users/danluu/dev/fuzz/gutenberg-rtc-known-fixes-refresh-20260505/fuzz-handoff/distinct-manifest-20260505/likely-real-issues.jsonl
f6220aeaa5bb	websocket	rtc-websocket-top-level-order-divergence-after-delete-then-add-after-heading	/Users/danluu/dev/fuzz/gutenberg/test/e2e/specs/editor/collaboration/websocket/collaboration-triage-f6220aeaa5bb-realistic.spec.ts	/Users/danluu/dev/fuzz/gutenberg-rtc-known-fixes-refresh-20260505/fuzz-handoff/distinct-manifest-20260505/likely-real-issues.jsonl
9da30a09de57	http	saved-checkpoint-paragraph-delete-diverges-after-save	/Users/danluu/dev/fuzz/gutenberg/artifacts/rtc-browser-fuzz/mixed-http-ws-supervised-20260502-0007/ws-gen-15-20260503T125422Z/.triage-watcher/signatures/9da30a09de57/repros/realistic-checkpoint-delete-after-save.spec.ts	/Users/danluu/dev/fuzz/gutenberg-rtc-known-fixes-refresh-20260505/fuzz-handoff/distinct-manifest-20260505/likely-real-issues.jsonl
7eff71786d0e	http	stale-local table-body row append after remote divergence drops the appended row	/Users/danluu/dev/fuzz/gutenberg/test/e2e/specs/editor/collaboration/triage-7eff71786d0e-realistic.spec.ts	/Users/danluu/dev/fuzz/gutenberg-rtc-known-fixes-refresh-20260505/fuzz-handoff/distinct-manifest-20260505/likely-real-issues.jsonl
4366dfe8d4e3	http	table-adjacent top-level move merge corruption in crdt-blocks	/Users/danluu/dev/fuzz/gutenberg/test/e2e/specs/editor/collaboration/triage-4366dfe8d4e3-realistic.spec.ts	/Users/danluu/dev/fuzz/gutenberg-rtc-known-fixes-refresh-20260505/fuzz-handoff/distinct-manifest-20260505/likely-real-issues.jsonl
80149cccbb77	http	top-level stale-local reconciliation cancels a later local delete of a remotely inserted block	/Users/danluu/dev/fuzz/gutenberg/test/e2e/specs/editor/collaboration/triage-80149cccbb77-realistic.spec.ts	/Users/danluu/dev/fuzz/gutenberg-rtc-known-fixes-refresh-20260505/fuzz-handoff/distinct-manifest-20260505/likely-real-issues.jsonl
6ad730e2c7ab	http	rtc_title_only_divergence_after_reload_with_identical_blocks_and_crdt	-	/Users/danluu/dev/fuzz/gutenberg-rtc-known-fixes-refresh-20260505/fuzz-handoff/distinct-manifest-20260505/likely-real-issues.jsonl
d29a07c4062e	http	rtc_entity_reference_normalization_divergence	-	/Users/danluu/dev/fuzz/gutenberg-rtc-known-fixes-refresh-20260505/fuzz-handoff/distinct-manifest-20260505/likely-real-issues.jsonl
0dda8fd1b523	http	rtc_reload_second_save_stuck_saving_loop	-	/Users/danluu/dev/fuzz/gutenberg-rtc-known-fixes-refresh-20260505/fuzz-handoff/distinct-manifest-20260505/likely-real-issues.jsonl
367a573b0d6d	http	rtc_block_move_corrupts_adjacent_paragraph_into_empty_group	-	/Users/danluu/dev/fuzz/gutenberg-rtc-known-fixes-refresh-20260505/fuzz-handoff/distinct-manifest-20260505/likely-real-issues.jsonl
fc154ebec48c	http	rtc_collaboration_block_tree_divergence_corrupts_heading_and_hangs_save	-	/Users/danluu/dev/fuzz/gutenberg-rtc-known-fixes-refresh-20260505/fuzz-handoff/distinct-manifest-20260505/likely-real-issues.jsonl
3400dc6eee99	http	rtc_crdt_top_level_reorder_after_nested_group_edit_grafts_inner_blocks_into_heading	-	/Users/danluu/dev/fuzz/gutenberg-rtc-known-fixes-refresh-20260505/fuzz-handoff/distinct-manifest-20260505/likely-real-issues.jsonl
6c8599c527a1	http	rtc_reload_reconnect_nonconvergence	-	/Users/danluu/dev/fuzz/gutenberg-rtc-known-fixes-refresh-20260505/fuzz-handoff/distinct-manifest-20260505/likely-real-issues.jsonl
ea14e6d2ab27	http	rtc_rich_text_formatted_paragraph_trailing_tag_corruption	-	/Users/danluu/dev/fuzz/gutenberg-rtc-known-fixes-refresh-20260505/fuzz-handoff/distinct-manifest-20260505/likely-real-issues.jsonl
52a5fdf88134	http	rtc_title_desync_after_reload_rejoin	/Users/danluu/dev/fuzz/gutenberg/test/e2e/specs/editor/collaboration/collaboration-triage-title-reload-repro.spec.ts	/Users/danluu/dev/fuzz/gutenberg-rtc-known-fixes-refresh-20260505/fuzz-handoff/distinct-manifest-20260505/likely-real-issues.jsonl
237f45f65c69	http	rtc_unsaved_title_regresses_after_peer_reload_when_unsaved_block_edits_exist	/Users/danluu/dev/fuzz/gutenberg/test/e2e/specs/editor/collaboration/collaboration-triage-realistic-unsaved-title-one-paragraph-reload.spec.ts	/Users/danluu/dev/fuzz/gutenberg-rtc-known-fixes-refresh-20260505/fuzz-handoff/distinct-manifest-20260505/likely-real-issues.jsonl
96d728530b28	websocket	rtc_ws_checkpoint_move_suffix_cross_block_attribute_smear	-	/Users/danluu/dev/fuzz/gutenberg-rtc-known-fixes-refresh-20260505/fuzz-handoff/distinct-manifest-20260505/likely-real-issues.jsonl
1a759f13d93a	http	rtc-empty-content-save-with-nonempty-blocks	-	/Users/danluu/dev/fuzz/gutenberg-rtc-known-fixes-refresh-20260505/fuzz-handoff/distinct-manifest-20260505/likely-real-issues.jsonl
a184dfcf0447	http	rtc-sync-storage-oom-causes-wp-sync-500-and-awareness-timeout	-	/Users/danluu/dev/fuzz/gutenberg-rtc-known-fixes-refresh-20260505/fuzz-handoff/distinct-manifest-20260505/likely-real-issues.jsonl
cb90ef38e6b1	http	wp_sync_collection_room_pruning_ignores_byte_cap_causing_updates_endpoint_oom	/Users/danluu/dev/fuzz/gutenberg/test/e2e/specs/editor/collaboration/triage-5920b4ba19f6-shared-env.spec.ts	/Users/danluu/dev/fuzz/gutenberg-rtc-known-fixes-refresh-20260505/fuzz-handoff/distinct-manifest-20260505/likely-real-issues.jsonl
995d90d11c62	http	editor_html_entity_canonicalization_invalidates_blocks	-	/Users/danluu/dev/fuzz/gutenberg-rtc-known-fixes-refresh-20260505/fuzz-handoff/distinct-manifest-20260505/likely-real-issues.jsonl
9f9073bb5b34	http	http-polling RTC sync can OOM while JSON-encoding oversized persisted collection-room history	-	/Users/danluu/dev/fuzz/gutenberg-rtc-known-fixes-refresh-20260505/fuzz-handoff/distinct-manifest-20260505/likely-real-issues.jsonl
943c670fbf29	websocket	mergeYArrayLocalChanges-drops-existing-table-row-on-stale-local-prepend-after-remote-append	-	/Users/danluu/dev/fuzz/gutenberg-rtc-known-fixes-refresh-20260505/fuzz-handoff/distinct-manifest-20260505/likely-real-issues.jsonl
4e50f848ad91	http	RTC HTTP polling intermittently returns real `rest_no_route` 404s from `/wp-sync/v1/updates`, leading to disconnect/backoff and convergence failure	-	/Users/danluu/dev/fuzz/gutenberg-rtc-known-fixes-refresh-20260505/fuzz-handoff/distinct-manifest-20260505/likely-real-issues.jsonl
2e0b53b3f746	http	rtc_anchor_block_serialization_corruption_breaks_revision_restore	-	/Users/danluu/dev/fuzz/gutenberg-rtc-known-fixes-refresh-20260505/fuzz-handoff/distinct-manifest-20260505/likely-real-issues.jsonl
f8a927efad8c	websocket	rtc_collab_top_level_table_insert_lost_after_checkpoint_reload	/Users/danluu/dev/fuzz/gutenberg/test/e2e/specs/editor/collaboration/websocket/collaboration-f8a927efad8c-realistic.spec.ts	/Users/danluu/dev/fuzz/gutenberg-rtc-known-fixes-refresh-20260505/fuzz-handoff/distinct-manifest-20260505/likely-real-issues.jsonl
6b4ae1624fa5	http	rtc_collaboration_code_editor_freeform_insert_not_synced	-	/Users/danluu/dev/fuzz/gutenberg-rtc-known-fixes-refresh-20260505/fuzz-handoff/distinct-manifest-20260505/likely-real-issues.jsonl
dba7b52d0bc6	http	rtc_collaboration_delete_desync_after_concurrent_appends	-	/Users/danluu/dev/fuzz/gutenberg-rtc-known-fixes-refresh-20260505/fuzz-handoff/distinct-manifest-20260505/likely-real-issues.jsonl
314c76bcc019	http	rtc_collaboration_explicit_save_does_not_persist_live_editor_state	-	/Users/danluu/dev/fuzz/gutenberg-rtc-known-fixes-refresh-20260505/fuzz-handoff/distinct-manifest-20260505/likely-real-issues.jsonl
08ea0d5ac77d	http	rtc_collaboration_reload_title_divergence_after_retriable_sync_fault	-	/Users/danluu/dev/fuzz/gutenberg-rtc-known-fixes-refresh-20260505/fuzz-handoff/distinct-manifest-20260505/likely-real-issues.jsonl
ba7fe0fd5418	http	rtc_collaboration_reload_unsaved_richtext_split_brain	-	/Users/danluu/dev/fuzz/gutenberg-rtc-known-fixes-refresh-20260505/fuzz-handoff/distinct-manifest-20260505/likely-real-issues.jsonl
d49c30442f02	http	rtc_collaboration_stale_local_autosave_after_remote_save_reload	-	/Users/danluu/dev/fuzz/gutenberg-rtc-known-fixes-refresh-20260505/fuzz-handoff/distinct-manifest-20260505/likely-real-issues.jsonl
627bd1cfa5aa	http	rtc_concurrent_paragraph_save_reload_corruption_empty_block_list	-	/Users/danluu/dev/fuzz/gutenberg-rtc-known-fixes-refresh-20260505/fuzz-handoff/distinct-manifest-20260505/likely-real-issues.jsonl
afd389d7f139	http	rtc_corrupts_serialized_block_markup_then_save_loops	-	/Users/danluu/dev/fuzz/gutenberg-rtc-known-fixes-refresh-20260505/fuzz-handoff/distinct-manifest-20260505/likely-real-issues.jsonl
f37e2f2e8cc7	http	rtc_delete_after_fallback_group_insert_leaves_remote_peer_with_extra_top_level_paragraph	-	/Users/danluu/dev/fuzz/gutenberg-rtc-known-fixes-refresh-20260505/fuzz-handoff/distinct-manifest-20260505/likely-real-issues.jsonl
55b8fc0c524e	http	rtc_delete_of_saved_checkpoint_paragraph_can_preserve_stale_checkpoint_content_and_duplicate_original_prefix	-	/Users/danluu/dev/fuzz/gutenberg-rtc-known-fixes-refresh-20260505/fuzz-handoff/distinct-manifest-20260505/likely-real-issues.jsonl
7c77d01b8fd9	websocket	rtc_delete_propagation_after_recent_table_insert_retains_deleted_paragraph	-	/Users/danluu/dev/fuzz/gutenberg-rtc-known-fixes-refresh-20260505/fuzz-handoff/distinct-manifest-20260505/likely-real-issues.jsonl
433277f2564f	http	rtc_empty_body_content_loss_after_save_reload	-	/Users/danluu/dev/fuzz/gutenberg-rtc-known-fixes-refresh-20260505/fuzz-handoff/distinct-manifest-20260505/likely-real-issues.jsonl
7412772663d0	http	rtc_fallback_group_then_top_level_move_duplicates_original_heading_and_drops_adjacent_sibling	-	/Users/danluu/dev/fuzz/gutenberg-rtc-known-fixes-refresh-20260505/fuzz-handoff/distinct-manifest-20260505/likely-real-issues.jsonl
4b0768058d04	http	rtc_heading_grafts_group_children_after_top_level_move	-	/Users/danluu/dev/fuzz/gutenberg-rtc-known-fixes-refresh-20260505/fuzz-handoff/distinct-manifest-20260505/likely-real-issues.jsonl
f5738470d026	http	rtc_http_followup_block_update_uploaded_but_not_applied_to_peer	-	/Users/danluu/dev/fuzz/gutenberg-rtc-known-fixes-refresh-20260505/fuzz-handoff/distinct-manifest-20260505/likely-real-issues.jsonl
086d32948ef9	http	rtc_http_polling_collection_room_memory_oom	/Users/danluu/dev/fuzz/gutenberg/test/e2e/specs/editor/collaboration/triage-5920b4ba19f6-shared-env.spec.ts	/Users/danluu/dev/fuzz/gutenberg-rtc-known-fixes-refresh-20260505/fuzz-handoff/distinct-manifest-20260505/likely-real-issues.jsonl
8608ca47b8f1	http	rtc_http_polling_room_history_oom	-	/Users/danluu/dev/fuzz/gutenberg-rtc-known-fixes-refresh-20260505/fuzz-handoff/distinct-manifest-20260505/likely-real-issues.jsonl
27ce00663138	http	rtc_http_polling_sync_oom_on_oversized_collection_room_history	-	/Users/danluu/dev/fuzz/gutenberg-rtc-known-fixes-refresh-20260505/fuzz-handoff/distinct-manifest-20260505/likely-real-issues.jsonl
ae54303d0034	http	rtc_mixed_block_move_attribute_bleed	-	/Users/danluu/dev/fuzz/gutenberg-rtc-known-fixes-refresh-20260505/fuzz-handoff/distinct-manifest-20260505/likely-real-issues.jsonl
df385f7115a9	http	rtc_move_block_divergence_with_lost_and_duplicated_paragraph_after_checkpoint	-	/Users/danluu/dev/fuzz/gutenberg-rtc-known-fixes-refresh-20260505/fuzz-handoff/distinct-manifest-20260505/likely-real-issues.jsonl
146da7cb412c	websocket	rtc_move_into_group_diverges_after_transient_sync_failure	/Users/danluu/dev/fuzz/gutenberg/test/e2e/specs/editor/collaboration/triage-146da7cb412c-realistic.spec.ts	/Users/danluu/dev/fuzz/gutenberg-rtc-known-fixes-refresh-20260505/fuzz-handoff/distinct-manifest-20260505/likely-real-issues.jsonl
bfba93ef2da8	http	rtc_paragraph_insert_move_nonconvergence_after_new_paragraph_reconciliation	-	/Users/danluu/dev/fuzz/gutenberg-rtc-known-fixes-refresh-20260505/fuzz-handoff/distinct-manifest-20260505/likely-real-issues.jsonl
fe67e654ee5e	http	rtc_persisted_crdt_document_save_loop_after_save	-	/Users/danluu/dev/fuzz/gutenberg-rtc-known-fixes-refresh-20260505/fuzz-handoff/distinct-manifest-20260505/likely-real-issues.jsonl
f1fac222a71c	websocket	rtc_post_content_loss_after_reload_and_save	test/e2e/specs/editor/collaboration/websocket/collaboration-triage-f1fac222a71c-second-checkpoint.spec.ts	/Users/danluu/dev/fuzz/gutenberg-rtc-known-fixes-refresh-20260505/fuzz-handoff/distinct-manifest-20260505/likely-real-issues.jsonl
3668f1418804	http	rtc_pullquote_move_causes_cross_peer_block_type_divergence	-	/Users/danluu/dev/fuzz/gutenberg-rtc-known-fixes-refresh-20260505/fuzz-handoff/distinct-manifest-20260505/likely-real-issues.jsonl
ee52ecf289cc	http	rtc_pullquote_move_into_group_leaves_stale_top_level_pullquote	-	/Users/danluu/dev/fuzz/gutenberg-rtc-known-fixes-refresh-20260505/fuzz-handoff/distinct-manifest-20260505/likely-real-issues.jsonl
e5516a565e9a	http	rtc_quote_retyped_as_paragraph_after_concurrent_insert_and_group_delete	-	/Users/danluu/dev/fuzz/gutenberg-rtc-known-fixes-refresh-20260505/fuzz-handoff/distinct-manifest-20260505/likely-real-issues.jsonl
aff318f5ca47	http	rtc_reload_local_autosave_unsaved_title_divergence	/Users/danluu/dev/fuzz/gutenberg/test/e2e/specs/editor/collaboration/triage-aff318f5ca47-autosave-realistic.spec.ts	/Users/danluu/dev/fuzz/gutenberg-rtc-known-fixes-refresh-20260505/fuzz-handoff/distinct-manifest-20260505/likely-real-issues.jsonl
2b3d4217160d	http	rtc_reload_post_lock_race	/Users/danluu/dev/fuzz/gutenberg/test/e2e/specs/editor/collaboration/collaboration-triage-reload-other-user.spec.ts	/Users/danluu/dev/fuzz/gutenberg-rtc-known-fixes-refresh-20260505/fuzz-handoff/distinct-manifest-20260505/likely-real-issues.jsonl
388717ee691c	http	rtc_reload_rehydrates_deleted_top_level_paragraph_as_duplicate_tail_after_move	-	/Users/danluu/dev/fuzz/gutenberg-rtc-known-fixes-refresh-20260505/fuzz-handoff/distinct-manifest-20260505/likely-real-issues.jsonl
07ca7eb98680	websocket	rtc_reload_title_divergence_with_local_autosave_rehydrate	-	/Users/danluu/dev/fuzz/gutenberg-rtc-known-fixes-refresh-20260505/fuzz-handoff/distinct-manifest-20260505/likely-real-issues.jsonl
f9b393af36c7	http	rtc_reload_title_only_divergence_after_programmatic_edit	-	/Users/danluu/dev/fuzz/gutenberg-rtc-known-fixes-refresh-20260505/fuzz-handoff/distinct-manifest-20260505/likely-real-issues.jsonl
93480ec985ff	http	rtc_remote_delete_of_original_top_level_paragraph_after_reload_move_and_structural_edits	-	/Users/danluu/dev/fuzz/gutenberg-rtc-known-fixes-refresh-20260505/fuzz-handoff/distinct-manifest-20260505/likely-real-issues.jsonl
e2cda5e9be0c	http	rtc_revision_restore_reload_stale_sync	-	/Users/danluu/dev/fuzz/gutenberg-rtc-known-fixes-refresh-20260505/fuzz-handoff/distinct-manifest-20260505/likely-real-issues.jsonl
c05661de30a8	http	rtc_revision_restore_resurrects_newer_body_after_old_revision_restore	-	/Users/danluu/dev/fuzz/gutenberg-rtc-known-fixes-refresh-20260505/fuzz-handoff/distinct-manifest-20260505/likely-real-issues.jsonl
22000f739b1c	http	rtc_save_live_editor_drops_saved_blocks_after_faulted_save	-	/Users/danluu/dev/fuzz/gutenberg-rtc-known-fixes-refresh-20260505/fuzz-handoff/distinct-manifest-20260505/likely-real-issues.jsonl
c321e2045324	http	rtc_save_reload_reconciliation_persists_corrupted_title_and_invalid_block_markup	-	/Users/danluu/dev/fuzz/gutenberg-rtc-known-fixes-refresh-20260505/fuzz-handoff/distinct-manifest-20260505/likely-real-issues.jsonl
399aa6d85fbc	http	rtc_save_serialization_collapses_to_plain_text_then_empty_after_pullquote_edit	-	/Users/danluu/dev/fuzz/gutenberg-rtc-known-fixes-refresh-20260505/fuzz-handoff/distinct-manifest-20260505/likely-real-issues.jsonl
cc9352f66288	http	rtc_save_stale_title_newer_body_double_put	-	/Users/danluu/dev/fuzz/gutenberg-rtc-known-fixes-refresh-20260505/fuzz-handoff/distinct-manifest-20260505/likely-real-issues.jsonl
8f9cb15db9a1	http	rtc_saved_search_absorbs_group_children_after_faulted_move_into_group	-	/Users/danluu/dev/fuzz/gutenberg-rtc-known-fixes-refresh-20260505/fuzz-handoff/distinct-manifest-20260505/likely-real-issues.jsonl
5cc76c9ea03d	http	rtc_saved_title_diverges_after_reload_under_fault_recovery	-	/Users/danluu/dev/fuzz/gutenberg-rtc-known-fixes-refresh-20260505/fuzz-handoff/distinct-manifest-20260505/likely-real-issues.jsonl
a91ac70bb0c3	http	rtc_stale_local_top_level_delete_preserves_remote_heading	-	/Users/danluu/dev/fuzz/gutenberg-rtc-known-fixes-refresh-20260505/fuzz-handoff/distinct-manifest-20260505/likely-real-issues.jsonl
ea13dfed79f8	http	rtc_table_body_row_loss_after_synthetic_array_update	-	/Users/danluu/dev/fuzz/gutenberg-rtc-known-fixes-refresh-20260505/fuzz-handoff/distinct-manifest-20260505/likely-real-issues.jsonl
dc4c01ff87b0	http	rtc_table_move_applies_at_wrong_top_level_index_on_peer	-	/Users/danluu/dev/fuzz/gutenberg-rtc-known-fixes-refresh-20260505/fuzz-handoff/distinct-manifest-20260505/likely-real-issues.jsonl
11ec0666ffd0	http	rtc_title_divergence_after_reload_with_unsaved_state_and_retriable_sync_fault	-	/Users/danluu/dev/fuzz/gutenberg-rtc-known-fixes-refresh-20260505/fuzz-handoff/distinct-manifest-20260505/likely-real-issues.jsonl
1b24fdf8c9df	http	rtc_title_only_divergence_after_reload_under_sync_faults	-	/Users/danluu/dev/fuzz/gutenberg-rtc-known-fixes-refresh-20260505/fuzz-handoff/distinct-manifest-20260505/likely-real-issues.jsonl
62e1523db3a4	http	rtc_title_persistence_diverges_after_reload	-	/Users/danluu/dev/fuzz/gutenberg-rtc-known-fixes-refresh-20260505/fuzz-handoff/distinct-manifest-20260505/likely-real-issues.jsonl
6ef790791634	http	rtc_title_reload_sync_divergence	-	/Users/danluu/dev/fuzz/gutenberg-rtc-known-fixes-refresh-20260505/fuzz-handoff/distinct-manifest-20260505/likely-real-issues.jsonl
1685b6c07c64	http	rtc_title_split_brain_after_retriable_sync_failure_and_reload	-	/Users/danluu/dev/fuzz/gutenberg-rtc-known-fixes-refresh-20260505/fuzz-handoff/distinct-manifest-20260505/likely-real-issues.jsonl
9cf81e169f7e	websocket	rtc_top_level_move_after_checkpoint_duplicates_heading_and_drops_checkpoint_paragraph	-	/Users/danluu/dev/fuzz/gutenberg-rtc-known-fixes-refresh-20260505/fuzz-handoff/distinct-manifest-20260505/likely-real-issues.jsonl
f35705ca7a25	http	rtc_top_level_move_reconciliation_duplicates_inserted_block_and_drops_moved_sibling	-	/Users/danluu/dev/fuzz/gutenberg-rtc-known-fixes-refresh-20260505/fuzz-handoff/distinct-manifest-20260505/likely-real-issues.jsonl
4e573e152bbc	http	rtc_top_level_pullquote_insert_rebases_to_document_start	-	/Users/danluu/dev/fuzz/gutenberg-rtc-known-fixes-refresh-20260505/fuzz-handoff/distinct-manifest-20260505/likely-real-issues.jsonl
ab2279b63818	websocket	rtc_websocket_rapid_move_after_top_level_insert_splits_order	-	/Users/danluu/dev/fuzz/gutenberg-rtc-known-fixes-refresh-20260505/fuzz-handoff/distinct-manifest-20260505/likely-real-issues.jsonl
5b05b2668f37	websocket	rtc_ws_checkpoint_move_suffix_table_duplicate_with_paragraph_content_smear	-	/Users/danluu/dev/fuzz/gutenberg-rtc-known-fixes-refresh-20260505/fuzz-handoff/distinct-manifest-20260505/likely-real-issues.jsonl
f757e64d6c68	websocket	rtc_ws_checkpointed_mixed_block_move_cross_type_attribute_grafting	-	/Users/danluu/dev/fuzz/gutenberg-rtc-known-fixes-refresh-20260505/fuzz-handoff/distinct-manifest-20260505/likely-real-issues.jsonl
1e119c9ca737	websocket	rtc_ws_disconnect_sequential_delete_reload_desync	-	/Users/danluu/dev/fuzz/gutenberg-rtc-known-fixes-refresh-20260505/fuzz-handoff/distinct-manifest-20260505/likely-real-issues.jsonl
6a0b3f788010	websocket	rtc_ws_post_save_concurrent_insert_duplicate_remote_paragraph_and_drop_checkpoint_search	-	/Users/danluu/dev/fuzz/gutenberg-rtc-known-fixes-refresh-20260505/fuzz-handoff/distinct-manifest-20260505/likely-real-issues.jsonl
a73ef852b497	websocket	rtc_ws_stale_snapshot_delete_then_move_pullquote_absorbs_list_and_smears_attrs	-	/Users/danluu/dev/fuzz/gutenberg-rtc-known-fixes-refresh-20260505/fuzz-handoff/distinct-manifest-20260505/likely-real-issues.jsonl
67a5c5c224e8	websocket	rtc_ws_table_body_prepend_lost_after_reload	-	/Users/danluu/dev/fuzz/gutenberg-rtc-known-fixes-refresh-20260505/fuzz-handoff/distinct-manifest-20260505/likely-real-issues.jsonl
836655577216	http	rtc-block-tree-corruption-list-move-group-reparsed-as-list	-	/Users/danluu/dev/fuzz/gutenberg-rtc-known-fixes-refresh-20260505/fuzz-handoff/distinct-manifest-20260505/likely-real-issues.jsonl
a0ecbec3653b	http	rtc-collaboration-title-stale-after-reload	/Users/danluu/dev/fuzz/gutenberg/test/e2e/specs/editor/collaboration/collaboration-triage-title-reload-repro.spec.ts	/Users/danluu/dev/fuzz/gutenberg-rtc-known-fixes-refresh-20260505/fuzz-handoff/distinct-manifest-20260505/likely-real-issues.jsonl
466c82405961	http	rtc-crdt-block-identity-bleed	-	/Users/danluu/dev/fuzz/gutenberg-rtc-known-fixes-refresh-20260505/fuzz-handoff/distinct-manifest-20260505/likely-real-issues.jsonl
b8ea96568388	http	rtc-http-polling-collection-room-response-oom	/Users/danluu/dev/fuzz/gutenberg/test/e2e/specs/editor/collaboration/triage-5920b4ba19f6-shared-env.spec.ts	/Users/danluu/dev/fuzz/gutenberg-rtc-known-fixes-refresh-20260505/fuzz-handoff/distinct-manifest-20260505/likely-real-issues.jsonl
fda8d2334e65	http	rtc-http-polling-delivered-peer-update-not-applied-after-checkpoint-reload	-	/Users/danluu/dev/fuzz/gutenberg-rtc-known-fixes-refresh-20260505/fuzz-handoff/distinct-manifest-20260505/likely-real-issues.jsonl
9075a20a8ae8	http	rtc-http-sync-oom-after-transient-sync-failure	-	/Users/danluu/dev/fuzz/gutenberg-rtc-known-fixes-refresh-20260505/fuzz-handoff/distinct-manifest-20260505/likely-real-issues.jsonl
bcc959491960	http	rtc-move-table-into-group-diverges-peers	-	/Users/danluu/dev/fuzz/gutenberg-rtc-known-fixes-refresh-20260505/fuzz-handoff/distinct-manifest-20260505/likely-real-issues.jsonl
6b048663ae78	http	rtc-rich-text-tail-corruption-under-save-refresh-sync-faults	-	/Users/danluu/dev/fuzz/gutenberg-rtc-known-fixes-refresh-20260505/fuzz-handoff/distinct-manifest-20260505/likely-real-issues.jsonl
6c82227f7fb8	websocket	rtc-sync-retry-move-block-duplicates-paragraph	/Users/danluu/dev/fuzz/gutenberg/test/e2e/specs/editor/collaboration/triage-6c82227f7fb8-realistic.spec.ts	/Users/danluu/dev/fuzz/gutenberg-rtc-known-fixes-refresh-20260505/fuzz-handoff/distinct-manifest-20260505/likely-real-issues.jsonl
0310b28ad2e9	http	rtc-title-diverges-after-reload-under-transient-sync-fault	-	/Users/danluu/dev/fuzz/gutenberg-rtc-known-fixes-refresh-20260505/fuzz-handoff/distinct-manifest-20260505/likely-real-issues.jsonl
570f3e80485e	http	rtc-transient-empty-editor-after-table-body-sync	-	/Users/danluu/dev/fuzz/gutenberg-rtc-known-fixes-refresh-20260505/fuzz-handoff/distinct-manifest-20260505/likely-real-issues.jsonl
747c653e7b3b	websocket	rtc-websocket convergence corruption with block-type and attribute leakage across participants	-	/Users/danluu/dev/fuzz/gutenberg-rtc-known-fixes-refresh-20260505/fuzz-handoff/distinct-manifest-20260505/likely-real-issues.jsonl
fa803fd65a91	websocket	stale_local_reorder_corrupts_top_level_block_identity_after_remote_reorder	/Users/danluu/dev/fuzz/gutenberg/test/e2e/specs/editor/collaboration/websocket/collaboration-triage-fa803fd65a91-realistic.spec.ts	/Users/danluu/dev/fuzz/gutenberg-rtc-known-fixes-refresh-20260505/fuzz-handoff/distinct-manifest-20260505/likely-real-issues.jsonl
59b7e7cdec39	http	stale-local structural table body merge after remote divergence	-	/Users/danluu/dev/fuzz/gutenberg-rtc-known-fixes-refresh-20260505/fuzz-handoff/distinct-manifest-20260505/likely-real-issues.jsonl
df5bcf8c758e	http	stale-local top-level remote-insert-then-delete preserves the deleted block on another peer	-	/Users/danluu/dev/fuzz/gutenberg-rtc-known-fixes-refresh-20260505/fuzz-handoff/distinct-manifest-20260505/likely-real-issues.jsonl
fe052bdae2c9	http	wp_sync_shared_room_oom	-	/Users/danluu/dev/fuzz/gutenberg-rtc-known-fixes-refresh-20260505/fuzz-handoff/distinct-manifest-20260505/likely-real-issues.jsonl
