00ff770eeb4a	passed-runnable	websocket	rtc_title_sync_merge_corruption	test/e2e/specs/editor/collaboration/websocket/triage-00ff770eeb4a-realistic.spec.ts	/Users/danluu/dev/fuzz/gutenberg-rtc-known-fixes-refresh-20260505-ws-0/fuzz-handoff/distinct-manifest-20260505/results-refresh-websocket-shard-0/results.jsonl
0310b28ad2e9	nonrunnable	http	rtc-title-diverges-after-reload-under-transient-sync-fault	-	artifacts/rtc-browser-fuzz/mixed-http-ws-supervised-20260502-0007/http-gen-7-20260502T225338Z/.triage-watcher/signatures/0310b28ad2e9/STATUS.md
04ac84e75930	passed-runnable	websocket	rtc_collaboration_top_level_move_reload_reconciliation_divergence_with_mixed_group_list_content	test/e2e/specs/editor/collaboration/websocket/collaboration-triage-04ac84e75930-realistic.spec.ts	/Users/danluu/dev/fuzz/gutenberg-rtc-known-fixes-refresh-20260505-ws-3/fuzz-handoff/distinct-manifest-20260505/results-refresh-websocket-shard-3/results.jsonl
0524a603bf29	passed-runnable	http	rtc_opening_fresh_collab_post_can_persist_foreign_stale_state	test/e2e/specs/editor/collaboration/manifest/0524a603bf29-rtc-opening-fresh-collab-post-can-persist-foreign-stale-state.spec.ts	/Users/danluu/dev/fuzz/gutenberg-rtc-known-fixes-refresh-20260505/fuzz-handoff/distinct-manifest-20260505/results-refresh-http-shard-0/results.jsonl
06ad9594b636	passed-runnable	http	rtc_quote_move_group_to_quote_absorption	test/e2e/specs/editor/collaboration/manifest/06ad9594b636-rtc-quote-move-group-to-quote-absorption.spec.ts	/Users/danluu/dev/fuzz/gutenberg-rtc-known-fixes-refresh-20260505-http-3/fuzz-handoff/distinct-manifest-20260505/results-refresh-http-shard-3/results.jsonl
07ca7eb98680	nonrunnable	websocket	rtc_reload_title_divergence_with_local_autosave_rehydrate	-	artifacts/rtc-browser-fuzz/mixed-http-ws-supervised-20260502-0007/ws-gen-14-20260502T225744Z/.triage-watcher/signatures/07ca7eb98680/STATUS.md
086d32948ef9	nonrunnable	http	rtc_http_polling_collection_room_memory_oom	-	artifacts/rtc-browser-fuzz/mixed-http-ws-supervised-20260502-0007/http-persistence-gen-7-20260504T165530Z/.triage-watcher/signatures/086d32948ef9/STATUS.md
08d6f3fb22ac	passed-runnable	http	rtc_distinct_user_reload_title_divergence	test/e2e/specs/editor/collaboration/triage-4ba23abee72f-realistic.spec.ts	/Users/danluu/dev/fuzz/gutenberg-rtc-known-fixes-refresh-20260505/fuzz-handoff/distinct-manifest-20260505/results-refresh-http-shard-0/results.jsonl
08ea0d5ac77d	nonrunnable	http	rtc_collaboration_reload_title_divergence_after_retriable_sync_fault	-	artifacts/rtc-browser-fuzz/mixed-http-ws-supervised-20260502-0007/http-persistence-gen-4-20260502T225232Z/.triage-watcher/signatures/08ea0d5ac77d/STATUS.md
0c33bad2fdd0	passed-runnable	http	rtc_heading_insert_position_diverges_across_collaborators	test/e2e/specs/editor/collaboration/triage-0c33bad2fdd0-realistic.spec.ts	/Users/danluu/dev/fuzz/gutenberg-rtc-known-fixes-refresh-20260505-http-2/fuzz-handoff/distinct-manifest-20260505/results-refresh-http-shard-2/results.jsonl
0dda8fd1b523	nonrunnable	http	rtc_reload_second_save_stuck_saving_loop	-	artifacts/rtc-browser-fuzz/mixed-http-ws-supervised-20260502-0007/ws-gen-14-20260502T225744Z/.triage-watcher/signatures/0dda8fd1b523/STATUS.md
119ba10cc277	passed-runnable	http	rtc_move_reconciliation_duplicates_remote_paragraph	test/e2e/specs/editor/collaboration/manifest/119ba10cc277-rtc-move-reconciliation-duplicates-remote-paragraph.spec.ts	/Users/danluu/dev/fuzz/gutenberg-rtc-known-fixes-refresh-20260505-http-3/fuzz-handoff/distinct-manifest-20260505/results-refresh-http-shard-3/results.jsonl
11ec0666ffd0	nonrunnable	http	rtc_title_divergence_after_reload_with_unsaved_state_and_retriable_sync_fault	-	artifacts/rtc-browser-fuzz/mixed-http-ws-supervised-20260502-0007/http-gen-4-20260502T074041Z/.triage-watcher/signatures/11ec0666ffd0/STATUS.md
146da7cb412c	nonrunnable	websocket	rtc_move_into_group_diverges_after_transient_sync_failure	-	artifacts/rtc-browser-fuzz/mixed-http-ws-supervised-20260502-0007/ws-gen-14-20260502T225744Z/.triage-watcher/signatures/146da7cb412c/STATUS.md
1685b6c07c64	nonrunnable	http	rtc_title_split_brain_after_retriable_sync_failure_and_reload	-	artifacts/rtc-browser-fuzz/mixed-http-ws-supervised-20260502-0007/http-gen-3-20260502T073027Z/.triage-watcher/signatures/1685b6c07c64/STATUS.md
1a759f13d93a	nonrunnable	http	rtc-empty-content-save-with-nonempty-blocks	-	artifacts/rtc-browser-fuzz/mixed-http-ws-supervised-20260502-0007/ws-gen-13-20260502T225226Z/.triage-watcher/signatures/1a759f13d93a/STATUS.md
1b24fdf8c9df	nonrunnable	http	rtc_title_only_divergence_after_reload_under_sync_faults	-	artifacts/rtc-browser-fuzz/mixed-http-ws-supervised-20260502-0007/http-gen-10-20260504T165844Z/.triage-watcher/signatures/1b24fdf8c9df/STATUS.md
1e0ade5ec5a8	passed-runnable	http	rtc_collaboration_empty_content_save_with_nonempty_crdt_after_save	test/e2e/specs/editor/collaboration/triage-7f69406e25e7-realistic.spec.ts	/Users/danluu/dev/fuzz/gutenberg-rtc-known-fixes-refresh-20260505-http-2/fuzz-handoff/distinct-manifest-20260505/results-refresh-http-shard-2/results.jsonl
1e119c9ca737	nonrunnable	websocket	rtc_ws_disconnect_sequential_delete_reload_desync	-	artifacts/rtc-browser-fuzz/mixed-http-ws-supervised-20260502-0007/ws-gen-13-20260502T225226Z/.triage-watcher/signatures/1e119c9ca737/STATUS.md
22000f739b1c	nonrunnable	http	rtc_save_live_editor_drops_saved_blocks_after_faulted_save	-	artifacts/rtc-browser-fuzz/mixed-http-ws-supervised-20260502-0007/ws-gen-12-20260502T091028Z/.triage-watcher/signatures/22000f739b1c/STATUS.md
222f6c558dee	passed-runnable	http	rtc_crdt_merge_reorder_after_fallback_group_insert_duplicates_heading_and_drops_paragraph	test/e2e/specs/editor/collaboration/manifest/222f6c558dee-rtc-crdt-merge-reorder-after-fallback-group-insert-duplicates-heading-and-drops-.spec.ts	/Users/danluu/dev/fuzz/gutenberg-rtc-known-fixes-refresh-20260505-http-3/fuzz-handoff/distinct-manifest-20260505/results-refresh-http-shard-3/results.jsonl
22b58ebf28c7	passed-runnable	websocket	rtc_top_level_group_delete_diverges_after_collaborator_insert	test/e2e/specs/editor/collaboration/websocket/collaboration-triage-22b58ebf28c7-realistic.spec.ts	/Users/danluu/dev/fuzz/gutenberg-rtc-known-fixes-refresh-20260505-ws-0/fuzz-handoff/distinct-manifest-20260505/results-refresh-websocket-shard-0/results.jsonl
237f45f65c69	nonrunnable	http	rtc_unsaved_title_regresses_after_peer_reload_when_unsaved_block_edits_exist	-	artifacts/rtc-browser-fuzz/mixed-http-ws-supervised-20260502-0007/http-gen-8-20260503T125553Z/.triage-watcher/signatures/237f45f65c69/STATUS.md
27a6a45298fe	passed-runnable	websocket	rtc_ws_crdt_stale_snapshot_reorder_duplicates_remote_paragraph	test/e2e/specs/editor/collaboration/triage-27a6a45298fe-realistic.spec.ts	/Users/danluu/dev/fuzz/gutenberg-rtc-known-fixes-refresh-20260505-ws-1/fuzz-handoff/distinct-manifest-20260505/results-refresh-websocket-shard-1/results.jsonl
27ce00663138	nonrunnable	http	rtc_http_polling_sync_oom_on_oversized_collection_room_history	-	artifacts/rtc-browser-fuzz/mixed-http-ws-supervised-20260502-0007/http-persistence-gen-7-20260504T165530Z/.triage-watcher/signatures/27ce00663138/STATUS.md
2b3d4217160d	nonrunnable	http	rtc_reload_post_lock_race	-	artifacts/rtc-browser-fuzz/mixed-http-ws-supervised-20260502-0007/http-persistence-gen-2-20260502T083403Z/.triage-watcher/signatures/2b3d4217160d/STATUS.md
2e0b53b3f746	nonrunnable	http	rtc_anchor_block_serialization_corruption_breaks_revision_restore	-	artifacts/rtc-browser-fuzz/mixed-http-ws-supervised-20260502-0007/ws-gen-3-20260502T070839Z/.triage-watcher/signatures/2e0b53b3f746/STATUS.md
2f1615fef9d1	passed-runnable	http	rtc_chained_top_level_reorder_drops_heading_and_duplicates_adjacent_paragraph	test/e2e/specs/editor/collaboration/triage-2f1615fef9d1-realistic.spec.ts	/Users/danluu/dev/fuzz/gutenberg-rtc-known-fixes-refresh-20260505-http-2/fuzz-handoff/distinct-manifest-20260505/results-refresh-http-shard-2/results.jsonl
314c76bcc019	nonrunnable	http	rtc_collaboration_explicit_save_does_not_persist_live_editor_state	-	artifacts/rtc-browser-fuzz/mixed-http-ws-supervised-20260502-0007/http-persistence-gen-4-20260502T225232Z/.triage-watcher/signatures/314c76bcc019/STATUS.md
3400dc6eee99	nonrunnable	http	rtc_crdt_top_level_reorder_after_nested_group_edit_grafts_inner_blocks_into_heading	-	artifacts/rtc-browser-fuzz/mixed-http-ws-supervised-20260502-0007/ws-gen-14-20260502T225744Z/.triage-watcher/signatures/3400dc6eee99/STATUS.md
3668f1418804	nonrunnable	http	rtc_pullquote_move_causes_cross_peer_block_type_divergence	-	artifacts/rtc-browser-fuzz/mixed-http-ws-supervised-20260502-0007/ws-gen-5-20260502T074048Z/.triage-watcher/signatures/3668f1418804/STATUS.md
367a573b0d6d	nonrunnable	http	rtc_block_move_corrupts_adjacent_paragraph_into_empty_group	-	artifacts/rtc-browser-fuzz/mixed-http-ws-supervised-20260502-0007/ws-gen-15-20260503T125422Z/.triage-watcher/signatures/367a573b0d6d/STATUS.md
37c69948c4ea	passed-runnable	http	rtc_title_only_reload_divergence	test/e2e/specs/editor/collaboration/triage-4ba23abee72f-realistic.spec.ts	/Users/danluu/dev/fuzz/gutenberg-rtc-known-fixes-refresh-20260505/fuzz-handoff/distinct-manifest-20260505/results-refresh-http-shard-0/results.jsonl
388717ee691c	nonrunnable	http	rtc_reload_rehydrates_deleted_top_level_paragraph_as_duplicate_tail_after_move	-	artifacts/rtc-browser-fuzz/mixed-http-ws-supervised-20260502-0007/ws-gen-12-20260502T091028Z/.triage-watcher/signatures/388717ee691c/STATUS.md
399aa6d85fbc	nonrunnable	http	rtc_save_serialization_collapses_to_plain_text_then_empty_after_pullquote_edit	-	artifacts/rtc-browser-fuzz/mixed-http-ws-supervised-20260502-0007/ws-gen-14-20260502T225744Z/.triage-watcher/signatures/399aa6d85fbc/STATUS.md
433277f2564f	nonrunnable	http	rtc_empty_body_content_loss_after_save_reload	-	artifacts/rtc-browser-fuzz/mixed-http-ws-supervised-20260502-0007/ws-gen-12-20260502T091028Z/.triage-watcher/signatures/433277f2564f/STATUS.md
4366dfe8d4e3	passed-runnable	http	table-adjacent top-level move merge corruption in crdt-blocks	test/e2e/specs/editor/collaboration/triage-4366dfe8d4e3-realistic.spec.ts	/Users/danluu/dev/fuzz/gutenberg-rtc-known-fixes-refresh-20260505-http-2/fuzz-handoff/distinct-manifest-20260505/results-refresh-http-shard-2/results.jsonl
445d4b755b6d	passed-runnable	http	rtc_title_diverges_after_reload_without_save	test/e2e/specs/editor/collaboration/triage-4ba23abee72f-realistic.spec.ts	/Users/danluu/dev/fuzz/gutenberg-rtc-known-fixes-refresh-20260505-http-3/fuzz-handoff/distinct-manifest-20260505/results-refresh-http-shard-3/results.jsonl
45c313bc2541	passed-runnable	http	top_level_move_reconciliation_preserves_wrong_yblock_after_remote_insert	test/e2e/specs/editor/collaboration/triage-64edf2f8cbab-realistic.spec.ts	/Users/danluu/dev/fuzz/gutenberg-rtc-known-fixes-refresh-20260505-http-3/fuzz-handoff/distinct-manifest-20260505/results-refresh-http-shard-3/results.jsonl
466c82405961	nonrunnable	http	rtc-crdt-block-identity-bleed	-	artifacts/rtc-browser-fuzz/mixed-http-ws-supervised-20260502-0007/ws-gen-14-20260502T225744Z/.triage-watcher/signatures/466c82405961/STATUS.md
47950776c34e	passed-runnable	http	rtc-save-reconciliation-empty-block-tree-on-entity-stress-content	test/e2e/specs/editor/collaboration/manifest/47950776c34e-rtc-save-reconciliation-empty-block-tree-on-entity-stress-content.spec.js	/Users/danluu/dev/fuzz/gutenberg-rtc-known-fixes-refresh-20260505/fuzz-handoff/distinct-manifest-20260505/results-refresh-http-shard-0/results.jsonl
48e8cc0cda16	passed-runnable	http	rtc_top_level_move_reconciliation_duplicates_one_concurrent_paragraph_and_drops_sibling	test/e2e/specs/editor/collaboration/manifest/48e8cc0cda16-rtc-top-level-move-reconciliation-duplicates-one-concurrent-paragraph-and-drops-.spec.ts	/Users/danluu/dev/fuzz/gutenberg-rtc-known-fixes-refresh-20260505/fuzz-handoff/distinct-manifest-20260505/results-refresh-http-shard-0/results.jsonl
4b0768058d04	nonrunnable	http	rtc_heading_grafts_group_children_after_top_level_move	-	artifacts/rtc-browser-fuzz/mixed-http-ws-supervised-20260502-0007/ws-gen-14-20260502T225744Z/.triage-watcher/signatures/4b0768058d04/STATUS.md
4b50d5ef2b68	passed-runnable	websocket	rtc-delete-not-propagated-after-saved-remote-insert	test/e2e/specs/editor/collaboration/websocket/triage-4b50d5ef2b68-realistic.spec.ts	/Users/danluu/dev/fuzz/gutenberg-rtc-known-fixes-refresh-20260505-ws-1/fuzz-handoff/distinct-manifest-20260505/results-refresh-websocket-shard-1/results.jsonl
4e50f848ad91	nonrunnable	http	RTC HTTP polling intermittently returns real `rest_no_route` 404s from `/wp-sync/v1/updates`, leading to disconnect/backoff and convergence failure	-	artifacts/rtc-browser-fuzz/mixed-http-ws-supervised-20260502-0007/http-persistence-gen-4-20260502T225232Z/.triage-watcher/signatures/4e50f848ad91/STATUS.md
4e573e152bbc	nonrunnable	http	rtc_top_level_pullquote_insert_rebases_to_document_start	-	artifacts/rtc-browser-fuzz/mixed-http-ws-supervised-20260502-0007/ws-gen-12-20260502T091028Z/.triage-watcher/signatures/4e573e152bbc/STATUS.md
4fd77a5be5ae	passed-runnable	http	rtc_title_reload_divergence_with_stale_persisted_title	test/e2e/specs/editor/collaboration/triage-4ba23abee72f-realistic.spec.ts	/Users/danluu/dev/fuzz/gutenberg-rtc-known-fixes-refresh-20260505-http-3/fuzz-handoff/distinct-manifest-20260505/results-refresh-http-shard-3/results.jsonl
5103347eaffd	passed-runnable	http	rtc_top_level_move_reconciliation_shift_corrupts_heterogeneous_blocks	test/e2e/specs/editor/collaboration/triage-64edf2f8cbab-realistic.spec.ts	/Users/danluu/dev/fuzz/gutenberg-rtc-known-fixes-refresh-20260505-http-2/fuzz-handoff/distinct-manifest-20260505/results-refresh-http-shard-2/results.jsonl
52a5fdf88134	nonrunnable	http	rtc_title_desync_after_reload_rejoin	-	artifacts/rtc-browser-fuzz/mixed-http-ws-supervised-20260502-0007/http-persistence-gen-5-20260503T125437Z/.triage-watcher/signatures/52a5fdf88134/STATUS.md
55b54272df37	passed-runnable	websocket	rtc_ws_top_level_move_after_save_checkpoint_smears_paragraph_into_empty_group	test/e2e/specs/editor/collaboration/triage-814b5e3b7b80-realistic.spec.ts	/Users/danluu/dev/fuzz/gutenberg-rtc-known-fixes-refresh-20260505-ws-0/fuzz-handoff/distinct-manifest-20260505/results-refresh-websocket-shard-0/results.jsonl
55b8fc0c524e	nonrunnable	http	rtc_delete_of_saved_checkpoint_paragraph_can_preserve_stale_checkpoint_content_and_duplicate_original_prefix	-	artifacts/rtc-browser-fuzz/mixed-http-ws-supervised-20260502-0007/ws-gen-14-20260502T225744Z/.triage-watcher/signatures/55b8fc0c524e/STATUS.md
570f3e80485e	nonrunnable	http	rtc-transient-empty-editor-after-table-body-sync	-	artifacts/rtc-browser-fuzz/mixed-http-ws-supervised-20260502-0007/ws-gen-18-20260504T170250Z/.triage-watcher/signatures/570f3e80485e/STATUS.md
58a3229d7ac7	passed-runnable	http	rtc_move_reconciliation_rewrites_neighboring_block_types_after_remote_shifts	test/e2e/specs/editor/collaboration/triage-64edf2f8cbab-realistic.spec.ts	/Users/danluu/dev/fuzz/gutenberg-rtc-known-fixes-refresh-20260505-http-2/fuzz-handoff/distinct-manifest-20260505/results-refresh-http-shard-2/results.jsonl
59b7e7cdec39	nonrunnable	http	stale-local structural table body merge after remote divergence	-	artifacts/rtc-browser-fuzz/mixed-http-ws-supervised-20260502-0007/ws-gen-12-20260502T091028Z/.triage-watcher/signatures/59b7e7cdec39/STATUS.md
59ce833d5884	passed-runnable	http	rtc_reload_reconciliation_persists_stale_or_empty_post_state	test/e2e/specs/editor/collaboration/triage-4ba23abee72f-realistic.spec.ts	/Users/danluu/dev/fuzz/gutenberg-rtc-known-fixes-refresh-20260505-http-1/fuzz-handoff/distinct-manifest-20260505/results-refresh-http-shard-1/results.jsonl
5b05b2668f37	nonrunnable	websocket	rtc_ws_checkpoint_move_suffix_table_duplicate_with_paragraph_content_smear	-	artifacts/rtc-browser-fuzz/mixed-http-ws-supervised-20260502-0007/ws-gen-13-20260502T225226Z/.triage-watcher/signatures/5b05b2668f37/STATUS.md
5bc6fa356c7c	passed-runnable	http	rtc_saved_search_checkpoint_reload_corrupts_crdt	test/e2e/specs/editor/collaboration/manifest/5bc6fa356c7c-rtc-saved-search-checkpoint-reload-corrupts-crdt.spec.ts	/Users/danluu/dev/fuzz/gutenberg-rtc-known-fixes-refresh-20260505/fuzz-handoff/distinct-manifest-20260505/results-refresh-http-shard-0/results.jsonl
5cc76c9ea03d	nonrunnable	http	rtc_saved_title_diverges_after_reload_under_fault_recovery	-	artifacts/rtc-browser-fuzz/mixed-http-ws-supervised-20260502-0007/http-persistence-gen-4-20260502T225232Z/.triage-watcher/signatures/5cc76c9ea03d/STATUS.md
627bd1cfa5aa	nonrunnable	http	rtc_concurrent_paragraph_save_reload_corruption_empty_block_list	-	artifacts/rtc-browser-fuzz/mixed-http-ws-supervised-20260502-0007/ws-gen-3-20260502T070839Z/.triage-watcher/signatures/627bd1cfa5aa/STATUS.md
62db5968059e	passed-runnable	websocket	rtc_ws_delete_of_recent_remote_heading_not_replayed_to_other_peer	test/e2e/specs/editor/collaboration/websocket/triage-4b50d5ef2b68-realistic.spec.ts	/Users/danluu/dev/fuzz/gutenberg-rtc-known-fixes-refresh-20260505-ws-0/fuzz-handoff/distinct-manifest-20260505/results-refresh-websocket-shard-0/results.jsonl
62e1523db3a4	nonrunnable	http	rtc_title_persistence_diverges_after_reload	-	artifacts/rtc-browser-fuzz/mixed-http-ws-supervised-20260502-0007/ws-gen-12-20260502T091028Z/.triage-watcher/signatures/62e1523db3a4/STATUS.md
64edf2f8cbab	passed-runnable	http	rtc-top-level-move-after-remote-insert-paragraph-into-table-duplication	test/e2e/specs/editor/collaboration/triage-64edf2f8cbab-realistic.spec.ts	/Users/danluu/dev/fuzz/gutenberg-rtc-known-fixes-refresh-20260505-http-1/fuzz-handoff/distinct-manifest-20260505/results-refresh-http-shard-1/results.jsonl
6588affd5149	passed-runnable	websocket	rtc_ws_top_level_group_insert_anchor_misplacement	test/e2e/specs/editor/collaboration/websocket/collaboration-6588affd5149-realistic.spec.ts	/Users/danluu/dev/fuzz/gutenberg-rtc-known-fixes-refresh-20260505-ws-2/fuzz-handoff/distinct-manifest-20260505/results-refresh-websocket-shard-2/results.jsonl
67a5c5c224e8	nonrunnable	websocket	rtc_ws_table_body_prepend_lost_after_reload	-	artifacts/rtc-browser-fuzz/mixed-http-ws-supervised-20260502-0007/ws-gen-18-20260504T170250Z/.triage-watcher/signatures/67a5c5c224e8/STATUS.md
6a0b3f788010	nonrunnable	websocket	rtc_ws_post_save_concurrent_insert_duplicate_remote_paragraph_and_drop_checkpoint_search	-	artifacts/rtc-browser-fuzz/mixed-http-ws-supervised-20260502-0007/ws-gen-13-20260502T225226Z/.triage-watcher/signatures/6a0b3f788010/STATUS.md
6ad730e2c7ab	nonrunnable	http	rtc_title_only_divergence_after_reload_with_identical_blocks_and_crdt	-	artifacts/rtc-browser-fuzz/mixed-http-ws-supervised-20260502-0007/http-persistence-gen-7-20260504T165530Z/.triage-watcher/signatures/6ad730e2c7ab/STATUS.md
6b048663ae78	nonrunnable	http	rtc-rich-text-tail-corruption-under-save-refresh-sync-faults	-	artifacts/rtc-browser-fuzz/mixed-http-ws-supervised-20260502-0007/http-gen-7-20260502T225338Z/.triage-watcher/signatures/6b048663ae78/STATUS.md
6b4ae1624fa5	nonrunnable	http	rtc_collaboration_code_editor_freeform_insert_not_synced	-	artifacts/rtc-browser-fuzz/mixed-http-ws-supervised-20260502-0007/ws-gen-3-20260502T070839Z/.triage-watcher/signatures/6b4ae1624fa5/STATUS.md
6c82227f7fb8	nonrunnable	websocket	rtc-sync-retry-move-block-duplicates-paragraph	-	artifacts/rtc-browser-fuzz/mixed-http-ws-supervised-20260502-0007/ws-gen-13-20260502T225226Z/.triage-watcher/signatures/6c82227f7fb8/STATUS.md
6c8599c527a1	nonrunnable	http	rtc_reload_reconnect_nonconvergence	-	artifacts/rtc-browser-fuzz/mixed-http-ws-supervised-20260502-0007/http-persistence-gen-2-20260502T083403Z/.triage-watcher/signatures/6c8599c527a1/STATUS.md
6e3ddc0030a8	passed-runnable	http	rtc_checkpoint_second_save_content_collapse_after_reload	test/e2e/specs/editor/collaboration/triage-15322705b364-realistic.spec.ts	/Users/danluu/dev/fuzz/gutenberg-rtc-known-fixes-refresh-20260505-http-3/fuzz-handoff/distinct-manifest-20260505/results-refresh-http-shard-3/results.jsonl
6ef790791634	nonrunnable	http	rtc_title_reload_sync_divergence	-	artifacts/rtc-browser-fuzz/mixed-http-ws-supervised-20260502-0007/http-persistence-gen-4-20260502T225232Z/.triage-watcher/signatures/6ef790791634/STATUS.md
703ef0771ea5	passed-runnable	http	stale-local structural table body merge after remote append	test/e2e/specs/editor/collaboration/triage-703ef0771ea5-realistic.spec.ts	/Users/danluu/dev/fuzz/gutenberg-rtc-known-fixes-refresh-20260505-http-2/fuzz-handoff/distinct-manifest-20260505/results-refresh-http-shard-2/results.jsonl
7143a7ab3462	passed-runnable	http	rtc_supported_programmatic_paragraph_update_drop_after_group_insert	test/e2e/specs/editor/collaboration/manifest/7143a7ab3462-rtc-supported-programmatic-paragraph-update-drop-after-group-insert.spec.ts	/Users/danluu/dev/fuzz/gutenberg-rtc-known-fixes-refresh-20260505-http-2/fuzz-handoff/distinct-manifest-20260505/results-refresh-http-shard-2/results.jsonl
7412772663d0	nonrunnable	http	rtc_fallback_group_then_top_level_move_duplicates_original_heading_and_drops_adjacent_sibling	-	artifacts/rtc-browser-fuzz/mixed-http-ws-supervised-20260502-0007/ws-gen-14-20260502T225744Z/.triage-watcher/signatures/7412772663d0/STATUS.md
7423aed9058a	passed-runnable	websocket	rtc_top_level_move_divergence_duplicate_heading_after_fallback_group_insert	test/e2e/specs/editor/collaboration/triage-7423aed9058a-shared-realistic.spec.ts	/Users/danluu/dev/fuzz/gutenberg-rtc-known-fixes-refresh-20260505-ws-1/fuzz-handoff/distinct-manifest-20260505/results-refresh-websocket-shard-1/results.jsonl
747c653e7b3b	nonrunnable	websocket	rtc-websocket convergence corruption with block-type and attribute leakage across participants	-	artifacts/rtc-browser-fuzz/mixed-http-ws-supervised-20260502-0007/ws-gen-13-20260502T225226Z/.triage-watcher/signatures/747c653e7b3b/STATUS.md
74dd38f291e0	passed-runnable	http	rtc_collaboration_move_reconciliation_duplicates_remote_paragraph	test/e2e/specs/editor/collaboration/triage-74dd38f291e0-realistic.spec.ts	/Users/danluu/dev/fuzz/gutenberg-rtc-known-fixes-refresh-20260505-http-2/fuzz-handoff/distinct-manifest-20260505/results-refresh-http-shard-2/results.jsonl
75b21da1beba	passed-runnable	http	rtc_search_checkpoint_block_corruption_after_move_under_faulty_sync	test/e2e/specs/editor/collaboration/triage-814b5e3b7b80-realistic.spec.ts	/Users/danluu/dev/fuzz/gutenberg-rtc-known-fixes-refresh-20260505-http-3/fuzz-handoff/distinct-manifest-20260505/results-refresh-http-shard-3/results.jsonl
7892f5ef7d92	passed-runnable	http	rtc_cross_type_attribute_grafting_on_stale_top_level_reorder	test/e2e/specs/editor/collaboration/triage-64edf2f8cbab-realistic.spec.ts	/Users/danluu/dev/fuzz/gutenberg-rtc-known-fixes-refresh-20260505/fuzz-handoff/distinct-manifest-20260505/results-refresh-http-shard-0/results.jsonl
7998ba6d900b	passed-runnable	http	rtc_top_level_group_insert_order_divergence	test/e2e/specs/editor/collaboration/manifest/7998ba6d900b-rtc-top-level-group-insert-order-divergence.spec.ts	/Users/danluu/dev/fuzz/gutenberg-rtc-known-fixes-refresh-20260505-http-1/fuzz-handoff/distinct-manifest-20260505/results-refresh-http-shard-1/results.jsonl
7c77d01b8fd9	nonrunnable	websocket	rtc_delete_propagation_after_recent_table_insert_retains_deleted_paragraph	-	artifacts/rtc-browser-fuzz/mixed-http-ws-supervised-20260502-0007/ws-gen-12-20260502T091028Z/.triage-watcher/signatures/7c77d01b8fd9/STATUS.md
7d6faa1f8935	passed-runnable	http	rtc_checkpoint_save_stale_full_record_clobbers_fields	test/e2e/specs/editor/collaboration/triage-f9012fe22f5d-realistic.spec.ts	/Users/danluu/dev/fuzz/gutenberg-rtc-known-fixes-refresh-20260505-http-2/fuzz-handoff/distinct-manifest-20260505/results-refresh-http-shard-2/results.jsonl
82ddc9be3dc6	passed-runnable	http	rtc_top_level_move_duplicates_heading_and_drops_paragraph	test/e2e/specs/editor/collaboration/manifest/82ddc9be3dc6-rtc-top-level-move-duplicates-heading-and-drops-paragraph.spec.ts	/Users/danluu/dev/fuzz/gutenberg-rtc-known-fixes-refresh-20260505-http-1/fuzz-handoff/distinct-manifest-20260505/results-refresh-http-shard-1/results.jsonl
836655577216	nonrunnable	http	rtc-block-tree-corruption-list-move-group-reparsed-as-list	-	artifacts/rtc-browser-fuzz/mixed-http-ws-supervised-20260502-0007/ws-gen-12-20260502T091028Z/.triage-watcher/signatures/836655577216/STATUS.md
85a36d801db9	passed-runnable	http	mergeYArrayLocalChanges-drops-stale-local-table-row-append-after-remote-divergence	test/e2e/specs/editor/collaboration/triage-85a36d801db9-realistic.spec.ts	/Users/danluu/dev/fuzz/gutenberg-rtc-known-fixes-refresh-20260505-http-1/fuzz-handoff/distinct-manifest-20260505/results-refresh-http-shard-1/results.jsonl
8603b500fd0c	passed-runnable	http	rtc_pullquote_drag_into_group_leaves_stale_top_level_duplicate	test/e2e/specs/editor/collaboration/triage-8603b500fd0c-realistic.spec.ts	/Users/danluu/dev/fuzz/gutenberg-rtc-known-fixes-refresh-20260505-http-2/fuzz-handoff/distinct-manifest-20260505/results-refresh-http-shard-2/results.jsonl
8608ca47b8f1	nonrunnable	http	rtc_http_polling_room_history_oom	-	artifacts/rtc-browser-fuzz/mixed-http-ws-supervised-20260502-0007/http-gen-8-20260503T125553Z/.triage-watcher/signatures/8608ca47b8f1/STATUS.md
87ea40a2fdb1	passed-runnable	websocket	rtc_ws_table_move_into_group_leaves_stale_top_level_table_duplicate	test/e2e/specs/editor/collaboration/triage-87ea40a2fdb1-realistic.spec.ts	/Users/danluu/dev/fuzz/gutenberg-rtc-known-fixes-refresh-20260505-ws-3/fuzz-handoff/distinct-manifest-20260505/results-refresh-websocket-shard-3/results.jsonl
8bd178f95d29	passed-runnable	http	remote-pullquote-survives-deletion-while-being-edited	test/e2e/specs/editor/collaboration/triage-8bd178f95d29-realistic.spec.ts	/Users/danluu/dev/fuzz/gutenberg-rtc-known-fixes-refresh-20260505-http-1/fuzz-handoff/distinct-manifest-20260505/results-refresh-http-shard-1/results.jsonl
8e93920b7432	passed-runnable	websocket	rtc_ws_remote_pullquote_delete_leaves_stale_top_level_pullquote	test/e2e/specs/editor/collaboration/manifest/8e93920b7432-rtc-ws-remote-pullquote-delete-leaves-stale-top-level-pullquote.spec.ts	/Users/danluu/dev/fuzz/gutenberg-rtc-known-fixes-refresh-20260505-ws-1/fuzz-handoff/distinct-manifest-20260505/results-refresh-websocket-shard-1/results.jsonl
8f9cb15db9a1	nonrunnable	http	rtc_saved_search_absorbs_group_children_after_faulted_move_into_group	-	artifacts/rtc-browser-fuzz/mixed-http-ws-supervised-20260502-0007/ws-gen-14-20260502T225744Z/.triage-watcher/signatures/8f9cb15db9a1/STATUS.md
9075a20a8ae8	nonrunnable	http	rtc-http-sync-oom-after-transient-sync-failure	-	artifacts/rtc-browser-fuzz/mixed-http-ws-supervised-20260502-0007/http-persistence-gen-7-20260504T165530Z/.triage-watcher/signatures/9075a20a8ae8/STATUS.md
917b18171038	passed-runnable	websocket	rtc_ws_search_checkpoint_smear_after_reload_move_into_group_then_move	test/e2e/specs/editor/collaboration/triage-814b5e3b7b80-realistic.spec.ts	/Users/danluu/dev/fuzz/gutenberg-rtc-known-fixes-refresh-20260505-ws-1/fuzz-handoff/distinct-manifest-20260505/results-refresh-websocket-shard-1/results.jsonl
926a40bf71d0	passed-runnable	websocket	rtc_ws_search_block_absorbs_group_children_after_remote_move_into_group	test/e2e/specs/editor/collaboration/triage-926a40bf71d0-realistic.spec.ts	/Users/danluu/dev/fuzz/gutenberg-rtc-known-fixes-refresh-20260505-ws-0/fuzz-handoff/distinct-manifest-20260505/results-refresh-websocket-shard-0/results.jsonl
929934d4a4b6	passed-runnable	websocket	rtc_table_array_edit_then_top_level_group_delete_diverges	test/e2e/specs/editor/collaboration/websocket/collaboration-triage-929934d4a4b6-realistic.spec.ts	/Users/danluu/dev/fuzz/gutenberg-rtc-known-fixes-refresh-20260505-ws-0/fuzz-handoff/distinct-manifest-20260505/results-refresh-websocket-shard-0/results.jsonl
93480ec985ff	nonrunnable	http	rtc_remote_delete_of_original_top_level_paragraph_after_reload_move_and_structural_edits	-	artifacts/rtc-browser-fuzz/mixed-http-ws-supervised-20260502-0007/ws-gen-12-20260502T091028Z/.triage-watcher/signatures/93480ec985ff/STATUS.md
943c670fbf29	nonrunnable	websocket	mergeYArrayLocalChanges-drops-existing-table-row-on-stale-local-prepend-after-remote-append	-	artifacts/rtc-browser-fuzz/mixed-http-ws-supervised-20260502-0007/ws-gen-12-20260502T091028Z/.triage-watcher/signatures/943c670fbf29/STATUS.md
96d728530b28	nonrunnable	websocket	rtc_ws_checkpoint_move_suffix_cross_block_attribute_smear	-	artifacts/rtc-browser-fuzz/mixed-http-ws-supervised-20260502-0007/ws-gen-13-20260502T225226Z/.triage-watcher/signatures/96d728530b28/STATUS.md
995d90d11c62	nonrunnable	http	editor_html_entity_canonicalization_invalidates_blocks	-	artifacts/rtc-browser-fuzz/mixed-http-ws-supervised-20260502-0007/http-gen-2-20260502T071408Z/.triage-watcher/signatures/995d90d11c62/STATUS.md
9cf81e169f7e	nonrunnable	websocket	rtc_top_level_move_after_checkpoint_duplicates_heading_and_drops_checkpoint_paragraph	-	artifacts/rtc-browser-fuzz/mixed-http-ws-supervised-20260502-0007/ws-gen-14-20260502T225744Z/.triage-watcher/signatures/9cf81e169f7e/STATUS.md
9da30a09de57	passed-runnable	http	saved-checkpoint-paragraph-delete-diverges-after-save	test/e2e/specs/editor/collaboration/manifest/9da30a09de57-saved-checkpoint-paragraph-delete-diverges-after-save.spec.ts	/Users/danluu/dev/fuzz/gutenberg-rtc-known-fixes-refresh-20260505/fuzz-handoff/distinct-manifest-20260505/results-refresh-http-shard-0/results.jsonl
9edcec098762	passed-runnable	http	rtc_move_after_save_checkpoint_cross_block_attribute_smear	test/e2e/specs/editor/collaboration/triage-64edf2f8cbab-realistic.spec.ts	/Users/danluu/dev/fuzz/gutenberg-rtc-known-fixes-refresh-20260505-http-3/fuzz-handoff/distinct-manifest-20260505/results-refresh-http-shard-3/results.jsonl
9f9073bb5b34	nonrunnable	http	http-polling RTC sync can OOM while JSON-encoding oversized persisted collection-room history	-	artifacts/rtc-browser-fuzz/mixed-http-ws-supervised-20260502-0007/http-persistence-gen-7-20260504T165530Z/.triage-watcher/signatures/9f9073bb5b34/STATUS.md
a0ecbec3653b	nonrunnable	http	rtc-collaboration-title-stale-after-reload	-	artifacts/rtc-browser-fuzz/mixed-http-ws-supervised-20260502-0007/http-persistence-gen-4-20260502T225232Z/.triage-watcher/signatures/a0ecbec3653b/STATUS.md
a184dfcf0447	nonrunnable	http	rtc-sync-storage-oom-causes-wp-sync-500-and-awareness-timeout	-	artifacts/rtc-browser-fuzz/mixed-http-ws-supervised-20260502-0007/http-gen-8-20260503T125553Z/.triage-watcher/signatures/a184dfcf0447/STATUS.md
a73ef852b497	nonrunnable	websocket	rtc_ws_stale_snapshot_delete_then_move_pullquote_absorbs_list_and_smears_attrs	-	artifacts/rtc-browser-fuzz/mixed-http-ws-supervised-20260502-0007/ws-gen-13-20260502T225226Z/.triage-watcher/signatures/a73ef852b497/STATUS.md
a81ea0fc772d	passed-runnable	http	rtc_top_level_move_group_shape_corruption	test/e2e/specs/editor/collaboration/triage-a81ea0fc772d-realistic.spec.ts	/Users/danluu/dev/fuzz/gutenberg-rtc-known-fixes-refresh-20260505-http-2/fuzz-handoff/distinct-manifest-20260505/results-refresh-http-shard-2/results.jsonl
a88b8bf04f5f	passed-runnable	websocket	rtc_checkpoint_body_reverts_to_prior_checkpoint_while_title_advances	test/e2e/specs/editor/collaboration/websocket/collaboration-triage-a88b8bf04f5f-realistic.spec.ts	/Users/danluu/dev/fuzz/gutenberg-rtc-known-fixes-refresh-20260505-ws-3/fuzz-handoff/distinct-manifest-20260505/results-refresh-websocket-shard-3/results.jsonl
a91ac70bb0c3	nonrunnable	http	rtc_stale_local_top_level_delete_preserves_remote_heading	-	artifacts/rtc-browser-fuzz/mixed-http-ws-supervised-20260502-0007/ws-gen-12-20260502T091028Z/.triage-watcher/signatures/a91ac70bb0c3/STATUS.md
ab2279b63818	nonrunnable	websocket	rtc_websocket_rapid_move_after_top_level_insert_splits_order	-	artifacts/rtc-browser-fuzz/mixed-http-ws-supervised-20260502-0007/ws-gen-12-20260502T091028Z/.triage-watcher/signatures/ab2279b63818/STATUS.md
ab4a89947ac3	passed-runnable	websocket	rtc_ws_stale_snapshot_quote_move_smears_quote_into_adjacent_paragraph	test/e2e/specs/editor/collaboration/manifest/ab4a89947ac3-rtc-ws-stale-snapshot-quote-move-smears-quote-into-adjacent-paragraph.spec.ts	/Users/danluu/dev/fuzz/gutenberg-rtc-known-fixes-refresh-20260505-ws-0/fuzz-handoff/distinct-manifest-20260505/results-refresh-websocket-shard-0/results.jsonl
ae54303d0034	nonrunnable	http	rtc_mixed_block_move_attribute_bleed	-	artifacts/rtc-browser-fuzz/mixed-http-ws-supervised-20260502-0007/ws-gen-15-20260503T125422Z/.triage-watcher/signatures/ae54303d0034/STATUS.md
ae9a3cdc8424	passed-runnable	http	rtc_delete_propagation_loss_due_to_stale_local_block_cache	test/e2e/specs/editor/collaboration/manifest/ae9a3cdc8424-rtc-delete-propagation-loss-due-to-stale-local-block-cache.spec.ts	/Users/danluu/dev/fuzz/gutenberg-rtc-known-fixes-refresh-20260505-http-3/fuzz-handoff/distinct-manifest-20260505/results-refresh-http-shard-3/results.jsonl
afd389d7f139	nonrunnable	http	rtc_corrupts_serialized_block_markup_then_save_loops	-	artifacts/rtc-browser-fuzz/mixed-http-ws-supervised-20260502-0007/ws-gen-14-20260502T225744Z/.triage-watcher/signatures/afd389d7f139/STATUS.md
aff318f5ca47	nonrunnable	http	rtc_reload_local_autosave_unsaved_title_divergence	-	artifacts/rtc-browser-fuzz/mixed-http-ws-supervised-20260502-0007/http-persistence-gen-7-20260504T165530Z/.triage-watcher/signatures/aff318f5ca47/STATUS.md
b8ea96568388	nonrunnable	http	rtc-http-polling-collection-room-response-oom	-	artifacts/rtc-browser-fuzz/mixed-http-ws-supervised-20260502-0007/http-persistence-gen-7-20260504T165530Z/.triage-watcher/signatures/b8ea96568388/STATUS.md
b95607b694bc	passed-runnable	http	rtc-collab top-level move divergence after transient sync-server failures	test/e2e/specs/editor/collaboration/triage-b95607b694bc-realistic.spec.ts	/Users/danluu/dev/fuzz/gutenberg-rtc-known-fixes-refresh-20260505-http-2/fuzz-handoff/distinct-manifest-20260505/results-refresh-http-shard-2/results.jsonl
ba7fe0fd5418	nonrunnable	http	rtc_collaboration_reload_unsaved_richtext_split_brain	-	artifacts/rtc-browser-fuzz/mixed-http-ws-supervised-20260502-0007/http-gen-4-20260502T074041Z/.triage-watcher/signatures/ba7fe0fd5418/STATUS.md
bcc959491960	nonrunnable	http	rtc-move-table-into-group-diverges-peers	-	artifacts/rtc-browser-fuzz/mixed-http-ws-supervised-20260502-0007/ws-gen-15-20260503T125422Z/.triage-watcher/signatures/bcc959491960/STATUS.md
bfba93ef2da8	nonrunnable	http	rtc_paragraph_insert_move_nonconvergence_after_new_paragraph_reconciliation	-	artifacts/rtc-browser-fuzz/mixed-http-ws-supervised-20260502-0007/http-gen-10-20260504T165844Z/.triage-watcher/signatures/bfba93ef2da8/STATUS.md
c05661de30a8	nonrunnable	http	rtc_revision_restore_resurrects_newer_body_after_old_revision_restore	-	artifacts/rtc-browser-fuzz/mixed-http-ws-supervised-20260502-0007/ws-gen-3-20260502T070839Z/.triage-watcher/signatures/c05661de30a8/STATUS.md
c321e2045324	nonrunnable	http	rtc_save_reload_reconciliation_persists_corrupted_title_and_invalid_block_markup	-	artifacts/rtc-browser-fuzz/mixed-http-ws-supervised-20260502-0007/ws-gen-12-20260502T091028Z/.triage-watcher/signatures/c321e2045324/STATUS.md
c7a887ede5f0	passed-runnable	http	rtc_search_checkpoint_block_dropped_and_adjacent_table_duplicated_after_reload_fault	test/e2e/specs/editor/collaboration/triage-c7a887ede5f0-realistic.spec.ts	/Users/danluu/dev/fuzz/gutenberg-rtc-known-fixes-refresh-20260505-http-3/fuzz-handoff/distinct-manifest-20260505/results-refresh-http-shard-3/results.jsonl
cb90ef38e6b1	nonrunnable	http	wp_sync_collection_room_pruning_ignores_byte_cap_causing_updates_endpoint_oom	-	artifacts/rtc-browser-fuzz/mixed-http-ws-supervised-20260502-0007/http-persistence-gen-5-20260503T125437Z/.triage-watcher/signatures/cb90ef38e6b1/STATUS.md
cc9352f66288	nonrunnable	http	rtc_save_stale_title_newer_body_double_put	-	artifacts/rtc-browser-fuzz/mixed-http-ws-supervised-20260502-0007/ws-gen-13-20260502T225226Z/.triage-watcher/signatures/cc9352f66288/STATUS.md
cf62e53692ba	passed-runnable	websocket	RTC title persistence gap on reload after move-block + edit-title	test/e2e/specs/editor/collaboration/websocket/collaboration-cf62e53692ba-realistic.spec.ts	/Users/danluu/dev/fuzz/gutenberg-rtc-known-fixes-refresh-20260505-ws-0/fuzz-handoff/distinct-manifest-20260505/results-refresh-websocket-shard-0/results.jsonl
d1df9521f0ab	passed-runnable	http	rtc_stale_snapshot_block_merge_corrupts_search_paragraph_pair_after_move	test/e2e/specs/editor/collaboration/triage-ea7be85af4b5-realistic.spec.ts	/Users/danluu/dev/fuzz/gutenberg-rtc-known-fixes-refresh-20260505/fuzz-handoff/distinct-manifest-20260505/results-refresh-http-shard-0/results.jsonl
d29a07c4062e	nonrunnable	http	rtc_entity_reference_normalization_divergence	-	artifacts/rtc-browser-fuzz/mixed-http-ws-supervised-20260502-0007/http-gen-2-20260502T071408Z/.triage-watcher/signatures/d29a07c4062e/STATUS.md
d465f26f6b79	passed-runnable	http	cross_scope_move_duplicates_block_after_group_insert	test/e2e/specs/editor/collaboration/manifest/d465f26f6b79-cross-scope-move-duplicates-block-after-group-insert.spec.ts	/Users/danluu/dev/fuzz/gutenberg-rtc-known-fixes-refresh-20260505/fuzz-handoff/distinct-manifest-20260505/results-refresh-http-shard-0/results.jsonl
d49c30442f02	nonrunnable	http	rtc_collaboration_stale_local_autosave_after_remote_save_reload	-	artifacts/rtc-browser-fuzz/mixed-http-ws-supervised-20260502-0007/http-persistence-gen-5-20260503T125437Z/.triage-watcher/signatures/d49c30442f02/STATUS.md
d853dbb76bf7	passed-runnable	websocket	rtc_ws_save_reverts_post_title_and_content_to_stale_snapshot_while_crdt_document_advances	test/e2e/specs/editor/collaboration/manifest/d853dbb76bf7-rtc-ws-save-reverts-post-title-and-content-to-stale-snapshot-while-crdt-document.spec.ts	/Users/danluu/dev/fuzz/gutenberg-rtc-known-fixes-refresh-20260505-ws-3/fuzz-handoff/distinct-manifest-20260505/results-refresh-websocket-shard-3/results.jsonl
d9b18e772b71	passed-runnable	websocket	rtc_stale_previous_local_blocks_group_move_content_smear	test/e2e/specs/editor/collaboration/manifest/d9b18e772b71-rtc-stale-previous-local-blocks-group-move-content-smear.spec.ts	/Users/danluu/dev/fuzz/gutenberg-rtc-known-fixes-refresh-20260505-ws-3/fuzz-handoff/distinct-manifest-20260505/results-refresh-websocket-shard-3/results.jsonl
da9e95b74781	passed-runnable	websocket	rtc_top_level_move_duplicates_block_and_drops_sibling	test/e2e/specs/editor/collaboration/triage-62fcdcbdd427-realistic.spec.ts	/Users/danluu/dev/fuzz/gutenberg-rtc-known-fixes-refresh-20260505-ws-0/fuzz-handoff/distinct-manifest-20260505/results-refresh-websocket-shard-0/results.jsonl
dba7b52d0bc6	nonrunnable	http	rtc_collaboration_delete_desync_after_concurrent_appends	-	artifacts/rtc-browser-fuzz/mixed-http-ws-supervised-20260502-0007/ws-gen-12-20260502T091028Z/.triage-watcher/signatures/dba7b52d0bc6/STATUS.md
dc4c01ff87b0	nonrunnable	http	rtc_table_move_applies_at_wrong_top_level_index_on_peer	-	artifacts/rtc-browser-fuzz/mixed-http-ws-supervised-20260502-0007/ws-gen-12-20260502T091028Z/.triage-watcher/signatures/dc4c01ff87b0/STATUS.md
df385f7115a9	nonrunnable	http	rtc_move_block_divergence_with_lost_and_duplicated_paragraph_after_checkpoint	-	artifacts/rtc-browser-fuzz/mixed-http-ws-supervised-20260502-0007/ws-gen-14-20260502T225744Z/.triage-watcher/signatures/df385f7115a9/STATUS.md
df5bcf8c758e	nonrunnable	http	stale-local top-level remote-insert-then-delete preserves the deleted block on another peer	-	artifacts/rtc-browser-fuzz/mixed-http-ws-supervised-20260502-0007/ws-gen-12-20260502T091028Z/.triage-watcher/signatures/df5bcf8c758e/STATUS.md
e1b81f6e98b9	passed-runnable	http	rtc_checkpoint_save_oscillates_between_corrupted_title_and_empty_content_after_reload	test/e2e/specs/editor/collaboration/triage-952a4411c155-realistic.spec.ts	/Users/danluu/dev/fuzz/gutenberg-rtc-known-fixes-refresh-20260505-http-3/fuzz-handoff/distinct-manifest-20260505/results-refresh-http-shard-3/results.jsonl
e2446c196e23	passed-runnable	websocket	rtc_ws_move_into_group_after_reload_hangs_other_collaborator	test/e2e/specs/editor/collaboration/triage-e2446c196e23-realistic.spec.ts	/Users/danluu/dev/fuzz/gutenberg-rtc-known-fixes-refresh-20260505-ws-1/fuzz-handoff/distinct-manifest-20260505/results-refresh-websocket-shard-1/results.jsonl
e2cda5e9be0c	nonrunnable	http	rtc_revision_restore_reload_stale_sync	-	artifacts/rtc-browser-fuzz/mixed-http-ws-supervised-20260502-0007/http-persistence-gen-2-20260502T083403Z/.triage-watcher/signatures/e2cda5e9be0c/STATUS.md
e2ce526255c8	passed-runnable	http	rtc_http_reload_title_only_divergence	test/e2e/specs/editor/collaboration/triage-4ba23abee72f-realistic.spec.ts	/Users/danluu/dev/fuzz/gutenberg-rtc-known-fixes-refresh-20260505/fuzz-handoff/distinct-manifest-20260505/results-refresh-http-shard-0/results.jsonl
e2e33c526e4a	passed-runnable	websocket	rtc_collaboration_save_reload_move_order_split	test/e2e/specs/editor/collaboration/websocket/triage-e2e33c526e4a-realistic.spec.ts	/Users/danluu/dev/fuzz/gutenberg-rtc-known-fixes-refresh-20260505-ws-3/fuzz-handoff/distinct-manifest-20260505/results-refresh-websocket-shard-3/results.jsonl
e52fa38cd263	passed-runnable	websocket	rtc_stale_local_top_level_move_duplicates_paragraph_after_remote_inserts	test/e2e/specs/editor/collaboration/manifest/e52fa38cd263-rtc-stale-local-top-level-move-duplicates-paragraph-after-remote-inserts.spec.ts	/Users/danluu/dev/fuzz/gutenberg-rtc-known-fixes-refresh-20260505-ws-2/fuzz-handoff/distinct-manifest-20260505/results-refresh-websocket-shard-2/results.jsonl
e5516a565e9a	nonrunnable	http	rtc_quote_retyped_as_paragraph_after_concurrent_insert_and_group_delete	-	artifacts/rtc-browser-fuzz/mixed-http-ws-supervised-20260502-0007/ws-gen-14-20260502T225744Z/.triage-watcher/signatures/e5516a565e9a/STATUS.md
e87fc90859a8	passed-runnable	http	rtc_empty_content_persisted_after_delete_plus_pullquote_edit	test/e2e/specs/editor/collaboration/triage-7f69406e25e7-realistic.spec.ts	/Users/danluu/dev/fuzz/gutenberg-rtc-known-fixes-refresh-20260505-http-3/fuzz-handoff/distinct-manifest-20260505/results-refresh-http-shard-3/results.jsonl
ea13dfed79f8	nonrunnable	http	rtc_table_body_row_loss_after_synthetic_array_update	-	artifacts/rtc-browser-fuzz/mixed-http-ws-supervised-20260502-0007/ws-gen-14-20260502T225744Z/.triage-watcher/signatures/ea13dfed79f8/STATUS.md
ea14e6d2ab27	nonrunnable	http	rtc_rich_text_formatted_paragraph_trailing_tag_corruption	-	artifacts/rtc-browser-fuzz/mixed-http-ws-supervised-20260502-0007/http-gen-2-20260502T071408Z/.triage-watcher/signatures/ea14e6d2ab27/STATUS.md
ec09ca4e7437	passed-runnable	websocket	rtc_stale_snapshot_top_level_reorder_hybrid_adjacent_group_pullquote_corruption	test/e2e/specs/editor/collaboration/triage-ec09ca4e7437-realistic.spec.ts	/Users/danluu/dev/fuzz/gutenberg-rtc-known-fixes-refresh-20260505-ws-1/fuzz-handoff/distinct-manifest-20260505/results-refresh-websocket-shard-1/results.jsonl
ed6758c9a8fd	passed-runnable	websocket	rtc_move_into_group_heading_misparented_subtree	test/e2e/specs/editor/collaboration/websocket/collaboration-triage-ed6758c9a8fd-realistic.spec.ts	/Users/danluu/dev/fuzz/gutenberg-rtc-known-fixes-refresh-20260505-ws-0/fuzz-handoff/distinct-manifest-20260505/results-refresh-websocket-shard-0/results.jsonl
ee52ecf289cc	nonrunnable	http	rtc_pullquote_move_into_group_leaves_stale_top_level_pullquote	-	artifacts/rtc-browser-fuzz/mixed-http-ws-supervised-20260502-0007/ws-gen-14-20260502T225744Z/.triage-watcher/signatures/ee52ecf289cc/STATUS.md
f1f427a47ebb	passed-runnable	websocket	rtc_ws_save_persists_stale_post_content_with_advanced_crdt_document	test/e2e/specs/editor/collaboration/manifest/f1f427a47ebb-rtc-ws-save-persists-stale-post-content-with-advanced-crdt-document.spec.ts	/Users/danluu/dev/fuzz/gutenberg-rtc-known-fixes-refresh-20260505-ws-2/fuzz-handoff/distinct-manifest-20260505/results-refresh-websocket-shard-2/results.jsonl
f1fac222a71c	nonrunnable	websocket	rtc_post_content_loss_after_reload_and_save	-	artifacts/rtc-browser-fuzz/mixed-http-ws-supervised-20260502-0007/ws-gen-14-20260502T225744Z/.triage-watcher/signatures/f1fac222a71c/STATUS.md
f35705ca7a25	nonrunnable	http	rtc_top_level_move_reconciliation_duplicates_inserted_block_and_drops_moved_sibling	-	artifacts/rtc-browser-fuzz/mixed-http-ws-supervised-20260502-0007/ws-gen-12-20260502T091028Z/.triage-watcher/signatures/f35705ca7a25/STATUS.md
f37e2f2e8cc7	nonrunnable	http	rtc_delete_after_fallback_group_insert_leaves_remote_peer_with_extra_top_level_paragraph	-	artifacts/rtc-browser-fuzz/mixed-http-ws-supervised-20260502-0007/ws-gen-14-20260502T225744Z/.triage-watcher/signatures/f37e2f2e8cc7/STATUS.md
f5738470d026	nonrunnable	http	rtc_http_followup_block_update_uploaded_but_not_applied_to_peer	-	artifacts/rtc-browser-fuzz/mixed-http-ws-supervised-20260502-0007/http-persistence-gen-4-20260502T225232Z/.triage-watcher/signatures/f5738470d026/STATUS.md
f659a4bd72c9	passed-runnable	websocket	rtc_ws_top_level_group_move_duplicates_moved_group_and_drops_sibling	test/e2e/specs/editor/collaboration/triage-f659a4bd72c9-realistic.spec.ts	/Users/danluu/dev/fuzz/gutenberg-rtc-known-fixes-refresh-20260505-ws-3/fuzz-handoff/distinct-manifest-20260505/results-refresh-websocket-shard-3/results.jsonl
f757e64d6c68	nonrunnable	websocket	rtc_ws_checkpointed_mixed_block_move_cross_type_attribute_grafting	-	artifacts/rtc-browser-fuzz/mixed-http-ws-supervised-20260502-0007/ws-gen-15-20260503T125422Z/.triage-watcher/signatures/f757e64d6c68/STATUS.md
f8a927efad8c	nonrunnable	websocket	rtc_collab_top_level_table_insert_lost_after_checkpoint_reload	-	artifacts/rtc-browser-fuzz/mixed-http-ws-supervised-20260502-0007/ws-gen-12-20260502T091028Z/.triage-watcher/signatures/f8a927efad8c/STATUS.md
f9b393af36c7	nonrunnable	http	rtc_reload_title_only_divergence_after_programmatic_edit	-	artifacts/rtc-browser-fuzz/mixed-http-ws-supervised-20260502-0007/http-persistence-gen-5-20260503T125437Z/.triage-watcher/signatures/f9b393af36c7/STATUS.md
fa803fd65a91	nonrunnable	websocket	stale_local_reorder_corrupts_top_level_block_identity_after_remote_reorder	-	artifacts/rtc-browser-fuzz/mixed-http-ws-supervised-20260502-0007/ws-gen-14-20260502T225744Z/.triage-watcher/signatures/fa803fd65a91/STATUS.md
fa80f806cfc1	passed-runnable	websocket	rtc_ws_collaborator_reload_stale_persisted_content_and_crdt	test/e2e/specs/editor/collaboration/websocket/collaboration-fa80f806cfc1-realistic.spec.ts	/Users/danluu/dev/fuzz/gutenberg-rtc-known-fixes-refresh-20260505-ws-0/fuzz-handoff/distinct-manifest-20260505/results-refresh-websocket-shard-0/results.jsonl
fc154ebec48c	nonrunnable	http	rtc_collaboration_block_tree_divergence_corrupts_heading_and_hangs_save	-	artifacts/rtc-browser-fuzz/mixed-http-ws-supervised-20260502-0007/ws-gen-15-20260503T125422Z/.triage-watcher/signatures/fc154ebec48c/STATUS.md
fda8d2334e65	nonrunnable	http	rtc-http-polling-delivered-peer-update-not-applied-after-checkpoint-reload	-	artifacts/rtc-browser-fuzz/mixed-http-ws-supervised-20260502-0007/http-persistence-gen-4-20260502T225232Z/.triage-watcher/signatures/fda8d2334e65/STATUS.md
fe052bdae2c9	nonrunnable	http	wp_sync_shared_room_oom	-	artifacts/rtc-browser-fuzz/mixed-http-ws-supervised-20260502-0007/http-persistence-gen-5-20260503T125437Z/.triage-watcher/signatures/fe052bdae2c9/STATUS.md
fe67e654ee5e	nonrunnable	http	rtc_persisted_crdt_document_save_loop_after_save	-	artifacts/rtc-browser-fuzz/mixed-http-ws-supervised-20260502-0007/ws-gen-17-20260504T165737Z/.triage-watcher/signatures/fe67e654ee5e/STATUS.md
